compound	name	formula	charge	n_reactions	offset	abs_offset	mass	eq_uncertainty	heavy_atoms	n_rings	n_arom_atoms	n_conj_bonds	frac_conj	n_stereo	n_rotatable	logp	n_distinct_r1_frags	frag_failures
cpd00755	Hydroxymethylbilane	C40H38N4O17	-8	5	131.0760	131.0760	846.0000	4.5111	61	4	20	36	0.5625	0	27	-8.8367	12	0
cpd03217	Lycopene	C40H56	0	6	49.5280	49.5280	536.0000	5.4505	40	0	0	21	0.5385	0	16	12.9380	26	22
cpd01932	1,2-Naphthalenediol	C10H8O2	0	12	-43.4410	43.4410	160.0000	1.8355	12	2	10	13	1.0000	0	0	2.2510	4	0
cpd01822	Hydroxyquinol	C6H6O3	0	9	-41.3310	41.3310	126.0000	1.5153	9	1	6	9	1.0000	0	0	0.8034	3	0
cpd00291	L-Dopa	C9H11NO4	0	8	-36.2500	36.2500	197.0000	1.0209	14	1	6	10	0.7143	1	3	-1.9993	10	0
cpd00854	Homoprotocatechuate	C8H7O4	-1	5	-34.2270	34.2270	167.0000		12	1	6	10	0.8333	0	2	-0.6098	8	0
cpd00168	2,3-Dihydroxybenzoate	C7H5O4	-1	10	-33.0460	33.0460	153.0000	1.0231	11	1	6	11	1.0000	0	1	-0.5387	7	0
cpd01468	Methylmalonate	C4H4O4	-2	14	-29.9190	29.9190	116.0000	0.3317	8	0	0	4	0.5714	0	2	-2.8777	5	0
cpd02045	1-Hydroxy-2-naphthoate	C11H7O3	-1	6	-29.3660	29.3660	187.0000	1.5324	14	2	10	15	1.0000	0	1	0.9089	8	0
cpd00197	Protocatechuate	C7H5O4	-1	14	-29.2120	29.2120	153.0000	1.0231	11	1	6	11	1.0000	0	1	-0.5387	7	0
cpd00077	Catechol	C6H6O2	0	14	-27.5480	27.5480	110.0000		8	1	6	8	1.0000	0	0	1.0978	3	0
cpd16277	Fructoselysine 6-phosphate	C12H24N2O10P	-1	5	27.2960	27.2960	388.0000	1.2205	25	0	0	2	0.0833	4	14	-7.4224	17	0
cpd00134	Palmitoyl-CoA	C37H62N7O17P3S	-4	18	-26.9850	26.9850	1002.0000		65	3	9	15	0.2239	7	33	1.6180	31	0
cpd00388	Allantoate	C4H7N4O4	-1	12	-25.1700	25.1700	175.0000	1.6937	12	0	0	8	0.7273	0	3	-3.6010	7	0
cpd02357	Dopamine	C8H12NO2	1	11	-25.1060	25.1060	154.0000	1.0431	11	1	6	8	0.7273	0	2	-0.1178	7	0
cpd00426	Homogentisate	C8H7O4	-1	15	-24.9460	24.9460	167.0000	1.0269	12	1	6	10	0.8333	0	2	-0.6098	8	0
cpd02500	Protocatechuatealdehyde	C8H8O3	0	7	-24.7780	24.7780	152.0000	1.0494	11	1	6	8	0.7273	0	2	0.8392	7	0
cpd00577	Tretin M	C20H27O2	-1	8	-24.5020	24.5020	299.0000	2.5111	22	1	0	12	0.5455	0	5	4.2679	16	8
cpd00352	delta1-Piperideine-6-L-carboxylate	C6H8NO2	-1	5	24.4530	24.4530	126.0000	1.2512	9	1	0	2	0.2222	1	1	-0.6404	7	0
cpd00483	3-Hydroxyanthranilate	C7H6NO3	-1	6	-23.7380	23.7380	152.0000		11	1	6	11	1.0000	0	1	-0.6621	9	0
cpd00039	L-Lysine	C6H15N2O2	1	27	22.6740	22.6740	147.0000		10	0	0	2	0.2222	1	5	-3.2410	7	0
cpd03711	2-Hydroxychromene-2-carboxylate	C10H7O4	-1	6	-22.6730	22.6730	191.0000	1.5079	14	2	6	11	0.7333	1	1	-0.4693	11	0
cpd02851	AICAR	C9H13N4O8P	-2	6	22.5990	22.5990	337.0000	1.0843	22	2	5	9	0.3913	4	5	-3.9713	20	0
cpd00441	(CH3)3N	C3H10N	1	7	-22.5390	22.5390	60.0000	0.7141	4	0	0	0	0.0000	0	0	-1.2393	2	0
cpd00214	Palmitate	C16H31O2	-1	13	-22.1830	22.1830	255.0000	0.7141	18	0	0	2	0.1176	0	14	4.2176	5	0
cpd02043	(S)-4-Hydroxymandelate	C8H7O4	-1	5	-22.0500	22.0500	167.0000	0.6436	12	1	6	9	0.7500	1	2	-0.8245	9	0
cpd02884	FAICAR	C10H13N4O9P	-2	5	21.9110	21.9110	365.0000	1.1837	24	2	5	11	0.4400	4	7	-3.9852	21	0
cpd00219	Prephenate	C10H8O6	-2	16	21.3610	21.3610	224.0000	2.4334	16	1	0	6	0.3750	2	4	-3.0813	9	0
cpd00689	Porphobilinogen	C10H13N2O4	-1	7	20.6530	20.6530	225.0000	0.9363	16	1	5	9	0.5625	0	6	-3.2685	11	0
cpd00247	Orotate	C5H3N2O4	-1	9	-20.5970	20.5970	155.0000		11	1	0	9	0.8182	0	1	-2.1828	9	0
cpd02465	tetrahydrodipicolinate	C7H7NO4	-2	11	20.5300	20.5300	169.0000	0.9799	12	1	0	6	0.5000	1	2	-2.5203	7	0
cpd00323	L-Pipecolate	C6H11NO2	0	6	20.5270	20.5270	128.0000	2.0923	9	1	0	2	0.2222	1	1	-2.1478	7	0
cpd00763	4-Maleylacetoacetate	C8H6O6	-2	7	19.8820	19.8820	198.0000	0.6856	14	0	0	8	0.6154	0	6	-3.0392	6	0
cpd01695	Myristoyl-CoA	C35H58N7O17P3S	-4	12	-19.7970	19.7970	974.0000	2.3527	63	3	9	15	0.2308	7	31	0.8378	31	0
cpd00780	Fumarylacetoacetate	C8H6O6	-2	9	19.6850	19.6850	198.0000	0.6856	14	0	0	8	0.6154	0	6	-3.0392	6	0
cpd00343	N-Carbamoyl-L-aspartate	C5H6N2O5	-2	8	-19.0940	19.0940	174.0000	1.1105	12	0	0	7	0.6364	1	4	-4.0868	8	0
cpd00616	Pretyrosine	C10H12NO5	-1	11	19.0190	19.0190	226.0000	2.4314	16	1	0	4	0.2500	3	4	-4.0399	10	0
cpd00332	Mevalonic acid	C6H11O4	-1	11	18.8130	18.8130	147.0000	0.3039	10	0	0	2	0.2222	1	4	-1.7402	8	0
cpd01498	Maleylacetate	C6H4O5	-2	8	18.7920	18.7920	156.0000	0.5018	11	0	0	8	0.8000	0	4	-2.9984	6	0
cpd02298	1F-beta-D-Fructosylsucrose	C18H32O16	0	5	18.7900	18.7900	504.0000		34	3	0	0	0.0000	13	9	-7.5698	8	0
cpd00351	Saccharopine	C11H19N2O6	-1	6	18.2650	18.2650	275.0000	0.9314	19	0	0	6	0.3333	2	11	-6.2709	9	0
cpd00634	Chlorogenate	C16H17O9	-1	9	-17.2390	17.2390	353.0000	2.3219	25	2	6	15	0.5769	4	4	-1.9806	16	0
cpd00479	Gentisate	C7H5O4	-1	7	-17.1990	17.1990	153.0000	1.0231	11	1	6	11	1.0000	0	1	-0.5387	7	0
cpd00270	Caffeoyl-CoA	C30H38N7O19P3S	-4	22	-16.8900	16.8900	926.0000	2.2775	60	4	15	27	0.4286	7	21	-2.7387	37	0
cpd01501	2-Methylcitrate	C7H7O7	-3	10	-16.5040	16.5040	203.0000		14	0	0	6	0.4615	2	5	-5.0066	8	0
cpd00504	LL-2,6-Diaminopimelate	C7H14N2O4	0	6	16.4350	16.4350	190.0000	0.7114	13	0	0	4	0.3333	2	6	-5.1225	6	0
cpd00919	Homocitrate	C7H7O7	-3	5	-16.3910	16.3910	203.0000		14	0	0	6	0.4615	1	6	-4.8625	6	0
cpd00516	meso-2,6-Diaminopimelate	C7H14N2O4	0	5	16.2180	16.2180	190.0000	0.7114	13	0	0	4	0.3333	2	6	-5.1225	7	0
cpd00667	11-cis-Retinol	C20H30O	0	5	-16.1310	16.1310	286.0000	2.5338	21	1	0	9	0.4286	0	5	5.5103	15	8
cpd19486	16-Hydroxypalmitate	C16H31O3	-1	5	-16.0570	16.0570	272.0000	1.2517	19	0	0	2	0.1111	0	15	3.1900	6	0
cpd03130	(2E)-Octenoyl-CoA	C29H44N7O17P3S	-4	8	16.0070	16.0070	888.0000		57	3	9	18	0.3051	7	24	-1.7268	33	0
cpd02730	3-Deoxy-D-manno-octulosonate8-phosphate	C8H12O11P	-3	6	-15.9330	15.9330	316.0000	0.4363	20	1	0	2	0.1000	5	5	-5.8582	14	0
cpd04654	Caffeine	C8H10N4O2	0	6	-15.6700	15.6700	194.0000	1.2160	14	2	9	12	0.8000	0	0	-1.0293	9	0
cpd00282	S-Dihydroorotate	C5H5N2O4	-1	12	-14.8440	14.8440	157.0000	1.2088	11	1	0	7	0.6364	1	1	-2.6656	8	0
cpd03120	(S)-Hydroxyoctanoyl-CoA	C29H46N7O18P3S	-4	6	14.8040	14.8040	906.0000		58	3	9	15	0.2500	8	25	-2.5320	31	0
cpd03113	(S)-3-Hydroxyhexadecanoyl-CoA	C37H62N7O18P3S	-4	6	-14.7790	14.7790	1018.0000		66	3	9	15	0.2206	8	33	0.5888	31	0
cpd02503	3-Hydroxyisobutyryl-CoA	C25H38N7O18P3S	-4	5	14.6360	14.6360	850.0000	1.8840	54	3	9	15	0.2679	8	21	-4.2349	32	0
cpd03119	3-Oxodecanoyl-CoA	C31H48N7O18P3S	-4	6	14.4620	14.4620	932.0000	2.1482	60	3	9	15	0.2419	7	27	-1.5436	32	0
cpd00465	Ureidoglycolate	C3H5N2O4	-1	14	-14.2510	14.2510	133.0000	0.8938	9	0	0	5	0.6250	1	2	-3.2770	8	0
cpd00378	Formamide	CH3NO	0	6	-14.1380	14.1380	45.0000	1.7588	3	0	0	2	1.0000	0	0	-0.8985	3	0
cpd00337	Hydrouracil	C4H6N2O2	0	6	14.0860	14.0860	114.0000	0.7919	8	1	0	5	0.6250	0	0	-0.7841	6	0
cpd00875	KDO	C8H13O8	-1	5	-14.0690	14.0690	237.0000		16	0	0	4	0.2667	4	7	-4.8686	9	0
cpd00876	3-Hydroxyisobutyrate	C4H7O3	-1	7	14.0350	14.0350	103.0000	0.3180	7	0	0	2	0.3333	1	2	-1.6353	7	0
cpd01011	Butanal	C4H8O	0	6	14.0200	14.0200	72.0000	0.5848	5	0	0	0	0.0000	0	2	0.9854	4	0
cpd00405	Hexadecanal	C16H32O	0	9	-14.0110	14.0110	240.0000	1.3268	17	0	0	0	0.0000	0	14	5.6666	4	0
cpd00623	Sphinganine	C18H40NO2	1	8	-13.6170	13.6170	302.0000		21	0	0	0	0.0000	2	16	3.4314	7	0
cpd03480	2-Hydroxyphenylacetate	C8H7O3	-1	8	-13.5970	13.5970	151.0000	0.6497	11	1	6	9	0.8182	0	2	-0.3154	8	0
cpd03126	(2E)-Hexadecenoyl-CoA	C37H60N7O17P3S	-4	8	-13.5720	13.5720	1000.0000		65	3	9	18	0.2687	7	32	1.3940	33	0
cpd07322	5-O-Caffeoylshikimic acid	C16H15O8	-1	8	-13.5400	13.5400	335.0000	2.1874	24	2	6	17	0.6800	3	4	-1.1754	16	0
cpd01879	3-Dehydrosphinganine	C18H38NO2	1	8	-13.3490	13.3490	300.0000	1.3341	21	0	0	0	0.0000	1	16	3.6396	8	0
cpd00287	3-Oxo-2-methylpropanoate	C4H5O3	-1	17	13.0660	13.0660	101.0000	0.3180	7	0	0	2	0.3333	1	2	-1.4287	6	0
cpd00179	Maltose	C12H22O11	0	16	12.8980	12.8980	342.0000	0.4153	23	2	0	0	0.0000	10	4	-5.3972	8	0
cpd04653	Theobromine	C7H8N4O2	0	6	-12.7990	12.7990	180.0000	0.9551	13	2	9	12	0.8571	0	0	-1.0397	10	0
cpd00717	Aromadendrin	C15H12O6	0	7	12.6560	12.6560	288.0000	2.6937	21	3	12	18	0.7826	2	1	1.4807	12	0
cpd00415	Quinol	C6H6O2	0	10	-12.6480	12.6480	110.0000		8	1	6	8	1.0000	0	0	1.0978	3	0
cpd00053	L-Glutamine	C5H10N2O3	0	38	-12.6020	12.6020	146.0000		10	0	0	4	0.4444	1	4	-3.3877	8	0
cpd03503	Resivit	C15H14O7	0	5	-12.5870	12.5870	306.0000	3.1331	22	3	12	17	0.7083	3	1	1.0370	11	0
cpd03121	3-Oxooctanoyl-CoA	C29H44N7O18P3S	-4	6	12.4820	12.4820	904.0000	2.0679	58	3	9	15	0.2500	7	25	-2.3238	32	0
cpd00073	Urea	CH4N2O	0	29	-12.4090	12.4090	60.0000		4	0	0	3	1.0000	0	0	-0.9762	3	0
cpd00183	Sarcosine	C3H7NO2	0	5	-12.4010	12.4010	89.0000	1.0631	6	0	0	2	0.4000	0	2	-3.0705	6	0
cpd08984	5-Hydroxyconiferaldehyde	C10H10O4	0	5	-12.2770	12.2770	194.0000	1.4529	14	1	6	13	0.9286	0	3	1.3185	10	0
cpd00304	Retinal	C20H28O	0	17	-12.2380	12.2380	284.0000	2.7614	21	1	0	11	0.5238	0	5	5.7169	15	8
cpd00132	L-Asparagine	C4H8N2O3	0	10	-12.2270	12.2270	132.0000		9	0	0	4	0.5000	1	3	-3.7778	8	0
cpd03529	N4-Acetylaminobutanal	C6H11NO2	0	8	12.1220	12.1220	129.0000	0.5000	9	0	0	2	0.2500	0	4	0.1016	7	0
cpd01420	beta-Carotene	C40H56	0	10	-12.0800	12.0800	536.0000	5.3550	40	2	0	21	0.5122	0	10	12.6058	23	18
cpd00695	2-Oxoglutaramate	C5H6NO4	-1	12	-12.0370	12.0370	144.0000		10	0	0	6	0.6667	0	4	-2.4291	7	0
cpd00489	4-Hydroxyphenylacetate	C8H7O3	-1	11	-12.0310	12.0310	151.0000	0.6497	11	1	6	9	0.8182	0	2	-0.3154	8	0
cpd03332	p-Coumaraldehyde	C9H8O2	0	5	11.9620	11.9620	148.0000		11	1	6	11	1.0000	0	2	1.6043	8	0
cpd00307	Cytosine	C4H5N3O	0	7	-11.7250	11.7250	111.0000		8	1	6	8	1.0000	0	0	-0.6479	8	0
cpd03187	Oxalosuccinate	C6H3O7	-3	11	-11.7020	11.7020	187.0000	0.5602	13	0	0	8	0.6667	1	5	-5.1885	6	0
cpd00137	Citrate	C6H5O7	-3	19	-11.6980	11.6980	189.0000	0.2781	13	0	0	6	0.5000	0	5	-5.2526	6	0
cpd00186	D-Glutamate	C5H8NO4	-1	11	-11.6950	11.6950	146.0000	0.6032	10	0	0	4	0.4444	1	4	-4.1231	6	0
cpd00663	Acrylyl-CoA	C24H34N7O17P3S	-4	12	11.6750	11.6750	818.0000		52	3	9	18	0.3333	7	20	-3.6773	33	0
cpd03123	3-Oxohexanoyl-CoA	C27H40N7O18P3S	-4	6	11.6500	11.6500	876.0000		56	3	9	15	0.2586	7	23	-3.1040	32	0
cpd02305	HPL	C9H9O4	-1	5	-11.6320	11.6320	181.0000	0.6501	13	1	6	9	0.6923	1	3	-0.9545	10	0
cpd00264	Spermidine	C7H22N3	3	13	11.6300	11.6300	148.0000	1.5003	10	0	0	0	0.0000	0	7	-2.7961	5	0
cpd00262	Oxalyl-CoA	C23H31N7O19P3S	-5	5	-11.5990	11.5990	835.0000	1.9278	53	3	9	19	0.3455	7	19	-6.1134	33	0
cpd00477	N-Acetyl-L-glutamate	C7H9NO5	-2	5	-11.5780	11.5780	187.0000	0.7654	13	0	0	6	0.5000	1	5	-3.2289	8	0
cpd00365	Retinol	C20H30O	0	10	-11.4800	11.4800	286.0000	2.7624	21	1	0	9	0.4286	0	5	5.5103	15	8
cpd00456	3-Hydroxybenzoate	C7H5O3	-1	8	-11.4610	11.4610	137.0000	0.6424	10	1	6	10	1.0000	0	1	-0.2443	7	0
cpd00051	L-Arginine	C6H15N4O2	1	42	-11.4000	11.4000	175.0000		12	0	0	5	0.4545	1	5	-5.2096	11	0
cpd02125	Tiglyl-CoA	C26H38N7O17P3S	-4	5	11.3620	11.3620	846.0000	2.1172	54	3	9	18	0.3214	7	20	-2.8971	33	0
cpd01964	3-Hydroxybenzaldehyde	C7H6O2	0	5	-11.2340	11.2340	122.0000	0.7461	9	1	6	9	1.0000	0	1	1.2047	6	0
cpd00320	D-Aspartate	C4H6NO4	-1	5	-11.0900	11.0900	132.0000	0.3668	9	0	0	4	0.5000	1	3	-4.5132	6	0
cpd00486	Indoleacetaldehyde	C10H9NO	0	13	11.0400	11.0400	159.0000	1.0232	12	2	9	10	0.7692	0	2	1.9093	9	0
cpd19030	(R)-2,3-Dihydroxy-3-methylbutanoate	C5H9O4	-1	7	-11.0180	11.0180	134.0000	0.3805	9	0	0	2	0.2500	1	2	-2.1319	7	0
cpd02597	cis-2-Methylaconitate	C7H5O6	-3	9	-10.9990	10.9990	185.0000	0.7894	13	0	0	9	0.7500	0	4	-4.0573	6	0
cpd02691	2-methyl-3-hydroxy-butyryl-CoA	C26H40N7O18P3S	-4	8	10.9520	10.9520	864.0000		55	3	9	15	0.2632	9	21	-3.8464	32	0
cpd01722	p-Coumaryl alcohol	C9H10O2	0	5	10.8790	10.8790	150.0000	0.7437	11	1	6	9	0.8182	0	2	1.3977	8	0
cpd03845	beta-Cellobiose	C12H22O11	0	7	10.8700	10.8700	342.0000	0.5098	23	2	0	0	0.0000	10	4	-5.3972	7	0
cpd11255	1,2-dihydroxy-3-keto-5-methylthiopentene	C6H10O3S	0	6	10.6150	10.6150	161.0000		10	0	0	3	0.3333	0	5	-0.1300	8	0
cpd02103	N2-Succinyl-L-arginine	C10H17N4O5	-1	8	-10.5660	10.5660	273.0000	1.3931	19	0	0	9	0.5000	1	9	-5.8052	11	0
cpd00260	Isocitrate	C6H5O7	-3	24	-10.3480	10.3480	189.0000	0.2794	13	0	0	6	0.5000	2	5	-5.3967	7	0
cpd02120	Dihydrodipicolinate	C7H5NO4	-2	6	10.2990	10.2990	167.0000		12	1	0	8	0.6667	1	2	-2.7443	9	0
cpd09576	Paraxanthine	C7H8N4O2	0	5	-10.2720	10.2720	180.0000	0.9551	13	2	9	12	0.8571	0	0	-1.0397	10	0
cpd02812	D-erythro-Isocitric acid	C6H5O7	-3	8	-10.2350	10.2350	189.0000	0.4890	13	0	0	6	0.5000	2	5	-5.3967	7	0
cpd01059	Ferulate	C10H9O4	-1	6	-10.2320	10.2320	193.0000	1.1321	14	1	6	13	0.9286	0	3	0.1639	11	0
cpd01693	6-Phosphosucrose	C12H21O14P	-2	5	10.2180	10.2180	421.0000	0.6277	27	2	0	0	0.0000	9	7	-6.5426	12	0
cpd00041	L-Aspartate	C4H6NO4	-1	45	-10.2080	10.2080	132.0000		9	0	0	4	0.5000	1	3	-4.5132	6	0
cpd03709	Salicylaldehyde	C7H6O2	0	8	-10.1820	10.1820	122.0000	0.6718	9	1	6	9	1.0000	0	1	1.2047	6	0
cpd00158	CELB	C12H22O11	0	9	10.1700	10.1700	342.0000	0.5385	23	2	0	0	0.0000	10	4	-5.3972	8	0
cpd00180	Oxalate	C2O4	-2	8	-10.1330	10.1330	88.0000	0.7141	6	0	0	5	1.0000	0	0	-3.5138	3	0
cpd03129	(2E)-Decenoyl-CoA	C31H48N7O17P3S	-4	8	10.1320	10.1320	916.0000		59	3	9	18	0.2951	7	26	-0.9466	33	0
cpd01135	Taxifolin	C15H12O7	0	7	-10.0660	10.0660	304.0000	3.1521	22	3	12	19	0.7917	2	1	1.1863	12	0
cpd00422	Cinnamoyl-CoA	C30H38N7O17P3S	-4	5	10.0370	10.0370	894.0000		58	4	15	25	0.4098	7	21	-2.1499	35	0
cpd00398	Naringenin	C15H12O5	0	5	9.9970	9.9970	272.0000	2.6873	20	3	12	18	0.8182	1	1	2.5099	11	0
cpd00599	SALC	C7H5O3	-1	15	-9.9770	9.9770	137.0000	0.6424	10	1	6	10	1.0000	0	1	-0.2443	7	0
cpd00023	L-Glutamate	C5H8NO4	-1	199	-9.9670	9.9670	146.0000		10	0	0	4	0.4444	1	4	-4.1231	6	0
cpd00146	Carbamoylphosphate	CH2NO5P	-2	11	-9.9140	9.9140	140.0000	0.7111	8	0	0	3	0.4286	0	1	-2.0896	7	0
cpd00353	D-threo-Isocitric acid	C6H5O7	-3	21	-9.8450	9.8450	189.0000	0.4890	13	0	0	6	0.5000	2	5	-5.3967	7	0
cpd00699	5-Dehydroquinate	C7H9O6	-1	10	-9.8000	9.8000	189.0000	1.4710	13	1	0	2	0.1538	3	1	-3.4479	8	0
cpd00565	Coniferin	C16H22O8	0	5	9.7100	9.7100	342.0000	1.8173	24	2	6	10	0.4000	5	6	-1.1206	13	0
cpd01260	Lauroyl-CoA	C33H54N7O17P3S	-4	12	-9.6640	9.6640	946.0000		61	3	9	15	0.2381	7	29	0.0576	31	0
cpd03333	Sinapaldehyde	C11H12O4	0	5	9.6190	9.6190	208.0000	1.8814	15	1	6	13	0.8667	0	4	1.6215	10	0
cpd00127	Phenol	C6H6O	0	7	-9.5440	9.5440	94.0000		7	1	6	7	1.0000	0	0	1.3922	3	0
cpd02124	2-Methylacetoacetyl-CoA	C26H38N7O18P3S	-4	6	9.5340	9.5340	862.0000	2.0086	55	3	9	15	0.2632	8	21	-3.6382	33	0
cpd00078	Succinyl-CoA	C25H35N7O19P3S	-5	33	-9.5250	9.5250	863.0000		55	3	9	17	0.2982	7	22	-5.3332	33	0
cpd01419	Ureidoglycine	C3H7N3O3	0	5	-9.5020	9.5020	133.0000	0.8903	9	0	0	5	0.6250	1	2	-4.0274	8	0
cpd02569	2-Oxo-3-hydroxyisovalerate	C5H7O4	-1	9	-9.4430	9.4430	131.0000	0.4102	9	0	0	4	0.5000	0	2	-1.9237	7	0
cpd09804	2-Naphthoic acid	C11H7O2	-1	5	-9.4390	9.4390	171.0000	1.3556	13	2	10	14	1.0000	0	1	1.2033	6	0
cpd00425	(CH3)2NH	C2H8N	1	6	-9.3860	9.3860	46.0000	0.7141	3	0	0	0	0.0000	0	0	-1.1906	2	0
cpd00794	TRHL	C12H22O11	0	17	9.3050	9.3050	342.0000	0.3534	23	2	0	0	0.0000	10	4	-5.3972	7	0
cpd00274	Citrulline	C6H13N3O3	0	18	-9.2820	9.2820	175.0000	1.0619	12	0	0	5	0.4545	1	5	-3.2047	10	0
cpd03114	3-Oxopalmitoyl-CoA	C37H60N7O18P3S	-4	6	-9.2500	9.2500	1016.0000		66	3	9	15	0.2206	7	33	0.7970	32	0
cpd03125	(2E)-Hexenoyl-CoA	C27H40N7O17P3S	-4	8	9.1930	9.1930	860.0000		55	3	9	18	0.3158	7	22	-2.5070	33	0
cpd03844	alpha-Cellobiose	C12H22O11	0	5	9.1400	9.1400	342.0000	0.5385	23	2	0	0	0.0000	10	4	-5.3972	8	0
cpd00093	Anthranilate	C7H6NO2	-1	19	-9.0980	9.0980	136.0000	0.6949	10	1	6	10	1.0000	0	1	-0.3677	7	0
cpd00331	cis-Aconitate	C6H3O6	-3	18	-9.0650	9.0650	171.0000	0.3750	12	0	0	9	0.8182	0	4	-4.4474	6	0
cpd00070	Malonyl-CoA	C24H33N7O19P3S	-5	50	-9.0060	9.0060	849.0000	1.8438	54	3	9	17	0.3036	7	21	-5.7233	33	0
cpd00373	Sinapate	C11H11O5	-1	6	-8.9950	8.9950	223.0000	1.9385	16	1	6	14	0.8750	0	4	0.1725	11	0
cpd03118	(S)-Hydroxydecanoyl-CoA	C31H50N7O18P3S	-4	6	8.9300	8.9300	934.0000		60	3	9	15	0.2419	8	27	-1.7518	31	0
cpd15073	3-Methylxanthine	C6H6N4O2	0	6	-8.7340	8.7340	166.0000		12	2	9	12	0.9231	0	0	-0.2739	9	0
cpd00178	Acetone	C3H6O	0	6	8.7240	8.7240	58.0000	0.5106	4	0	0	0	0.0000	0	0	0.5953	3	0
cpd00428	2-Oxopropanal	C3H4O2	0	23	8.6690	8.6690	72.0000	0.4198	5	0	0	3	0.7500	0	1	-0.2257	4	0
cpd01123	Maleamate	C4H4NO3	-1	6	8.5410	8.5410	114.0000	0.5252	8	0	0	7	1.0000	0	2	-2.2222	6	0
cpd00778	2,5-Dihydroxypyridine	C5H5NO2	0	6	-8.5410	8.5410	111.0000	0.8732	8	1	6	8	1.0000	0	0	0.0805	7	0
cpd00076	Sucrose	C12H22O11	0	32	8.4850	8.4850	342.0000	0.3618	23	2	0	0	0.0000	9	5	-5.3956	8	0
cpd03526	N-Succinyl-L-glutamate 5-semialdehyde	C9H11NO6	-2	6	-8.4590	8.4590	229.0000	0.6064	16	0	0	6	0.4000	1	8	-3.2697	8	0
cpd02799	Methylisocitrate	C7H7O7	-3	8	-8.4540	8.4540	203.0000	0.5276	14	0	0	6	0.4615	2	5	-5.0066	8	0
cpd02024	Phosphonoacetaldehyde	C2H4O4P	-1	5	-8.4290	8.4290	122.0000	1.7395	7	0	0	0	0.0000	1	2	-1.2690	7	0
cpd03375	3-Hydroxypropanoyl-CoA	C24H36N7O18P3S	-4	8	8.3840	8.3840	836.0000	1.8411	53	3	9	15	0.2727	7	21	-4.4809	31	0
cpd00106	Fumarate	C4H2O4	-2	34	-8.3830	8.3830	114.0000		8	0	0	7	1.0000	0	2	-2.9576	4	0
cpd01716	3-Dehydroshikimate	C7H7O5	-1	8	-8.3800	8.3800	171.0000		12	1	0	6	0.5000	2	1	-2.6427	9	0
cpd00130	L-Malate	C4H4O5	-2	35	-8.2920	8.2920	132.0000		9	0	0	4	0.5000	1	3	-3.7628	6	0
cpd02625	3-Hydroxy-L-1-pyrroline-5-carboxylate	C5H6NO3	-1	14	8.2190	8.2190	128.0000	1.2254	9	1	0	2	0.2222	2	1	-2.0597	9	0
cpd03105	Acetol	C3H6O2	0	5	8.2180	8.2180	74.0000	0.1611	5	0	0	0	0.0000	0	1	-0.4323	5	0
cpd02498	2,3-Dihydroxy-isovalerate	C5H9O4	-1	9	-8.1520	8.1520	133.0000	0.3805	9	0	0	2	0.2500	1	2	-2.1319	7	0
cpd00361	ACTN	C4H8O2	0	8	8.1220	8.1220	88.0000	0.2998	6	0	0	0	0.0000	1	1	-0.0438	5	0
cpd01646	2-Isopropylmalate	C7H10O5	-2	6	-8.0260	8.0260	174.0000	0.4733	12	0	0	4	0.3636	1	4	-2.7366	8	0
cpd00458	Coniferol	C10H12O3	0	10	8.0210	8.0210	180.0000	1.1733	13	1	6	10	0.7692	0	3	1.4063	9	0
cpd00026	UDP-glucose	C15H22N2O17P2	-2	7	7.9860	7.9860	564.0000		36	3	6	8	0.2105	11	9	-6.0577	20	0
cpd00434	4-Aminobutanal	C4H10NO	1	16	7.7100	7.7100	88.0000	0.3922	6	0	0	0	0.0000	0	3	-0.7926	5	0
cpd00867	Inositol 1-phosphate	C6H11O9P	-2	5	-7.5640	7.5640	259.0000	1.7735	16	1	0	0	0.0000	6	2	-4.9816	7	0
cpd03122	(S)-Hydroxyhexanoyl-CoA	C27H42N7O18P3S	-4	6	7.5630	7.5630	878.0000		56	3	9	15	0.2586	8	23	-3.3122	31	0
cpd03128	Decanoyl-CoA	C31H50N7O17P3S	-4	8	-7.5420	7.5420	918.0000		59	3	9	15	0.2459	7	27	-0.7226	31	0
cpd00136	4-Hydroxybenzoate	C7H5O3	-1	17	-7.4480	7.4480	137.0000	0.6424	10	1	6	10	1.0000	0	1	-0.2443	7	0
cpd03530	L-4-Hydroxyglutamatesemialdehyde	C5H9NO4	0	6	7.4460	7.4460	147.0000	0.3280	10	0	0	2	0.2222	2	4	-3.7033	9	0
cpd08289	1-deoxy-D-xylulose5-phosphate	C5H9O7P	-2	5	7.3820	7.3820	213.0000	0.2958	13	0	0	0	0.0000	2	5	-2.8575	10	0
cpd00873	Nicotinate ribonucleotide	C11H12NO9P	-2	7	7.3640	7.3640	334.0000	0.9360	22	2	6	9	0.3913	4	5	-4.1979	18	0
cpd03470	Iminoaspartate	C4H4NO4	-1	6	-7.3270	7.3270	129.0000		9	0	0	7	0.8750	0	2	-4.3880	6	0
cpd01890	4-Coumaroylshikimate	C16H15O7	-1	7	7.2740	7.2740	319.0000	1.8472	23	2	6	16	0.6667	3	4	-0.8810	17	0
cpd01758	N-Acetylputrescine	C6H15N2O	1	9	7.1190	7.1190	131.0000	0.7320	9	0	0	2	0.2500	0	4	-0.8554	8	0
cpd04073	Vanillate	C8H7O4	-1	8	-7.1170	7.1170	167.0000	1.0859	12	1	6	11	0.9167	0	2	-0.2357	9	0
cpd00738	phosphoserine	C3H6NO6P	-2	7	-7.1130	7.1130	184.0000	0.2722	11	0	0	2	0.2000	1	4	-4.8079	10	0
cpd03710	trans-O-Hydroxybenzylidenepyruvate	C10H7O4	-1	7	-7.1120	7.1120	191.0000	0.8352	14	1	6	14	1.0000	0	3	-0.2756	10	0
cpd00891	L-methylmalonyl-CoA	C25H35N7O19P3S	-5	11	-7.1050	7.1050	863.0000	1.9594	55	3	9	17	0.2982	8	21	-5.4773	34	0
cpd09879	S-(Hydroxymethyl)glutathione	C11H18N3O7S	-1	6	7.0750	7.0750	336.0000	1.2399	22	0	0	8	0.3810	2	11	-5.8391	14	0
cpd00759	S-Formylglutathione	C11H16N3O7S	-1	6	-7.0750	7.0750	334.0000	1.5446	22	0	0	8	0.3810	2	11	-5.5987	13	0
cpd00036	Succinate	C4H4O4	-2	101	-7.0610	7.0610	116.0000	0.4508	8	0	0	4	0.5714	0	3	-2.7336	4	0
cpd00508	3MOP	C6H9O3	-1	22	7.0610	7.0610	129.0000		9	0	0	4	0.5000	1	3	-0.6485	7	0
cpd00324	MTTL	CH4S	0	9	-6.9980	6.9980	48.0000	0.8423	2	0	0	0	0.0000	0	0	0.5460	1	0
cpd03597	Tyrosol	C8H10O2	0	5	-6.9380	6.9380	138.0000	0.6604	10	1	6	7	0.7000	0	2	0.9270	7	0
cpd19008	(R)-Acetoin	C4H8O2	0	9	6.9220	6.9220	88.0000	0.3982	6	0	0	0	0.0000	1	1	-0.0438	5	0
cpd00016	Pyridoxal phosphate	C8H8NO6P	-2	16	6.9070	6.9070	246.0000	0.9332	16	1	6	9	0.5625	0	4	-0.7466	15	0
cpd01092	Allantoin	C4H6N4O3	0	7	-6.8760	6.8760	158.0000		11	1	0	8	0.7273	1	1	-2.1798	7	0
cpd00024	2-Oxoglutarate	C5H4O5	-2	249	-6.8680	6.8680	144.0000	0.3178	10	0	0	6	0.6667	0	4	-3.1645	5	0
cpd00065	L-Tryptophan	C11H12N2O2	0	22	-6.8660	6.8660	204.0000		15	2	9	12	0.7500	1	3	-0.9292	12	0
cpd00519	D-methylmalonyl-CoA	C25H35N7O19P3S	-5	5	-6.8630	6.8630	863.0000		55	3	9	17	0.2982	8	21	-5.4773	34	0
cpd00129	L-Proline	C5H9NO2	0	14	6.8280	6.8280	114.0000	1.3392	8	1	0	2	0.2500	1	1	-2.5379	7	0
cpd01675	Methylmalonyl-CoA	C25H35N7O19P3S	-5	6	-6.7530	6.7530	863.0000	2.0722	55	3	9	17	0.2982	8	21	-5.4773	34	0
cpd00453	1,2-Propanediol	C3H8O2	0	5	6.7460	6.7460	76.0000	0.4501	5	0	0	0	0.0000	1	1	-0.6405	4	0
cpd00010	CoA	C21H32N7O16P3S	-4	447	-6.7290	6.7290	764.0000	1.8691	48	3	9	15	0.3000	7	18	-4.1933	30	0
cpd00156	L-Valine	C5H11NO2	0	12	-6.6920	6.6920	117.0000		8	0	0	2	0.2857	1	2	-1.9972	7	0
cpd01733	Ferulaldehyde	C10H10O3	0	9	6.6470	6.6470	178.0000	1.1733	13	1	6	12	0.9231	0	3	1.6129	10	0
cpd03161	Phenethylamine	C8H12N	1	6	6.6250	6.6250	122.0000	0.6840	9	1	6	6	0.6667	0	2	0.4710	5	0
cpd00371	Propanal	C3H6O	0	7	6.5600	6.5600	58.0000	0.2004	4	0	0	0	0.0000	0	1	0.5953	4	0
cpd00382	Melitose	C18H32O16	0	19	6.5220	6.5220	504.0000		34	3	0	0	0.0000	14	8	-7.5714	8	0
cpd00239	H2S	HS	-1	10	-6.5130	6.5130	34.0000		1	0	0	0	0.0000	0	0	-0.2701	1	0
cpd19042	L-erythro-4-Hydroxyglutamate	C5H8NO5	-1	11	-6.4940	6.4940	163.0000	0.3731	11	0	0	4	0.4000	2	4	-5.1523	8	0
cpd00464	alpha-Tolualdehyde	C8H8O	0	15	6.4870	6.4870	120.0000	0.6371	9	1	6	6	0.6667	0	2	1.4280	5	0
cpd00550	D-Serine	C3H7NO3	0	7	-6.3860	6.3860	105.0000	0.6640	7	0	0	2	0.3333	1	2	-3.6609	7	0
cpd00579	Serotonin	C10H13N2O	1	6	-6.3560	6.3560	177.0000		13	2	9	11	0.7857	0	2	0.6579	11	0
cpd02160	N2-Succinyl-L-ornithine	C9H15N2O5	-1	9	-6.2380	6.2380	231.0000	0.7007	16	0	0	6	0.4000	1	8	-4.2267	9	0
cpd00604	4-Coumarate	C9H7O3	-1	8	-6.1900	6.1900	163.0000		12	1	6	12	1.0000	0	2	0.1553	9	0
cpd00117	D-Alanine	C3H7NO2	0	17	-6.1320	6.1320	89.0000	0.3719	6	0	0	2	0.4000	1	1	-2.6333	6	0
cpd00869	4-methylthio 2-oxobutyrate	C5H7O3S	-1	10	6.1190	6.1190	147.0000		9	0	0	4	0.5000	0	4	-0.9415	8	0
cpd00032	Oxaloacetate	C4H2O5	-2	66	-6.0710	6.0710	130.0000	0.2566	9	0	0	6	0.7500	0	3	-3.5546	5	0
cpd14659	L-Galactonate	C6H11O7	-1	5	-6.0540	6.0540	195.0000	0.3273	13	0	0	2	0.1667	4	5	-4.8278	7	0
cpd01504	3-Aminopropanal	C3H8NO	1	16	6.0310	6.0310	74.0000		5	0	0	0	0.0000	0	2	-1.1827	5	0
cpd00693	D-Lactaldehyde	C3H6O2	0	8	5.9000	5.9000	74.0000	0.1724	5	0	0	0	0.0000	1	1	-0.4339	5	0
cpd00119	L-Histidine	C6H9N3O2	0	11	-5.8720	5.8720	155.0000	0.9763	11	1	5	7	0.6364	1	3	-2.6874	11	0
cpd00187	Methanamine	CH6N	1	14	-5.8580	5.8580	32.0000	0.7141	2	0	0	0	0.0000	0	0	-1.1419	1	0
cpd00100	Glycerol	C3H8O3	0	23	5.8360	5.8360	92.0000		6	0	0	0	0.0000	0	2	-1.6681	3	0
cpd19047	(S)-2-Acetolactate	C5H7O4	-1	10	-5.8290	5.8290	132.0000	0.4102	9	0	0	2	0.2500	1	2	-1.9237	7	0
cpd00652	D-Mucic acid	C6H8O8	-2	10	-5.8070	5.8070	208.0000	0.4033	14	0	0	4	0.3077	4	5	-6.0702	6	0
cpd01157	Chitobiose	C16H28N2O11	0	6	5.7830	5.7830	424.0000		29	2	0	4	0.1333	10	6	-5.1096	14	0
cpd04385	Acetophenone	C8H8O	0	8	-5.7610	5.7610	120.0000	0.6447	9	1	6	8	0.8889	0	1	1.8892	5	0
cpd04386	Benzoyl acetate	C9H7O3	-1	5	5.7610	5.7610	163.0000	0.6468	12	1	6	10	0.8333	0	3	0.0093	7	0
cpd00918	2-Acetamido-5-oxopentanoate	C7H10NO4	-1	6	-5.7330	5.7330	172.0000	0.4896	12	0	0	4	0.3636	1	5	-1.7799	9	0
cpd00400	Acrylate	C3H3O2	-1	7	5.6990	5.6990	71.0000	0.3913	5	0	0	4	1.0000	0	1	-1.0777	5	0
cpd02693	3-Isopropylmalate	C7H10O5	-2	7	5.6870	5.6870	174.0000	0.4670	12	0	0	4	0.3636	2	4	-2.8807	8	0
cpd00292	HMG-CoA	C27H39N7O20P3S	-5	21	5.6760	5.6760	907.0000	1.9170	58	3	9	17	0.2833	8	23	-5.5822	34	0
cpd01150	Acrylamide	C3H5NO	0	5	5.6390	5.6390	71.0000	0.5874	5	0	0	4	1.0000	0	1	-0.3423	5	0
cpd00668	ALCTT	C5H7O4	-1	8	-5.6090	5.6090	131.0000	0.4102	9	0	0	2	0.2500	1	2	-1.9237	7	0
cpd00448	D-Glyceraldehyde	C3H6O3	0	17	5.5970	5.5970	90.0000	0.3311	6	0	0	0	0.0000	1	2	-1.4615	5	0
cpd00540	BET	C5H11NO2	0	10	-5.5630	5.5630	117.0000	23900.5737	8	0	0	2	0.2857	0	2	-1.5575	6	0
cpd30321	beta-D-Fructose	C6H12O6	0	6	-5.5480	5.5480	180.0000	0.2993	12	1	0	0	0.0000	4	2	-3.2198	6	0
cpd00123	3-Methyl-2-oxobutanoate	C5H7O3	-1	26	-5.5250	5.5250	115.0000	0.3645	8	0	0	4	0.5714	0	2	-1.0386	6	0
cpd00523	Trehalose 6-phosphate	C12H21O14P	-2	8	5.5020	5.5020	421.0000	0.5245	27	2	0	0	0.0000	10	6	-6.5442	11	0
cpd00334	L-Lactaldehyde	C3H6O2	0	12	5.4790	5.4790	74.0000	0.3344	5	0	0	0	0.0000	1	1	-0.4339	5	0
cpd00251	ADPribose	C15H21N5O14P2	-2	10	-5.4770	5.4770	557.0000		36	4	9	11	0.2821	10	9	-4.5467	20	0
cpd00795	(R)-2-Hydroxyglutarate	C5H6O5	-2	5	-5.4670	5.4670	146.0000	0.5920	10	0	0	4	0.4444	1	4	-3.3727	6	0
cpd01682	O-Acetylcarnitine	C9H17NO4	0	6	5.4600	5.4600	203.0000	23900.5737	14	0	0	4	0.3077	1	5	-1.2357	11	0
cpd00349	Sedoheptulose 1,7-bisphosphate	C7H12O13P2	-4	7	-5.4450	5.4450	368.0000	0.4892	22	0	0	0	0.0000	4	10	-6.3103	10	0
cpd00870	gamma-butyrobetaine	C7H15NO2	0	6	-5.4370	5.4370	145.0000		10	0	0	2	0.2222	0	4	-0.7773	7	0
cpd00435	Phenylcarbinol	C7H8O	0	5	-5.4290	5.4290	108.0000		8	1	6	6	0.7500	0	1	1.1789	4	0
cpd00526	Cholate	C24H39O5	-1	7	5.4280	5.4280	407.0000	56445.1646	29	4	0	2	0.0625	11	4	2.1140	11	0
cpd01237	Choloyl-CoA	C45H70N7O20P3S	-4	7	-5.4280	5.4280	1154.0000	56445.1646	76	7	9	15	0.1829	18	23	-0.4856	34	0
cpd00395	L-Cysteate	C3H6NO5S	-1	5	-5.4050	5.4050	168.0000	16900.2577	10	0	0	2	0.2222	1	3	-4.1080	9	0
cpd00478	Pyridoxine phosphate	C8H10NO6P	-2	5	5.3770	5.3770	248.0000	0.8921	16	1	6	7	0.4375	0	4	-1.0668	13	0
cpd00033	Glycine	C2H5NO2	0	68	-5.3730	5.3730	75.0000	0.3323	5	0	0	2	0.5000	0	1	-3.0218	5	0
cpd00308	Malonate	C3H2O4	-2	5	-5.3420	5.3420	102.0000	0.3206	7	0	0	4	0.6667	0	2	-3.1237	4	0
cpd03637	Zeaxanthin	C40H56O2	0	6	-5.2720	5.2720	568.0000	5.1553	42	2	0	21	0.4884	2	10	10.5474	26	18
cpd02069	3-Phosphonooxypyruvate	C3H2O7P	-3	6	-5.2490	5.2490	182.0000	0.2534	11	0	0	4	0.4000	0	4	-3.8493	9	0
cpd00561	Vanillin	C8H8O3	0	6	-5.2040	5.2040	152.0000	1.1004	11	1	6	10	0.9091	0	2	1.2133	8	0
cpd00169	3-Phosphoglycerate	C3H4O7P	-3	18	-5.1940	5.1940	184.0000	0.1873	11	0	0	2	0.2000	1	4	-4.0575	10	0
cpd03052	Imidazole acetaldehyde	C5H6N2O	0	8	5.1790	5.1790	110.0000	0.9251	8	1	5	5	0.6250	0	2	0.1511	8	0
cpd00054	L-Serine	C3H7NO3	0	48	-5.1640	5.1640	105.0000		7	0	0	2	0.3333	1	2	-3.6609	7	0
cpd19044	(S)-Methylmalonate semialdehyde	C4H5O3	-1	12	-5.0920	5.0920	102.0000	0.2662	7	0	0	2	0.3333	1	2	-1.4287	6	0
cpd00498	2-Aceto-2-hydroxybutanoate	C6H9O4	-1	9	5.0340	5.0340	145.0000	0.4097	10	0	0	2	0.2222	1	3	-1.5336	8	0
cpd02095	L-2,4-Diaminobutyrate	C4H11N2O2	1	5	-4.9930	4.9930	119.0000	0.6211	8	0	0	2	0.2857	1	3	-4.0212	7	0
cpd03345	5-Hydroxyindoleacetaldehyde	C10H9NO2	0	8	4.9630	4.9630	175.0000	1.2165	13	2	9	11	0.7857	0	2	1.6149	11	0
cpd01133	Stachyose	C24H42O21	0	10	4.9600	4.9600	666.0000	1.2052	45	4	0	0	0.0000	19	11	-9.7472	8	0
cpd00811	(CH3)3NO	C3H9NO	0	6	4.9500	4.9500	75.0000	1.0099	5	0	0	0	0.0000	0	0	0.1904	3	0
cpd00285	Phosphoethanolamine	C2H7NO4P	-1	5	-4.8860	4.8860	141.0000	0.5222	8	0	0	0	0.0000	0	3	-2.9264	7	0
cpd01831	4-Imidazoleacetate	C5H5N2O2	-1	6	-4.8500	4.8500	125.0000		9	1	5	7	0.7778	0	2	-1.2979	9	0
cpd00658	Isochorismate	C10H8O6	-2	6	4.7980	4.7980	224.0000	1.8452	16	1	0	11	0.6875	2	4	-2.7578	11	0
cpd00035	L-Alanine	C3H7NO2	0	56	-4.7440	4.7440	89.0000	0.2824	6	0	0	2	0.4000	1	1	-2.6333	6	0
cpd00288	D-Glucosamine phosphate	C6H13NO8P	-1	19	-4.6870	4.6870	259.0000	0.5743	16	1	0	0	0.0000	5	3	-5.1188	12	0
cpd02435	Androstanolone	C19H30O2	0	5	-4.6790	4.6790	290.0000	56445.1646	21	4	0	0	0.0000	7	0	3.9591	9	0
cpd03115	(S)-3-Hydroxytetradecanoyl-CoA	C35H58N7O18P3S	-4	6	-4.6480	4.6480	990.0000		64	3	9	15	0.2273	8	31	-0.1914	31	0
cpd00571	Glucarate	C6H8O8	-2	9	-4.6110	4.6110	208.0000		14	0	0	4	0.3077	4	5	-6.0702	6	0
cpd00460	Sulfoacetaldehyde	C2H3O4S	-1	9	4.5540	4.5540	123.0000	16900.2577	7	0	0	0	0.0000	0	2	-1.2695	6	0
cpd01889	4-Acetamidobutanoate	C6H10NO3	-1	6	4.5490	4.5490	144.0000	0.4634	10	0	0	4	0.4444	0	4	-1.3474	8	0
cpd00355	Nicotinamide ribonucleotide	C11H14N2O8P	-1	15	-4.5460	4.5460	334.0000	1.7034	22	2	6	9	0.3913	4	5	-3.4625	18	0
cpd00142	Acetoacetate	C4H5O3	-1	18	4.4900	4.4900	101.0000	0.4822	7	0	0	2	0.3333	0	2	-1.2846	6	0
cpd00909	1-Aminocyclopropane-1-carboxylate	C4H7NO2	0	5	-4.4750	4.4750	101.0000	1.6678	7	1	0	2	0.2857	0	1	-2.4892	6	0
cpd01298	Aminoacetone	C3H8NO	1	9	4.4240	4.4240	74.0000	0.3566	5	0	0	0	0.0000	0	1	-1.1827	5	0
cpd01882	Isovaleryl-CoA	C26H40N7O17P3S	-4	5	-4.4020	4.4020	848.0000	1.9716	54	3	9	15	0.2679	7	21	-2.8172	32	0
cpd01973	4-Guanidinobutanamide	C5H13N4O	1	6	-4.4000	4.4000	145.0000	1.4418	10	0	0	5	0.5556	0	4	-3.0847	8	0
cpd00164	Glucuronate	C6H9O7	-1	12	-4.3970	4.3970	193.0000		13	1	0	2	0.1538	5	1	-4.4638	9	0
cpd00218	Niacin	C6H4NO2	-1	18	4.3970	4.3970	122.0000	0.9360	9	1	6	9	1.0000	0	1	-0.5549	7	0
cpd00383	Shikimate	C7H9O5	-1	12	4.3720	4.3720	173.0000	1.4890	12	1	0	4	0.3333	3	1	-2.8509	8	0
cpd02259	4-Hydroxybenzoylformate	C8H5O4	-1	5	-4.3690	4.3690	165.0000	0.6952	12	1	6	12	1.0000	0	2	-0.6752	8	0
cpd19041	D-4-Hydroxy-2-oxoglutarate	C5H4O6	-2	9	-4.3000	4.3000	162.0000	0.3755	11	0	0	6	0.6000	1	4	-4.1937	7	0
cpd00047	Formate	CHO2	-1	59	-4.2980	4.2980	45.0000	0.3306	3	0	0	2	1.0000	0	0	-1.6339	3	0
cpd00443	ABEE	C7H6NO2	-1	7	-4.2860	4.2860	136.0000	0.6949	10	1	6	10	1.0000	0	1	-0.3677	7	0
cpd00327	strcoa	C39H66N7O17P3S	-4	9	-4.2680	4.2680	1030.0000		67	3	9	15	0.2174	7	35	2.3982	31	0
cpd01393	Icosanoyl-CoA	C41H70N7O17P3S	-4	7	4.2680	4.2680	1058.0000	2.7330	69	3	9	15	0.2113	7	37	3.1784	31	0
cpd00703	Indoleacetate	C10H8NO2	-1	11	4.2670	4.2670	174.0000	1.0195	13	2	9	12	0.8571	0	2	0.4603	10	0
cpd05264	beta-D-Glucuronic acid	C6H9O7	-1	8	-4.2670	4.2670	193.0000	0.2950	13	1	0	2	0.1538	5	1	-4.4638	9	0
cpd01680	N1-Acetylspermine	C12H31N4O	3	5	4.2410	4.2410	247.0000	2.5152	17	0	0	2	0.1250	0	12	-2.9484	10	0
cpd00470	N1-Acetylspermidine	C9H23N3O	2	5	-4.2410	4.2410	189.0000	1.5121	13	0	0	2	0.1667	0	8	-1.9019	10	0
cpd19019	L-Cystathionine	C7H14N2O4S	0	9	-4.2130	4.2130	222.0000	0.9679	14	0	0	4	0.3077	2	7	-5.1695	8	0
cpd00176	2-keto-3-deoxygluconate	C6H9O6	-1	11	4.2080	4.2080	177.0000	0.8110	12	0	0	4	0.3636	2	5	-3.5904	9	0
cpd00401	Benzoyl-CoA	C28H36N7O17P3S	-4	16	-4.1960	4.1960	868.0000	2.0024	56	4	15	23	0.3898	7	20	-2.5495	33	0
cpd04390	Benzoyl acetyl-CoA	C30H38N7O18P3S	-4	5	4.1960	4.1960	910.0000	2.0908	59	4	15	23	0.3710	7	22	-2.5903	34	0
cpd00089	Glucose-1-phosphate	C6H11O9P	-2	26	4.1240	4.1240	259.0000		16	1	0	0	0.0000	5	3	-4.3684	11	0
cpd00215	Pyridoxal	C8H9NO3	0	11	4.0750	4.0750	167.0000	0.9148	12	1	6	9	0.7500	0	2	0.4004	12	0
cpd19036	beta-D-Fructose 1,6-bisphosphate	C6H10O12P2	-4	9	-4.0310	4.0310	340.0000	0.4789	20	1	0	0	0.0000	4	6	-5.5138	10	0
cpd00221	D-Lactate	C3H5O3	-1	8	-4.0030	4.0030	89.0000	0.5445	6	0	0	2	0.4000	1	1	-1.8829	6	0
cpd00080	Glycerol-3-phosphate	C3H7O6P	-2	19	3.9850	3.9850	171.0000		10	0	0	0	0.0000	1	4	-2.8151	7	0
cpd00802	D-fructose-1-phosphate	C6H11O9P	-2	7	3.9790	3.9790	259.0000	0.3344	16	1	0	0	0.0000	4	4	-4.3668	10	0
cpd03671	D-Glucosamine1-phosphate	C6H13NO8P	-1	5	-3.9480	3.9480	259.0000	0.7070	16	1	0	0	0.0000	5	3	-5.1188	12	0
cpd00192	4-Coumaroyl-CoA	C30H38N7O18P3S	-4	28	3.9430	3.9430	910.0000		59	4	15	26	0.4194	7	21	-2.4443	37	0
cpd00815	2-Oxo-5-aminovalerate	C5H9NO3	0	6	3.9000	3.9000	131.0000	0.3499	9	0	0	4	0.5000	0	4	-2.6725	7	0
cpd00284	6-Phospho-D-gluconate	C6H10O10P	-3	19	-3.8960	3.8960	274.0000	0.2935	17	0	0	2	0.1250	4	7	-5.9748	11	0
cpd00345	5-Methyltetrahydrofolate	C20H23N7O6	-2	13	-3.8890	3.8890	457.0000	16170.4028	33	3	12	24	0.6857	2	9	-2.9271	23	0
cpd00910	Galactinol	C12H22O11	0	11	-3.8860	3.8860	342.0000		23	2	0	0	0.0000	11	3	-6.0104	7	0
cpd19043	(S)-3-Hydroxyisobutyrate	C4H7O3	-1	5	-3.8620	3.8620	104.0000		7	0	0	2	0.3333	1	2	-1.6353	7	0
cpd03117	3-Oxododecanoyl-CoA	C33H52N7O18P3S	-4	6	3.8530	3.8530	960.0000		62	3	9	15	0.2344	7	29	-0.7634	32	0
cpd00834	Phosphopantetheine	C11H21N2O7PS	-2	5	-3.8470	3.8470	357.0000	1.4532	22	0	0	4	0.1905	1	10	-2.2289	16	0
cpd00452	Phenylacetyl-CoA	C29H38N7O17P3S	-4	5	-3.8260	3.8260	882.0000	2.0235	57	4	15	21	0.3500	7	21	-2.6206	34	0
cpd00163	UDP-xylose	C14H20N2O16P2	-2	7	3.8080	3.8080	534.0000		34	3	6	8	0.2222	10	8	-5.4186	20	0
cpd00691	UDP-L-arabinose	C14H20N2O16P2	-2	5	3.7930	3.7930	534.0000	1.2342	34	3	6	8	0.2222	10	8	-5.4186	20	0
cpd01735	Glucurone	C6H8O6	0	7	3.7550	3.7550	176.0000	0.5494	12	1	0	2	0.1667	4	2	-2.8066	9	0
cpd09027	5-Hydroxy-2-oxo-4-ureido-2,5-dihydro-1H-imidazole-5-carboxylate	C5H5N4O5	-1	5	-3.7050	3.7050	201.0000	1.9032	14	1	0	10	0.7143	1	1	-3.7851	11	0
cpd02113	dTDP-rhamnose	C16H24N2O15P2	-2	7	3.7020	3.7020	546.0000	1.3242	35	3	6	8	0.2162	10	8	-3.6925	24	0
cpd00013	NH3	H4N	1	396	-3.6900	3.6900	18.0000	0.2628	1	0	0	0	0.0000	0	0	0.3762	1	0
cpd00211	Butyrate	C4H7O2	-1	5	3.6680	3.6680	87.0000	0.7141	6	0	0	2	0.4000	0	2	-0.4636	5	0
cpd19035	beta-D-Fructose 6-phosphate	C6H11O9P	-2	26	-3.6620	3.6620	260.0000	0.3023	16	1	0	0	0.0000	4	4	-4.3668	10	0
cpd03124	Hexanoyl-CoA	C27H42N7O17P3S	-4	9	3.6380	3.6380	862.0000	1.9772	55	3	9	15	0.2632	7	23	-2.2830	31	0
cpd00650	Crotonyl-CoA	C25H36N7O17P3S	-4	21	3.6230	3.6230	832.0000		53	3	9	18	0.3273	7	20	-3.2872	33	0
cpd00082	D-Fructose	C6H12O6	0	34	3.6200	3.6200	180.0000	0.2993	12	1	0	0	0.0000	4	2	-3.2198	6	0
cpd00359	indol	C8H7N	0	13	-3.5760	3.5760	117.0000		9	2	9	10	1.0000	0	0	2.1679	5	0
cpd02595	p-Coumaroyl quinic acid	C16H17O8	-1	7	3.5740	3.5740	337.0000	2.0190	24	2	6	14	0.5600	4	4	-1.6862	16	0
cpd03279	Deoxyinosine	C10H12N4O4	0	5	3.5650	3.5650	252.0000	0.6973	18	3	9	11	0.5500	3	2	-1.2397	16	0
cpd00859	Pseudouridine 5'-phosphate	C9H11N2O9P	-2	5	-3.5310	3.5310	323.0000		21	2	0	6	0.2727	5	4	-3.7423	18	0
cpd00107	L-Leucine	C6H13NO2	0	8	-3.5290	3.5290	131.0000	0.5502	9	0	0	2	0.2500	1	3	-1.6071	8	0
cpd00046	CMP	C9H12N3O8P	-2	7	-3.4770	3.4770	322.0000	1.0576	21	2	6	8	0.3636	4	4	-3.7100	19	0
cpd00083	GDP-mannose	C16H23N5O16P2	-2	9	3.4650	3.4650	603.0000		39	4	9	12	0.2857	11	9	-5.8925	23	0
cpd00225	Benzaldehyde	C7H6O	0	9	-3.4450	3.4450	106.0000	0.6202	8	1	6	8	1.0000	0	1	1.4991	4	0
cpd00118	Putrescine	C4H14N2	2	30	3.4420	3.4420	90.0000	0.7265	6	0	0	0	0.0000	0	3	-1.7496	3	0
cpd03127	(2E)-Tetradecenoyl-CoA	C35H56N7O17P3S	-4	8	-3.4400	3.4400	972.0000		63	3	9	18	0.2769	7	30	0.6138	33	0
cpd00246	Inosine	C10H12N4O5	0	16	3.4370	3.4370	268.0000	0.3850	19	3	9	11	0.5238	4	2	-2.2689	16	0
cpd19069	Phenylacetic acid	C8H7O2	-1	6	-3.4080	3.4080	136.0000	0.7013	10	1	6	8	0.8000	0	2	-0.0210	6	0
cpd00144	UDPglucuronate	C15H19N2O18P2	-3	14	-3.3870	3.3870	577.0000		37	3	6	10	0.2564	11	9	-7.3001	23	0
cpd00472	UDPgalacturonate	C15H19N2O18P2	-3	7	-3.3840	3.3840	577.0000	1.2877	37	3	6	10	0.2564	11	9	-7.3001	23	0
cpd00128	Adenine	C5H5N5	0	14	-3.3720	3.3720	135.0000	0.3922	10	2	9	11	1.0000	0	0	-0.0649	8	0
cpd00347	5-10-Methenyltetrahydrofolate	C20H20N7O6	-1	11	3.3570	3.3570	454.0000		33	4	12	26	0.7222	2	7	-3.2829	25	0
cpd00408	Pantoate	C6H11O4	-1	6	3.3290	3.3290	147.0000	1.1405	10	0	0	2	0.2222	1	3	-1.8843	8	0
cpd00501	beta-D-Glucose 1-phosphate	C6H11O9P	-2	13	3.3000	3.3000	259.0000	0.3032	16	1	0	0	0.0000	5	3	-4.3684	11	0
cpd00203	1,3-Bisphospho-D-glycerate	C3H4O10P2	-4	11	-3.2930	3.2930	264.0000	0.2606	15	0	0	2	0.1429	1	5	-4.4355	9	0
cpd00762	4-Guanidinobutanoate	C5H11N3O2	0	7	-3.2810	3.2810	145.0000	1.3260	10	0	0	5	0.5556	0	4	-3.8201	9	0
cpd00071	Acetaldehyde	C2H4O	0	45	3.2730	3.2730	44.0000	0.2984	3	0	0	0	0.0000	0	0	0.2052	3	0
cpd00138	D-Mannose	C6H12O6	0	5	3.2170	3.2170	180.0000		12	1	0	0	0.0000	5	1	-3.2214	6	0
cpd00210	Taurine	C2H7NO3S	0	12	3.1770	3.1770	125.0000		7	0	0	0	0.0000	0	2	-2.2265	6	0
cpd00027	D-Glucose	C6H12O6	0	60	3.1030	3.1030	180.0000		12	1	0	0	0.0000	5	1	-3.2214	7	0
cpd02605	2-isopropyl-3-oxosuccinate	C7H8O5	-2	6	3.0980	3.0980	172.0000	0.5316	12	0	0	6	0.5455	1	4	-2.6725	7	0
cpd02096	L-3-Amino-isobutyrate	C4H9NO2	0	5	3.0950	3.0950	103.0000	0.3319	7	0	0	2	0.3333	1	2	-2.3857	7	0
cpd00216	Chorismate	C10H8O6	-2	24	3.0760	3.0760	224.0000	1.8220	16	1	0	11	0.6875	2	4	-2.7578	11	0
cpd01335	Octanoyl-CoA	C29H46N7O17P3S	-4	9	3.0680	3.0680	890.0000	2.0527	57	3	9	15	0.2542	7	25	-1.5028	31	0
cpd15069	7-Methylxanthine	C6H6N4O2	0	6	3.0360	3.0360	166.0000	0.7851	12	2	9	12	0.9231	0	0	-1.0501	10	0
cpd00222	GLCN	C6H11O7	-1	6	-3.0000	3.0000	195.0000	0.7141	13	0	0	2	0.1667	4	5	-4.8278	7	0
cpd00485	D-Mannose1-phosphate	C6H11O9P	-2	7	2.9840	2.9840	259.0000	0.3032	16	1	0	0	0.0000	5	3	-4.3684	11	0
cpd01217	Xanthosine	C10H12N4O6	0	9	2.9840	2.9840	284.0000	0.8478	20	3	9	12	0.5455	4	2	-2.9756	16	0
cpd10162	(R)-3-Hydroxy-3-methyl-2-oxopentanoate	C6H9O4	-1	10	2.9650	2.9650	145.0000	0.4097	10	0	0	4	0.4444	1	3	-1.5336	8	0
cpd00105	D-Ribose	C5H10O5	0	16	2.9530	2.9530	150.0000	0.3600	10	1	0	0	0.0000	4	1	-2.5823	7	0
cpd00009	Phosphate	HO4P	-2	390	-2.9430	2.9430	96.0000		5	0	0	0	0.0000	0	0	-2.1926	4	0
cpd00005	NADPH	C21H26N7O17P3	-4	951	-2.9370	2.9370	742.0000	1.6248	48	5	9	18	0.3462	10	13	-5.0974	29	0
cpd00161	L-Threonine	C4H9NO3	0	18	-2.9370	2.9370	119.0000	0.5464	8	0	0	2	0.2857	2	2	-3.2724	8	0
cpd02361	4-Hydroxyphenylacetaldehyde	C8H8O2	0	15	-2.9260	2.9260	136.0000	0.6870	10	1	6	7	0.7000	0	2	1.1336	7	0
cpd00447	Betaine aldehyde	C5H12NO	1	16	2.9150	2.9150	102.0000	23900.5737	7	0	0	0	0.0000	0	2	-0.1085	5	0
cpd00363	Ethanol	C2H6O	0	10	2.8660	2.8660	46.0000	0.3430	3	0	0	0	0.0000	0	0	-0.0014	3	0
cpd08727	dTDP 1-ester with (6R)-5,6-dihydro-4-hydroxy-6-methyl-5-oxo-2H-pyran	C16H20N2O14P2	-2	5	-2.8490	2.8490	525.0000		34	3	6	11	0.3056	7	8	-2.2469	25	0
cpd00420	Testosterone	C19H28O2	0	8	2.8300	2.8300	288.0000	56445.1646	21	4	0	3	0.1250	6	0	3.8792	10	0
cpd00245	Aniline	C6H7N	0	5	-2.8120	2.8120	93.0000	0.7871	7	1	6	7	1.0000	0	0	1.2688	3	0
cpd17399	2-Deoxyinosose	C6H10O5	0	5	-2.8070	2.8070		1.6397	11	1	0	0	0.0000	4	0	-2.5972	6	0
cpd00085	beta-Alanine	C3H7NO2	0	25	-2.7730	2.7730	89.0000	1.2622	6	0	0	2	0.4000	0	2	-2.6317	6	0
cpd05262	galacturonate	C6H9O7	-1	8	-2.7680	2.7680	193.0000	0.2950	13	1	0	2	0.1538	5	1	-4.4638	9	0
cpd00885	Phytate	C6H6O24P6	-12	16	2.7650	2.7650	654.0000	2.3581	36	1	0	0	0.0000	6	12	-10.7166	5	0
cpd00025	H2O2	H2O2	0	227	-2.7650	2.7650	34.0000	0.7141	2	0	0	0	0.0000	0	0	0.0174	1	0
cpd00133	Nicotinamide	C6H6N2O	0	18	-2.7320	2.7320	122.0000	1.0285	9	1	6	9	1.0000	0	1	0.1805	7	0
cpd00515	5-Dehydro-4-deoxy-D-glucarate	C6H6O7	-2	9	-2.7270	2.7270	190.0000	0.3901	13	0	0	6	0.5000	2	5	-4.8328	7	0
cpd00314	D-Mannitol	C6H14O6	0	12	2.7250	2.7250	182.0000	0.3481	12	0	0	0	0.0000	4	5	-3.5854	4	0
cpd00374	Tyramine	C8H12NO	1	6	-2.7190	2.7190	138.0000	0.7044	10	1	6	7	0.7000	0	2	0.1766	7	0
cpd00170	Gluconolactone	C6H10O6	0	13	2.7140	2.7140	178.0000		12	1	0	2	0.1667	4	1	-3.0132	8	0
cpd00011	CO2	CO2	0	500	-2.6970	2.6970	44.0000	0.7141	3	0	0	2	1.0000	0	0	-0.5835	2	0
cpd01720	3-Ureidopropanoate	C4H7N2O3	-1	5	-2.6810	2.6810	131.0000		9	0	0	5	0.6250	0	3	-2.2053	8	0
cpd00280	D-Galacturonate	C6H9O7	-1	6	-2.6790	2.6790	193.0000		13	1	0	2	0.1538	5	1	-4.4638	9	0
cpd00484	p-Hydroxybenzaldehyde	C7H6O2	0	5	-2.6780	2.6780	122.0000	0.6718	9	1	6	9	1.0000	0	1	1.2047	6	0
cpd00482	2-Phospho-D-glycerate	C3H4O7P	-3	13	-2.6760	2.6760	184.0000	0.1958	11	0	0	2	0.2000	1	4	-4.0575	10	0
cpd00290	D-fructose-1,6-bisphosphate	C6H10O12P2	-4	6	-2.6580	2.6580	338.0000	0.2634	20	1	0	0	0.0000	4	6	-5.5138	10	0
cpd02143	D-Galactono-1,4-lactone	C6H10O6	0	5	-2.6440	2.6440	178.0000	0.4244	12	1	0	2	0.1667	4	2	-3.0132	8	0
cpd00145	Hydroxypyruvate	C3H3O4	-1	19	-2.6270	2.6270	103.0000	0.2798	7	0	0	4	0.6667	0	2	-2.7023	6	0
cpd00157	Glycerone	C3H6O3	0	6	2.6240	2.6240	90.0000	0.5132	6	0	0	0	0.0000	0	2	-1.4599	4	0
cpd02210	Indoleglycerol phosphate	C11H12NO6P	-2	9	-2.6240	2.6240	286.0000	0.9017	19	2	9	10	0.5000	2	5	-0.5925	14	0
cpd04533	Isoamyl alcohol	C5H12O	0	6	-2.6140	2.6140	88.0000	0.3985	6	0	0	0	0.0000	0	2	1.0248	5	0
cpd04534	3-Methylbutanal	C5H10O	0	6	2.6140	2.6140	86.0000	0.3815	6	0	0	0	0.0000	0	2	1.2314	5	0
cpd00281	GABA	C4H9NO2	0	24	-2.6070	2.6070	103.0000	0.3916	7	0	0	2	0.3333	0	3	-2.2416	6	0
cpd00120	Butyryl-CoA	C25H38N7O17P3S	-4	19	2.5920	2.5920	834.0000	1.9166	53	3	9	15	0.2727	7	21	-3.0632	31	0
cpd19020	(S)(+)-Allantoin	C4H6N4O3	0	5	-2.5890	2.5890	158.0000	1.5259	11	1	0	8	0.7273	1	1	-2.1798	7	0
cpd00263	Pyridoxol	C8H11NO3	0	6	2.5570	2.5570	169.0000	0.9594	12	1	6	7	0.5833	0	2	0.0802	9	0
cpd00527	Prostaglandin D2	C20H31O5	-1	6	-2.5470	2.5470	351.0000	2.1001	25	1	0	2	0.0800	4	12	1.9164	13	0
cpd00098	Choline	C5H14NO	1	17	2.5460	2.5460	104.0000		7	0	0	0	0.0000	0	2	-0.3151	5	0
cpd00463	Cholestenone	C27H44O	0	5	-2.5370	2.5370	384.0000	56445.1646	28	4	0	3	0.0968	7	5	7.5969	10	0
cpd00709	beta D-Galactose	C6H12O6	0	17	-2.5370	2.5370	180.0000	0.2684	12	1	0	0	0.0000	5	1	-3.2214	7	0
cpd00765	L-Gulonolactone	C6H10O6	0	5	2.5270	2.5270	178.0000	0.4749	12	1	0	2	0.1667	4	2	-3.0132	9	0
cpd00022	Acetyl-CoA	C23H34N7O17P3S	-4	205	-2.5270	2.5270	806.0000	1.8590	51	3	9	15	0.2830	7	19	-3.8434	31	0
cpd01943	2,5-Diketocamphane	C10H14O2	0	5	-2.5200	2.5200	166.0000	48386.6600	12	2	0	0	0.0000	2	0	1.5807	7	0
cpd02180	(+)-exo-5-Hydroxycamphor	C10H16O2	0	5	2.5200	2.5200	168.0000	48386.6600	12	2	0	0	0.0000	3	0	1.3725	9	0
cpd00338	5-Aminolevulinate	C5H9NO3	0	9	2.5110	2.5110	131.0000	0.3499	9	0	0	2	0.2500	0	4	-2.6725	7	0
cpd00342	N-Acetylornithine	C7H14N2O3	0	9	-2.5010	2.5010	174.0000	0.9351	12	0	0	4	0.3636	1	5	-2.7369	10	0
cpd00015	FAD	C27H31N9O15P2	-2	62	2.5000	2.5000	783.0000		53	6	23	29	0.5000	9	13	-3.6880	30	0
cpd00367	Cytidine	C9H13N3O5	0	11	-2.4940	2.4940	243.0000	0.9476	17	2	6	8	0.4444	4	2	-2.5630	15	0
cpd00851	trans-4-Hydroxy-L-proline	C5H9NO3	0	7	-2.4830	2.4830	130.0000	2.0868	9	1	0	2	0.2222	2	1	-3.5671	9	0
cpd00207	Guanine	C5H5N5O	0	5	-2.4820	2.4820	151.0000	16170.4026	11	2	9	12	1.0000	0	0	-0.7716	9	0
cpd03481	2-phenylethanol	C8H10O	0	5	2.4660	2.4660	122.0000	0.6130	9	1	6	6	0.6667	0	2	1.2214	5	0
cpd00276	GLUM	C6H14NO5	1	7	-2.4310	2.4310	180.0000		12	1	0	0	0.0000	5	1	-3.9718	8	0
cpd00160	Cholesterol	C27H46O	0	15	2.4220	2.4220	386.0000	56445.1646	28	4	0	0	0.0000	8	5	7.3887	10	0
cpd00480	2-Dehydro-D-gluconate	C6H9O7	-1	5	-2.4210	2.4210	193.0000		13	0	0	4	0.3333	3	5	-4.6196	8	0
cpd00153	Benzoate	C7H5O2	-1	20	-2.4020	2.4020	121.0000	0.5847	9	1	6	9	1.0000	0	1	0.0501	5	0
cpd00121	L-Inositol	C6H12O6	0	26	-2.3610	2.3610	180.0000	1.7837	12	1	0	0	0.0000	6	0	-3.8346	2	0
cpd00126	GMP	C10H12N5O8P	-2	7	-2.3310	2.3310	362.0000	16170.4026	24	3	9	12	0.4615	4	4	-3.8337	21	0
cpd03285	3-Sulfopyruvate	C3H2O6S	-2	13	-2.3250	2.3250	166.0000	16900.2577	10	0	0	4	0.4444	0	3	-3.1494	8	0
cpd00333	(E)-Cinnamate	C9H7O2	-1	16	2.3140	2.3140	147.0000	0.7728	11	1	6	11	1.0000	0	2	0.4497	7	0
cpd00139	Glycolate	C2H3O3	-1	20	-2.2970	2.2970	75.0000	0.3807	5	0	0	2	0.5000	0	1	-2.2714	5	0
cpd19001	alpha-D-Glucose	C6H12O6	0	65	2.2940	2.2940	180.0000		12	1	0	0	0.0000	5	1	-3.2214	7	0
cpd00641	L-Histidinol	C6H12N3O	1	7	2.2450	2.2450	142.0000	0.9641	10	1	5	5	0.5000	1	3	-1.4450	10	0
cpd00238	Sedoheptulose7-phosphate	C7H13O10P	-2	11	-2.2230	2.2230	289.0000	0.4581	18	0	0	0	0.0000	4	8	-5.1633	10	0
cpd00724	alpha-D-Galactose	C6H12O6	0	14	-2.1990	2.1990	180.0000		12	1	0	0	0.0000	5	1	-3.2214	7	0
cpd00162	Aminoethanol	C2H8NO	1	8	-2.1940	2.1940	62.0000	0.7815	4	0	0	0	0.0000	0	1	-1.7794	4	0
cpd00278	Indolepyruvate	C11H8NO3	-1	11	-2.1320	2.1320	202.0000	1.0803	15	2	9	14	0.8750	0	3	0.0294	11	0
cpd00223	Glycerate	C3H5O4	-1	21	-2.0990	2.0990	105.0000	0.2426	7	0	0	2	0.3333	1	2	-2.9105	6	0
cpd00293	N-Acetyl-D-glucosamine 6-phosphate	C8H14NO9P	-2	10	-2.0970	2.0970	300.0000	0.6660	19	1	0	2	0.1053	5	4	-4.2246	15	0
cpd00006	NADP	C21H25N7O17P3	-3	959	-2.0770	2.0770	741.0000	1.6255	48	5	15	20	0.3846	10	13	-5.4269	28	0
cpd02431	1-Pyrroline-5-carboxylate	C5H6NO2	-1	19	-2.0470	2.0470	112.0000		8	1	0	2	0.2500	1	1	-1.0305	7	0
cpd00868	p-hydroxyphenylpyruvate	C9H7O4	-1	30	2.0460	2.0460	179.0000		13	1	6	11	0.8462	0	3	-0.7463	9	0
cpd00916	Ins(1,4,5)P3	C6H9O15P3	-6	6	2.0130	2.0130	417.0000	1.8906	24	1	0	0	0.0000	6	6	-7.2756	7	0
cpd00898	Inositol 1,4-bisphosphate	C6H10O12P2	-4	6	-2.0130	2.0130	338.0000	1.8084	20	1	0	0	0.0000	6	4	-6.1286	7	0
cpd00306	Xylitol	C5H12O5	0	10	1.9780	1.9780	152.0000	0.4183	10	0	0	0	0.0000	3	4	-2.9463	4	0
cpd00206	dCMP	C9H12N3O7P	-2	7	-1.9660	1.9660	306.0000	1.1200	20	2	6	8	0.3810	3	4	-2.6808	19	0
cpd00822	O-Succinyl-L-homoserine	C8H12NO6	-1	8	-1.9550	1.9550	218.0000	0.5986	15	0	0	6	0.4286	1	7	-4.1898	9	0
cpd00235	D-mannose-6-phosphate	C6H11O9P	-2	14	1.9460	1.9460	259.0000	0.2833	16	1	0	0	0.0000	5	3	-4.3684	10	0
cpd02016	N-Ribosylnicotinamide	C11H15N2O5	1	7	1.9420	1.9420	255.0000	1.0285	18	2	6	9	0.4737	4	3	-2.3155	14	0
cpd00712	2-Dehydropantoate	C6H9O4	-1	8	1.9400	1.9400	145.0000	1.2114	10	0	0	4	0.4444	0	3	-1.6761	8	0
cpd00048	Sulfate	O4S	-2	5	-1.9260	1.9260	96.0000		5	0	0	0	0.0000	0	0	-1.3380	3	0
cpd00193	APS	C10H12N5O10PS	-2	5	1.9260	1.9260	425.0000	0.5467	27	3	9	11	0.3793	5	6	-3.0105	22	0
cpd00745	Hydracrylic acid	C3H5O3	-1	7	1.9110	1.9110	89.0000		6	0	0	2	0.4000	0	2	-1.8813	6	0
cpd00871	D-Ribulose 1,5-bisphosphate	C5H8O11P2	-4	6	-1.9020	1.9020	308.0000	0.4689	18	0	0	0	0.0000	2	8	-5.0321	10	0
cpd00067	H+	H	1	2674	1.8900	1.8900	1.0000	0.0000	0	0	0	0	0.0000	0	0	0.1125	1	0
cpd18009	Ethylmalonyl-CoA	C26H37N7O19P3S	-5	5	-1.8860	1.8860		1.9073	56	3	9	17	0.2931	8	22	-5.0872	34	0
cpd00159	L-Lactate	C3H5O3	-1	11	-1.8830	1.8830	89.0000	0.2281	6	0	0	2	0.4000	1	1	-1.8829	6	0
cpd00321	Feruloyl-CoA	C31H40N7O19P3S	-4	9	-1.8690	1.8690	940.0000	2.3318	61	4	15	27	0.4219	7	22	-2.4357	38	0
cpd09801	2-Methylnaphthalene	C11H10	0	5	-1.8520	1.8520	142.0000	1.3856	11	2	10	11	0.9167	0	0	3.1482	4	0
cpd01859	(2-Naphthyl)methanol	C11H10O	0	5	1.8520	1.8520	158.0000	1.3751	12	2	10	11	0.8462	0	1	2.3321	5	0
cpd00653	D-Galactonate	C6H11O7	-1	5	-1.8500	1.8500	195.0000	0.3273	13	0	0	2	0.1667	4	5	-4.8278	7	0
cpd00237	Androstenedione	C19H26O2	0	12	1.8500	1.8500	286.0000	56445.1646	21	4	0	3	0.1250	5	0	4.0874	9	0
cpd02535	2,3-Dihydroxy-3-methylvalerate	C6H11O4	-1	11	1.8400	1.8400	147.0000	0.3786	10	0	0	2	0.2222	2	3	-1.7418	8	0
cpd00236	D-Erythrose4-phosphate	C4H7O7P	-2	16	-1.8120	1.8120	199.0000	0.4199	12	0	0	0	0.0000	2	5	-3.2476	10	0
cpd00040	Glyoxalate	C2HO3	-1	79	-1.7970	1.7970	73.0000	0.3448	5	0	0	4	1.0000	0	1	-2.0648	4	0
cpd01734	D-Galactono-1,5-lactone	C6H10O6	0	5	-1.7810	1.7810	178.0000	0.4698	12	1	0	2	0.1667	4	1	-3.0132	7	0
cpd02780	Inositol 1,2,4,5,6-pentakisphosphate	C6H7O21P5	-10	5	-1.7730	1.7730	575.0000	2.1725	32	1	0	0	0.0000	6	10	-9.5696	7	0
cpd02566	2,3-Dihydroxy-2,3-dihydrobenzoate	C7H7O4	-1	7	1.7710	1.7710	155.0000	1.6921	11	1	0	6	0.5455	2	1	-2.0457	8	0
cpd00101	ribose-5-phosphate	C5H9O8P	-2	23	-1.7470	1.7470	229.0000		14	1	0	0	0.0000	4	3	-3.7293	11	0
cpd00346	L-Aspartate4-semialdehyde	C4H7NO3	0	15	-1.7430	1.7430	117.0000	0.9010	8	0	0	2	0.2857	1	3	-3.0642	7	0
cpd00212	L-Sorbose	C6H12O6	0	5	1.7160	1.7160	180.0000	0.4287	12	1	0	0	0.0000	4	1	-3.2198	6	0
cpd01974	4-Hydroxy-L-glutamate	C5H8NO5	-1	5	-1.6980	1.6980	162.0000	0.3731	11	0	0	4	0.4000	2	4	-5.1523	8	0
cpd03116	(S)-3-Hydroxydodecanoyl-CoA	C33H54N7O18P3S	-4	6	-1.6790	1.6790	962.0000		62	3	9	15	0.2344	8	29	-0.9716	31	0
cpd00404	D-Ornithine	C5H13N2O2	1	5	-1.6630	1.6630	133.0000	0.7372	9	0	0	2	0.2500	1	4	-3.6311	7	0
cpd00018	AMP	C10H12N5O7P	-2	41	-1.6590	1.6590	346.0000		23	3	9	11	0.4400	4	4	-3.1270	18	0
cpd00086	Propionyl-CoA	C24H36N7O17P3S	-4	39	-1.6460	1.6460	820.0000		52	3	9	15	0.2778	7	20	-3.4533	31	0
cpd00012	PPi	HO7P2	-3	20	-1.6410	1.6410	176.0000		9	0	0	0	0.0000	1	2	-2.7076	6	0
cpd00728	4-Hydroxybutanoate	C4H7O3	-1	7	1.6410	1.6410	103.0000	0.3904	7	0	0	2	0.3333	0	3	-1.4912	6	0
cpd03372	Homoisocitrate	C7H7O7	-3	6	-1.6390	1.6390	203.0000	0.4972	14	0	0	6	0.4615	2	6	-5.0066	7	0
cpd00269	2-Oxoadipate	C6H6O5	-2	12	1.6390	1.6390	158.0000	0.5228	11	0	0	6	0.6000	0	5	-2.7744	5	0
cpd00843	Tartronate semialdehyde	C3H3O4	-1	8	-1.6240	1.6240	103.0000	0.4928	7	0	0	2	0.3333	1	2	-2.7039	6	0
cpd00858	L-Glutamate5-semialdehyde	C5H9NO3	0	12	-1.6240	1.6240	131.0000	0.3382	9	0	0	2	0.2500	1	4	-2.6741	7	0
cpd00930	imidazole acetol-phosphate	C6H7N2O5P	-2	7	1.6080	1.6080	219.0000	1.0163	14	1	5	5	0.3571	0	5	-1.6334	13	0
cpd00001	H2O	H2O	0	2374	-1.5900	1.5900	18.0000		1	0	0	0	0.0000	0	0	-0.8247	1	0
cpd00817	D-Arabinose5-phosphate	C5H9O8P	-2	7	-1.5860	1.5860	229.0000	0.4412	14	0	0	0	0.0000	3	6	-3.8867	10	0
cpd02246	CoM	C2H5O3S2	-1	14	-1.5840	1.5840	141.0000	16900.2577	7	0	0	0	0.0000	0	2	-0.5386	5	0
cpd02438	Methyl CoM	C3H7O3S2	-1	10	1.5840	1.5840	155.0000	16900.2577	8	0	0	0	0.0000	0	3	-0.1054	6	0
cpd00340	2,5-Dioxopentanoate	C5H5O4	-1	7	1.5630	1.5630	129.0000	0.3566	9	0	0	4	0.5000	0	4	-1.7155	6	0
cpd01171	Dulcose	C6H14O6	0	6	-1.5440	1.5440	182.0000	0.4758	12	0	0	0	0.0000	4	5	-3.5854	4	0
cpd00279	Acetoacetyl-CoA	C25H36N7O18P3S	-4	21	1.5290	1.5290	848.0000	1.8801	54	3	9	15	0.2679	7	21	-3.8842	32	0
cpd01422	beta-D-Xylose	C5H10O5	0	5	-1.5030	1.5030	150.0000	0.3511	10	1	0	0	0.0000	4	0	-2.5823	5	0
cpd00294	dAMP	C10H12N5O6P	-2	5	-1.4970	1.4970	330.0000		22	3	9	11	0.4583	3	4	-2.0978	18	0
cpd00493	Pyridoxamine phosphate	C8H12N2O5P	-1	11	1.4780	1.4780	248.0000	0.9368	16	1	6	7	0.4375	0	4	-1.8172	14	0
cpd00069	L-Tyrosine	C9H11NO3	0	21	-1.4750	1.4750	181.0000	0.7141	13	1	6	9	0.6923	1	3	-1.7049	10	0
cpd00588	Sorbitol	C6H14O6	0	12	1.4620	1.4620	182.0000	0.3132	12	0	0	0	0.0000	4	5	-3.5854	4	0
cpd00249	Uridine	C9H12N2O6	0	12	1.4610	1.4610	244.0000	0.9246	17	2	6	8	0.4444	4	2	-2.8519	14	0
cpd00248	Quinate	C7H11O6	-1	12	-1.4590	1.4590	191.0000	1.6389	13	1	0	2	0.1538	4	1	-3.6561	8	0
cpd19028	alpha-D-Ribose 5-phosphate	C5H9O8P	-2	12	-1.4500	1.4500	230.0000	0.3224	14	1	0	0	0.0000	4	3	-3.7293	11	0
cpd00341	N-Carbamoylputrescine	C5H14N3O	1	8	1.4210	1.4210	132.0000	0.9385	9	0	0	3	0.3750	0	4	-1.3232	8	0
cpd03346	5-Hydroxyindoleacetate	C10H8NO3	-1	6	1.3930	1.3930	190.0000	1.2145	14	2	9	13	0.8667	0	2	0.1659	12	0
cpd00007	O2	O2	0	864	1.3850	1.3850	32.0000		2	0	0	0	0.0000	0	0	0.0670	1	0
cpd00790	O-Acetyl-L-homoserine	C6H11NO4	0	5	1.3640	1.3640	161.0000	0.5145	11	0	0	4	0.4000	1	4	-2.7000	10	0
cpd00727	2-Phosphoglycolate	C2H2O6P	-3	7	-1.3520	1.3520	154.0000	0.3000	9	0	0	2	0.2500	0	3	-3.4184	8	0
cpd00020	Pyruvate	C3H3O3	-1	214	-1.3280	1.3280	87.0000		6	0	0	4	0.8000	0	1	-1.6747	5	0
cpd00488	PGF2a	C20H33O5	-1	7	1.3240	1.3240	353.0000	2.0620	25	1	0	2	0.0800	5	12	1.7082	12	0
cpd00497	XMP	C10H11N4O9P	-2	7	1.3190	1.3190	363.0000	0.7830	24	3	9	12	0.4615	4	4	-4.1226	20	0
cpd00050	FMN	C17H19N4O9P	-2	10	-1.3000	1.3000	455.0000		31	3	14	18	0.5455	3	7	-2.8706	21	0
cpd00330	Dihydrofolate	C19H19N7O6	-2	11	-1.2940	1.2940	441.0000		32	3	12	25	0.7353	1	9	-2.6594	22	0
cpd00060	L-Methionine	C5H11NO2S	0	20	1.2810	1.2810	149.0000	0.9952	9	0	0	2	0.2500	1	4	-1.9001	9	0
cpd00125	5-10-Methylenetetrahydrofolate	C20H21N7O6	-2	33	1.2700	1.2700	455.0000	16170.4027	33	4	12	24	0.6667	2	7	-3.1913	23	0
cpd00092	Uracil	C4H4N2O2	0	19	-1.2640	1.2640	112.0000		8	1	0	6	0.7500	0	0	-0.3029	7	0
cpd00259	D-Lyxulose	C5H10O5	0	12	1.2410	1.2410	150.0000	0.3876	10	1	0	0	0.0000	3	1	-2.5807	5	0
cpd00807	L-histidinol-phosphate	C6H11N3O4P	-1	7	1.2410	1.2410	221.0000	1.0163	14	1	5	5	0.3571	1	5	-2.5920	13	0
cpd02211	L-2-Amino-acetoacetate	C4H7NO3	0	8	-1.2330	1.2330	117.0000	0.3427	8	0	0	2	0.2857	1	2	-3.0642	7	0
cpd00154	Xylose	C5H10O5	0	8	-1.2250	1.2250	150.0000	0.3511	10	1	0	0	0.0000	4	0	-2.5823	6	0
cpd00454	Dinoprostone	C20H31O5	-1	5	1.2230	1.2230	351.0000	2.1001	25	1	0	2	0.0800	4	12	1.9164	12	0
cpd00190	beta-D-Glucose	C6H12O6	0	69	1.2220	1.2220	180.0000	0.2684	12	1	0	0	0.0000	5	1	-3.2214	7	0
cpd00520	2-Dehydro-3-deoxy-D-pentonate	C5H7O5	-1	6	-1.2200	1.2200	147.0000	0.2253	10	0	0	4	0.4444	1	4	-2.9513	8	0
cpd00004	NADH	C21H27N7O14P2	-2	894	-1.2160	1.2160	663.0000	1.5920	44	5	9	18	0.3750	10	11	-3.9504	28	0
cpd02351	Glucosaminate	C6H13NO6	0	7	-1.2120	1.2120	195.0000	0.4088	13	0	0	2	0.1667	4	5	-5.5782	9	0
cpd00227	L-Homoserine	C4H9NO3	0	7	1.2010	1.2010	119.0000	1.0071	8	0	0	2	0.2857	1	3	-3.2708	8	0
cpd00087	Tetrahydrofolate	C19H21N7O6	-2	42	1.1920	1.1920	443.0000		32	3	12	24	0.7059	2	9	-2.9514	21	0
cpd03284	3-Sulfinopyruvate	C3H2O5S	-2	5	1.1430	1.1430	150.0000	23900.5736	9	0	0	4	0.5000	1	3	-2.8155	8	0
cpd00467	3-Sulfinoalanine	C3H6NO4S	-1	6	-1.1430	1.1430	152.0000		9	0	0	2	0.2500	2	3	-3.7741	9	0
cpd00322	L-Isoleucine	C6H13NO2	0	10	1.1400	1.1400	131.0000		9	0	0	2	0.2500	2	3	-1.6071	8	0
cpd00412	Deoxyuridine	C9H12N2O5	0	7	1.1390	1.1390	228.0000		16	2	6	8	0.4706	3	2	-1.8227	14	0
cpd01487	alpha-D-Xylose	C5H10O5	0	7	-1.1350	1.1350	150.0000		10	1	0	0	0.0000	4	0	-2.5823	5	0
cpd00242	H2CO3	CHO3	-1	7	-1.1290	1.1290	61.0000		4	0	0	3	1.0000	0	0	-1.1123	4	0
cpd03778	Terephthalate	C8H4O4	-2	5	1.1290	1.1290	164.0000	0.6616	12	1	6	12	1.0000	0	2	-1.5864	5	0
cpd00842	(S)-3-Hydroxybutyryl-CoA	C25H38N7O18P3S	-4	11	1.1240	1.1240	850.0000	1.8957	54	3	9	15	0.2679	8	21	-4.0924	31	0
cpd00781	5-Dehydrogluconate	C6H9O7	-1	5	-1.1150	1.1150	193.0000		13	0	0	2	0.1667	3	5	-4.6196	8	0
cpd00626	dTDPglucose	C16H24N2O16P2	-2	5	1.1090	1.1090	562.0000	1.2810	36	3	6	8	0.2105	10	9	-4.7201	22	0
cpd00095	Glycerone-phosphate	C3H5O6P	-2	41	1.0930	1.0930	169.0000	0.1367	10	0	0	0	0.0000	0	4	-2.6069	8	0
cpd00229	Glycolaldehyde	C2H4O2	0	11	1.0640	1.0640	60.0000	0.4003	4	0	0	0	0.0000	0	1	-0.8224	4	0
cpd02484	Inositol 3-phosphate	C6H11O9P	-2	11	1.0430	1.0430	259.0000		16	1	0	0	0.0000	6	2	-4.9816	7	0
cpd01270	FMNH2	C17H21N4O9P	-2	8	-1.0200	1.0200	457.0000		31	3	6	15	0.4545	4	7	-2.5198	22	0
cpd19006	alpha-D-Glucose 6-phosphate	C6H11O9P	-2	20	1.0110	1.0110	260.0000	0.4558	16	1	0	0	0.0000	5	3	-4.3684	11	0
cpd00116	Methanol	CH4O	0	24	-1.0060	1.0060	32.0000	0.7141	2	0	0	0	0.0000	0	0	-0.3915	1	0
cpd02788	Inositol 1,2,3,5,6-pentakisphosphate	C6H7O21P5	-10	5	-0.9930	0.9930	575.0000	2.1725	32	1	0	0	0.0000	6	10	-9.5696	7	0
cpd00438	Deoxyadenosine	C10H13N5O3	0	10	-0.9850	0.9850	251.0000	0.7369	18	3	9	11	0.5500	3	2	-0.9508	14	0
cpd00522	dTDP-4-oxo-L-rhamnose	C16H22N2O15P2	-2	10	-0.9820	0.9820	544.0000	1.4629	35	3	6	8	0.2162	9	8	-3.4843	25	0
cpd00521	dTDP-4-oxo-6-deoxy-D-glucose	C16H22N2O15P2	-2	18	-0.9800	0.9800	544.0000	1.4512	35	3	6	8	0.2162	9	8	-3.4843	25	0
cpd00594	Gulonate	C6H11O7	-1	6	0.9590	0.9590	195.0000	0.3273	13	0	0	2	0.1667	4	5	-4.8278	7	0
cpd00722	O-Acetyl-L-serine	C5H9NO4	0	6	-0.9520	0.9520	147.0000	0.7855	10	0	0	4	0.4444	1	3	-3.0901	9	0
cpd00102	Glyceraldehyde3-phosphate	C3H5O6P	-2	47	0.9520	0.9520	169.0000		10	0	0	0	0.0000	1	4	-2.6085	9	0
cpd00863	beta-D-Glucose 6-phosphate	C6H11O9P	-2	29	0.9130	0.9130	259.0000	0.4558	16	1	0	0	0.0000	5	3	-4.3684	11	0
cpd00066	L-Phenylalanine	C9H11NO2	0	28	-0.9100	0.9100	165.0000		12	1	6	8	0.6667	1	3	-1.4105	8	0
cpd01700	D-Citramalate	C5H6O5	-2	5	-0.9070	0.9070	146.0000	0.5863	10	0	0	4	0.4444	1	3	-3.3727	7	0
cpd00029	Acetate	C2H3O2	-1	104	-0.9050	0.9050	59.0000	0.2396	4	0	0	2	0.6667	0	0	-1.2438	4	0
cpd00143	Phenylpyruvate	C9H7O3	-1	26	-0.8840	0.8840	163.0000	0.6468	12	1	6	10	0.8333	0	3	-0.4519	7	0
cpd12689	3-Oxotetradecanoyl-CoA	C35H56N7O18P3S	-4	6	0.8820	0.8820	988.0000	2.3443	64	3	9	15	0.2273	7	31	0.0168	32	0
cpd00200	4MOP	C6H9O3	-1	12	-0.8530	0.8530	129.0000	0.5502	9	0	0	4	0.5000	0	3	-0.6485	7	0
cpd00152	Agmatine	C5H16N4	2	17	-0.8520	0.8520	132.0000	1.4300	9	0	0	3	0.3750	0	4	-3.3281	8	0
cpd08210	ADC	C10H10NO5	-1	6	0.8370	0.8370	224.0000	1.8907	16	1	0	11	0.6875	2	4	-3.5082	12	0
cpd00900	GDP-4-dehydro-D-rhamnose	C16H21N5O15P2	-2	11	0.8150	0.8150	585.0000	16170.4026	38	4	9	12	0.2927	10	8	-4.6567	27	0
cpd00419	PM	C8H13N2O2	1	6	-0.8100	0.8100	169.0000	1.0113	12	1	6	7	0.5833	0	2	-0.6702	11	0
cpd00198	D-Xylulose5-phosphate	C5H9O8P	-2	15	0.7910	0.7910	229.0000	0.2960	14	0	0	0	0.0000	2	6	-3.8851	9	0
cpd00055	Formaldehyde	CH2O	0	47	0.7600	0.7600	30.0000	0.3423	2	0	0	0	0.0000	0	0	-0.1849	1	0
cpd00094	2-Oxobutyrate	C4H5O3	-1	31	0.7540	0.7540	101.0000	0.8354	7	0	0	4	0.6667	0	2	-1.2846	6	0
cpd01502	Citraconate	C5H4O4	-2	5	0.7440	0.7440	128.0000	0.5863	9	0	0	7	0.8750	0	2	-2.5675	6	0
cpd00865	1-O-Sinapoyl-beta-D-glucose	C17H22O10	0	14	-0.7260	0.7260	386.0000	1.9385	27	2	6	14	0.5000	5	6	-1.2343	16	0
cpd00122	N-Acetyl-D-glucosamine	C8H15NO6	0	12	-0.7140	0.7140	221.0000	0.6142	15	1	0	2	0.1333	5	2	-3.0776	11	0
cpd00182	Adenosine	C10H13N5O4	0	27	-0.7120	0.7120	267.0000	0.3514	19	3	9	11	0.5238	4	2	-1.9800	14	0
cpd00196	Acetylphosphate	C2H3O5P	-2	14	0.6900	0.6900	139.0000	0.2681	8	0	0	2	0.2857	0	1	-1.6218	7	0
cpd00311	Guanosine	C10H13N5O5	0	9	0.6820	0.6820	283.0000	16170.4027	20	3	9	12	0.5455	4	2	-2.6867	17	0
cpd00911	6-phospho-D-glucono-1-5-lactone	C6H9O9P	-2	13	-0.6780	0.6780	257.0000	0.3577	16	1	0	2	0.1250	4	3	-4.1602	12	0
cpd16443	beta-D-Ribofuranose	C5H10O5	0	17	-0.6590	0.6590	150.0000	0.3148	10	1	0	0	0.0000	4	1	-2.5823	7	0
cpd00091	UMP	C9H11N2O9P	-2	20	-0.6550	0.6550	323.0000		21	2	6	8	0.3636	4	4	-3.9989	18	0
cpd01527	D-Xylonolactone	C5H8O5	0	6	0.6440	0.6440	148.0000	0.5133	10	1	0	2	0.2000	3	0	-2.3741	7	0
cpd00201	10-Formyltetrahydrofolate	C20H21N7O7	-2	11	-0.6360	0.6360	471.0000	16170.4027	34	3	12	26	0.7222	2	10	-3.4005	23	0
cpd00191	3-Oxopropanoate	C3H3O3	-1	21	0.6220	0.6220	87.0000	1.0188	6	0	0	2	0.4000	0	2	-1.6747	5	0
cpd27436	D-mannitol, 1-(dihydrogenphosphate)	C6H13O9P	-2	12	0.6120	0.6120	262.0000	0.3441	16	0	0	0	0.0000	4	7	-4.7324	8	0
cpd00199	4-Oxobutanoate	C4H5O3	-1	28	0.5920	0.5920	101.0000	0.3146	7	0	0	2	0.3333	0	3	-1.2846	5	0
cpd00079	D-glucose-6-phosphate	C6H11O9P	-2	25	-0.5720	0.5720	259.0000		16	1	0	0	0.0000	5	3	-4.3684	11	0
cpd00171	D-Ribulose5-phosphate	C5H9O8P	-2	27	-0.5390	0.5390	229.0000	0.2354	14	0	0	0	0.0000	2	6	-3.8851	10	0
cpd00064	Ornithine	C5H13N2O2	1	35	-0.5380	0.5380	133.0000		9	0	0	2	0.2500	1	4	-3.6311	7	0
cpd02416	N-Acetyl-beta-D-glucosamine	C8H15NO6	0	8	-0.4770	0.4770	221.0000	0.4994	15	1	0	2	0.1333	5	2	-3.0776	12	0
cpd02060	(2E)-Dodecenoyl-CoA	C33H52N7O17P3S	-4	11	-0.4740	0.4740	944.0000		61	3	9	18	0.2857	7	28	-0.1664	33	0
cpd00726	1,3-Propanediamine	C3H12N2	2	11	0.4570	0.4570	76.0000	0.6509	5	0	0	0	0.0000	0	2	-2.1397	3	0
cpd00312	Histamine	C5H10N3	1	8	0.4480	0.4480	112.0000	0.9765	8	1	5	5	0.6250	0	2	-0.8059	8	0
cpd00298	dTMP	C10H13N2O8P	-2	8	-0.4440	0.4440	321.0000	1.1193	21	2	6	8	0.3636	3	4	-2.6613	19	0
cpd00114	IMP	C10H11N4O8P	-2	15	0.4230	0.4230	347.0000	0.5122	23	3	9	11	0.4400	4	4	-3.4159	20	0
cpd00045	Adenosine 3-5-bisphosphate	C10H11N5O10P2	-4	8	-0.3620	0.3620	425.0000	0.6788	27	3	9	11	0.3793	4	6	-4.2740	18	0
cpd00135	Homocysteine	C4H9NO2S	0	29	-0.3450	0.3450	135.0000		8	0	0	2	0.2857	1	3	-2.3333	8	0
cpd19031	N-Acetyl-alpha-D-glucosamine 1-phosphate	C8H14NO9P	-2	6	-0.3420	0.3420	301.0000	0.5817	19	1	0	2	0.1053	5	4	-4.2246	15	0
cpd14532	22alpha-Hydroxy-campest-4-en-3-one	C28H46O2	0	5	-0.3400	0.3400	414.0000		30	4	0	3	0.0909	9	5	6.8137	12	0
cpd14533	22alpha-Hydroxy-5alpha-campestan-3-one	C28H48O2	0	7	0.3400	0.3400	416.0000	56445.1646	30	4	0	0	0.0000	10	5	6.8936	11	0
cpd00226	HYXN	C5H4N4O	0	16	0.3110	0.3110	136.0000	0.4427	10	2	9	11	1.0000	0	0	-0.3538	7	0
cpd00072	D-fructose-6-phosphate	C6H11O9P	-2	26	-0.2980	0.2980	259.0000	0.3023	16	1	0	0	0.0000	4	4	-4.3668	10	0
cpd00509	deoxyribose-1-phosphate	C5H9O7P	-2	7	0.2810	0.2810	213.0000	0.5410	13	1	0	0	0.0000	3	3	-2.7001	11	0
cpd02857	DAHP	C7H10O10P	-3	7	-0.2340	0.2340	286.0000	0.3253	18	0	0	4	0.2353	3	8	-5.3765	13	0
cpd00309	XAN	C5H4N4O2	0	14	0.2300	0.2300	152.0000		11	2	9	12	1.0000	0	0	-0.2359	8	0
cpd00362	Estrone	C18H22O2	0	13	-0.2200	0.2200	270.0000	32834.5866	20	4	6	7	0.3043	4	0	3.8174	12	0
cpd00702	Estradiol	C18H24O2	0	11	0.2200	0.2200	272.0000	32834.5866	20	4	6	7	0.3043	5	0	3.6092	12	0
cpd00475	Ribose 1-phosphate	C5H9O8P	-2	19	-0.2170	0.2170	229.0000	0.3538	14	1	0	0	0.0000	4	3	-3.7293	11	0
cpd00003	NAD	C21H26N7O14P2	-1	909	-0.1950	0.1950	662.0000		44	5	15	20	0.4167	10	11	-4.2799	27	0
cpd00982	FADH2	C27H33N9O15P2	-2	60	-0.1790	0.1790	785.0000		53	6	15	26	0.4483	10	13	-3.3372	34	0
cpd03468	2-Coumarinate	C9H7O3	-1	7	-0.1510	0.1510	163.0000	0.7405	12	1	6	12	1.0000	0	2	0.1553	9	0
cpd03469	beta-D-Glucosyl-2-coumarinate	C15H17O8	-1	10	0.1510	0.1510	325.0000	1.1302	23	2	6	12	0.5000	5	5	-2.3716	16	0
cpd00277	Deoxyguanosine	C10H13N5O4	0	5	-0.1480	0.1480	267.0000	16170.4026	19	3	9	12	0.5714	3	2	-1.6575	17	0
cpd00491	D-glucitol 6-phosphate	C6H13O9P	-2	10	0.1380	0.1380	261.0000	0.4361	16	0	0	0	0.0000	4	7	-4.7324	8	0
cpd00857	Provitamin D3	C27H44O	0	6	0.1150	0.1150	384.0000	56445.1646	28	4	0	3	0.0968	7	5	7.3088	10	0
cpd00690	Sinapine	C16H24NO5	1	5	0.1020	0.1020	310.0000	23900.5739	22	1	6	14	0.6364	0	7	1.6720	15	0
cpd01747	Indole-3-acetamide	C10H10N2O	0	5	-0.0630	0.0630	174.0000	1.0991	13	2	9	12	0.8571	0	2	1.1957	10	0
cpd00299	dUMP	C9H11N2O8P	-2	10	0.0540	0.0540	307.0000	1.0556	20	2	6	8	0.3810	3	4	-2.9697	18	0
cpd00019	S-Adenosyl-homocysteine	C14H20N6O5S	0	9	0.0530	0.0530	384.0000	0.9613	26	3	9	13	0.4643	5	7	-3.4886	21	0
cpd01607	L-Rhamnofuranose	C6H12O5	0	5	0.0500	0.0500	164.0000	0.3435	11	1	0	0	0.0000	5	1	-2.1938	7	0
cpd00396	L-Rhamnose	C6H12O5	0	9	-0.0500	0.0500	164.0000		11	1	0	0	0.0000	5	0	-2.1938	6	0
cpd00318	Tryptamine	C10H13N2	1	8	-0.0460	0.0460	161.0000	1.0491	12	2	9	10	0.7692	0	2	0.9523	9	0
cpd00833	N-Acetyl-D-glucosaminate	C8H14NO7	-1	5	0.0250	0.0250	236.0000	0.4614	16	0	0	4	0.2667	4	6	-4.6840	11	0
cpd00266	Carnitine	C7H15NO3	0	16	-0.0220	0.0220	161.0000	23900.5737	11	0	0	2	0.2000	1	4	-1.8065	9	0
cpd00061	Phosphoenolpyruvate	C3H2O6P	-3	29	0.0150	0.0150	166.0000	0.2001	10	0	0	5	0.5556	0	3	-2.9047	9	0
cpd15132	Isopentenyl adenosine	C15H21N5O4	0	5	0.0000	0.0000	335.0000	1.1360	24	3	9	11	0.4231	4	5	-0.1841	18	0
cpd00743	L-Citramalyl-CoA	C26H37N7O20P3S	-5	6	0.0000	0.0000	893.0000	1.8971	57	3	9	17	0.2881	8	22	-5.9723	34	0
cpd00751	L-Fucose	C6H12O5	0	5	0.0000	0.0000	164.0000		11	1	0	0	0.0000	5	0	-2.1938	7	0
cpd00037	UDP-N-acetylglucosamine	C17H25N3O17P2	-2	9	0.0000	0.0000	605.0000	1.4596	39	3	6	10	0.2439	11	10	-5.9139	25	0
cpd15136	trans-Zeatin riboside	C15H21N5O5	0	6	0.0000	0.0000	351.0000	1.0913	25	3	9	11	0.4074	4	6	-1.2117	18	0
cpd17856	1-Feruloyl-D-glucose	C16H20O9	0	6	0.0000	0.0000		1.3185	25	2	6	13	0.5000	5	5	-1.2429	16	0
cpd00776	Squalene 2,3-oxide	C30H50O	0	5	0.0000	0.0000	426.0000	3.3351	31	1	0	0	0.0000	1	15	9.8162	11	0
cpd03640	6-Oxohexanoate	C6H9O3	-1	6	0.0000	0.0000	129.0000	0.3877	9	0	0	2	0.2500	0	5	-0.5044	5	0
cpd03691	Piperideine	C5H10N	1	5	0.0000	0.0000	84.0000	2.6189	6	1	0	0	0.0000	0	0	-0.6783	4	0
cpd00417	L-Lyxitol	C5H12O5	0	7	0.0000	0.0000	152.0000	0.3245	10	0	0	0	0.0000	2	4	-2.9463	5	0
cpd00348	D-Galactose 1-phosphate	C6H11O9P	-2	6	0.0000	0.0000	259.0000		16	1	0	0	0.0000	5	3	-4.3684	10	0
cpd00461	Oxopent-4-enoate	C5H5O3	-1	12	0.0000	0.0000	113.0000	0.4271	8	0	0	4	0.5714	0	3	-1.1185	7	0
cpd00536	Oleate	C18H33O2	-1	6	0.0000	0.0000	281.0000	1.4184	20	0	0	2	0.1053	0	15	4.7738	6	0
cpd01020	Gallate	C7H5O5	-1	6	0.0000	0.0000	169.0000	1.4981	12	1	6	12	1.0000	0	1	-0.8331	7	0
cpd02193	Strictosidine	C27H35N2O9	1	5	0.0000	0.0000	530.0000	3.0826	38	5	9	15	0.3571	9	7	-0.6333	26	0
cpd00524	2-Inosose	C6H10O6	0	6	0.0000	0.0000	178.0000	1.7601	12	1	0	0	0.0000	5	0	-3.6264	5	0
cpd00275	L-Kynurenine	C10H12N2O3	0	6	0.0000	0.0000	208.0000	0.8319	15	1	6	11	0.7333	1	4	-1.7980	11	0
cpd01706	2,4-Dichlorophenol	C6H4Cl2O	0	5	0.0000	0.0000	162.0000	0.5763	9	1	6	7	0.7778	0	0	2.6990	5	0
cpd01871	3-Methylcatechol	C7H8O2	0	6	0.0000	0.0000	124.0000	1.0306	9	1	6	8	0.8889	0	0	1.4062	5	0
cpd00325	Progesterone	C21H30O2	0	6	0.0000	0.0000	314.0000	56445.1646	23	4	0	3	0.1154	6	1	4.7235	10	0
cpd00339	5-Aminopentanoate	C5H11NO2	0	5	0.0000	0.0000	117.0000	0.4074	8	0	0	2	0.2857	0	4	-1.8515	6	0
cpd02561	trans-Cinnamoyl beta-D-glucoside	C15H18O7	0	9	0.0000	0.0000	310.0000	0.9651	22	2	6	11	0.4783	5	4	-0.9571	13	0
cpd01447	Benzoylformate	C8H5O3	-1	6	0.0000	0.0000	149.0000	0.6380	11	1	6	11	1.0000	0	2	-0.3808	6	0
cpd01129	Phthalate	C8H4O4	-2	5	0.0000	0.0000	164.0000	0.6616	12	1	6	12	1.0000	0	2	-1.5864	5	0
cpd01122	Linoleate	C18H31O2	-1	6	0.0000	0.0000	279.0000		20	0	0	2	0.1053	0	14	4.5498	6	0
cpd00546	Cortisol	C21H30O5	0	5	0.0000	0.0000	362.0000		26	4	0	3	0.1034	7	2	1.7816	15	0
cpd00573	L-Idonate	C6H11O7	-1	5	0.0000	0.0000	195.0000	0.3273	13	0	0	2	0.1667	4	5	-4.8278	7	0
cpd00904	DHA	C19H28O2	0	7	0.0000	0.0000	288.0000	56445.1646	21	4	0	0	0.0000	6	0	3.8792	11	0
cpd03038	14-Demethyllanosterol	C29H48O	0	5	0.0000	0.0000	412.0000		30	4	0	0	0.0000	7	4	8.0890	11	0
cpd02939	3beta-Hydroxy-4beta-methyl-5alpha-cholest-7-ene-4alpha-carboxylate	C29H47O3	-1	8	0.0000	0.0000	443.0000		32	4	0	2	0.0571	9	6	5.7548	13	0
cpd02720	5-Amino-6--5-phosphoribitylaminouracil	C9H15N4O9P	-2	5	0.0000	0.0000	355.0000		23	1	0	7	0.3043	4	7	-5.5204	17	0
cpd00852	beta-Glucogallin	C13H16O10	0	6	0.0000	0.0000	332.0000	1.6078	23	2	6	12	0.5000	5	3	-2.2399	13	0
cpd00895	H4MPT	C30H42N6O16P	-3	7	0.0000	0.0000	773.0000	23390.1825	53	4	12	21	0.3750	12	19	-5.3141	32	0
cpd00877	Lathosterol	C27H46O	0	5	0.0000	0.0000	386.0000	56445.1646	28	4	0	0	0.0000	8	5	7.3887	11	0
cpd00882	Melilotate	C9H9O3	-1	5	0.0000	0.0000	165.0000	0.6697	12	1	6	9	0.7500	0	3	0.0747	9	0
cpd00639	Formononetin	C16H11O4	-1	6	0.0000	0.0000	268.0000	23900.5739	20	3	16	21	0.9545	0	2	2.5422	13	0
cpd00844	2-Hydroxycyclohexan-1-one	C6H10O2	0	5	0.0000	0.0000	114.0000	1.6236	8	1	0	0	0.0000	1	0	0.4904	5	0
cpd03107	(R)-N-Methylcoclaurine	C18H22NO3	1	5	0.0000	0.0000	299.0000	2.8219	22	3	12	15	0.6250	2	3	1.4610	12	0
cpd03228	3alpha,7alpha-Dihydroxy-5beta-cholestan-26-al	C27H46O3	0	5	0.0000	0.0000	418.0000	56445.1646	30	4	0	0	0.0000	11	6	5.6184	12	0
cpd03624	(-)-ABA	C15H19O4	-1	8	0.0000	0.0000	263.0000	2.0257	19	1	0	9	0.4737	1	3	0.9152	15	4
cpd00188	Arachidonate	C20H31O2	-1	12	0.0000	0.0000	303.0000	1.7039	22	0	0	2	0.0952	0	14	4.8820	6	0
cpd00185	D-Arabinose	C5H10O5	0	5	0.0000	0.0000	150.0000	0.3760	10	1	0	0	0.0000	4	0	-2.5823	5	0
cpd00151	Thymine	C5H6N2O2	0	6	0.0000	0.0000	126.0000		9	1	0	6	0.6667	1	0	-0.0569	8	0
cpd03164	Chenodeoxycholoyl-CoA	C45H70N7O19P3S	-4	5	0.0000	0.0000	1138.0000		75	7	9	15	0.1852	17	23	0.5436	35	0
cpd05511	Cyanidin 3-O-glucoside	C21H20O11	0	5	0.0000	0.0000	447.0000		32	4	16	23	0.6571	5	4	-0.2929	16	0
cpd08920	Mirtillin	C21H20O12	0	5	0.0000	0.0000	462.0000		33	4	16	24	0.6667	5	4	-0.5873	16	0
cpd08243	(+)-Linalool	C10H18O	0	6	0.0000	0.0000	154.0000	0.9179	11	0	0	0	0.0000	1	4	2.6698	7	0
cpd07586	4'-Hydroxyacetophenone	C8H8O2	0	5	0.0000	0.0000	136.0000	0.6955	10	1	6	9	0.9000	0	1	1.5948	7	0
cpd07097	Daidzein	C15H9O4	-1	6	0.0000	0.0000	254.0000	23900.5739	19	3	16	21	1.0000	0	1	2.2392	12	0
cpd19245	di-trans,poly-cis-Undecaprenyl phosphate	C55H89O4P	-2	9	0.0000	0.0000	846.0000	6.3394	60	0	0	0	0.0000	0	33	17.0629	13	0
cpd20873	9,10-Epoxy-18-hydroxystearate	C18H33O4	-1	5	0.0000	0.0000	314.0000	1.5891	22	1	0	2	0.0909	2	16	2.9574	8	0
cpd20874	9,10,18-Trihydroxystearate	C18H35O5	-1	5	0.0000	0.0000	332.0000		23	0	0	2	0.0909	2	17	1.9118	7	0
cpd00017	S-Adenosyl-L-methionine	C15H23N6O5S	1	5	0.0000	0.0000	399.0000	23900.5736	27	3	9	13	0.4483	6	7	-3.9737	22	0
