compound_id	name	n_reactions
cpd22290	Acceptor	967
cpd42232	oxidized [NADPH--hemoprotein reductase]	638
cpd42231	reduced [NADPH--hemoprotein reductase]	638
cpd41770	reduced [2Fe-2S]-[ferredoxin]	176
cpd41769	oxidized [2Fe-2S]-[ferredoxin]	176
cpd41998	Fe(II)-[cytochrome b5]	145
cpd41999	Fe(III)-[cytochrome b5]	144
cpd12576	Reduced electron-transferring flavoprotein	78
cpd43296	L-lysyl-[protein]	70
cpd11723	Reduced adrenodoxin	60
cpd11724	Oxidized adrenodoxin	60
cpd42062	oxidized [electron-transfer flavoprotein]	60
cpd41933	Fe(II)-[cytochrome c]	45
cpd42687	Fe(III)-[cytochrome c]	45
cpd12264	Oxidized flavoprotein	40
cpd12238	Reduced flavoprotein	40
cpd16831	thioredoxin-dithiol	36
cpd43312	L-seryl-[protein]	31
cpd41809	L-cysteinyl-[protein]	31
cpd30087	1-octadec-9-enoyl-sn-glycerol 3-phosphate	30
cpd43292	L-histidyl-[protein]	29
cpd43502	a ubiquinol	27
cpd12173	Reduced flavodoxin	26
cpd19168	C15602	26
cpd27255	Holo-ACP-Synthases	26
cpd30068	1,2-Diacyl-sn-glycerol (1-(11Z)-octadecenoyl,2-(9Z)-octadecenoyl, 18:1(11Z)/18:1(9Z))	26
cpd30074	1,2-Diacyl-sn-glycerol (1,2-di-(9Z)-octadecenoyl, 18:1(9Z)/18:1(9Z))	26
cpd43501	a ubiquinone	26
cpd30750	p-Hydroquinone	25
cpd30061	1,2-Diacyl-sn-glycerol (1-hexadecanoyl,2-(11Z)-octadecenoyl, 16:0/18:1(11Z))	25
cpd30062	1,2-Diacyl-sn-glycerol (1-hexadecanoyl,2-(9Z)-octadecenoyl, 16:0/18:1(9Z))	25
cpd30064	1,2-Diacyl-sn-glycerol (1-octadecanoyl,2-(9Z)-octadecenoyl, 18:0/18:1(9Z))	25
cpd30067	1,2-Diacyl-sn-glycerol (1,2-di-(11Z)-octadecenoyl, 18:1(11Z)/18:1(11Z))	25
cpd30072	1,2-Diacyl-sn-glycerol (1-(9Z)-octadecenoyl,2-(11Z)-octadecenoyl, 18:1(9Z)/18:1(11Z))	25
cpd12207	Oxidized flavodoxin	24
cpd43293	N(pros)-phospho-L-histidyl-[protein]	24
cpd43486	a menaquinone	23
cpd42145	holo-[peptidyl-carrier protein]	22
cpd43487	a menaquinol	22
cpd30412	octadecenoate (18:1(9Z))	21
cpd28297	UNKNOWN	18
cpd43381	oxidized coenzyme F420-(gamma-L-Glu)(n)	17
cpd16825	octadecanoyl-CoA	16
cpd43429	reduced coenzyme F420-(gamma-L-Glu)(n)	16
cpd42086	L-threonyl-[protein]	16
cpd12505	Electron-transferring flavoprotein	15
cpd11651	Reduced rubredoxin	14
cpd11681	Oxidized rubredoxin	14
cpd17287	S-donor	14
cpd12856	C	14
