variant,label,model_id,status,growth_flux,grows,n_overrides
kbase_baseline,KBase baseline (on-disk bounds),GCF_000007945.1,optimal,0.0,False,0
kbase_baseline,KBase baseline (on-disk bounds),GCF_000008165.1,optimal,81.09450129376918,True,0
kbase_baseline,KBase baseline (on-disk bounds),GCF_000008945.1,optimal,0.0,False,0
kbase_baseline,KBase baseline (on-disk bounds),GCF_000009905.1,optimal,40.251329300150104,True,0
kbase_baseline,KBase baseline (on-disk bounds),GCF_000010305.1,optimal,35.90370984057859,True,0
kbase_baseline,KBase baseline (on-disk bounds),GCF_000010625.1,optimal,30.825522916464443,True,0
kbase_baseline,KBase baseline (on-disk bounds),GCF_000011305.1,optimal,49.46528031974372,True,0
kbase_baseline,KBase baseline (on-disk bounds),GCF_000014285.1,optimal,45.35018848672075,True,0
kbase_baseline,KBase baseline (on-disk bounds),GCF_000014405.1,optimal,8.421641259978584,True,0
kbase_baseline,KBase baseline (on-disk bounds),GCF_000014425.1,optimal,29.98487263175728,True,0
kbase_baseline,KBase baseline (on-disk bounds),GCF_000014865.1,optimal,0.0,False,0
kbase_baseline,KBase baseline (on-disk bounds),GCF_000015745.1,optimal,60.28981313172385,True,0
kbase_baseline,KBase baseline (on-disk bounds),GCF_000016345.1,optimal,23.43356846966498,True,0
kbase_baseline,KBase baseline (on-disk bounds),GCF_000016745.1,optimal,35.323144960888676,True,0
kbase_baseline,KBase baseline (on-disk bounds),GCF_000016885.1,optimal,37.197053249441495,True,0
kbase_baseline,KBase baseline (on-disk bounds),GCF_000018405.1,optimal,0.0,False,0
kbase_baseline,KBase baseline (on-disk bounds),GCF_000020645.1,optimal,38.40144020761349,True,0
kbase_baseline,KBase baseline (on-disk bounds),GCF_000023265.1,optimal,25.9956102079562,True,0
kbase_baseline,KBase baseline (on-disk bounds),GCF_000024425.1,optimal,0.0,False,0
kbase_baseline,KBase baseline (on-disk bounds),GCF_000025185.1,optimal,24.60944805929893,True,0
kbase_baseline,KBase baseline (on-disk bounds),GCF_000025265.1,optimal,55.17325090449646,True,0
kbase_baseline,KBase baseline (on-disk bounds),GCF_000025725.1,optimal,59.862707601148706,True,0
kbase_baseline,KBase baseline (on-disk bounds),GCF_000046685.1,optimal,24.87115242200009,True,0
kbase_baseline,KBase baseline (on-disk bounds),GCF_000092365.1,optimal,55.13520070131959,True,0
kbase_baseline,KBase baseline (on-disk bounds),GCF_000143845.1,optimal,23.453275992679465,True,0
kbase_baseline,KBase baseline (on-disk bounds),GCF_000164695.2,optimal,56.142347049532866,True,0
kbase_baseline,KBase baseline (on-disk bounds),GCF_000164985.3,optimal,67.75061193320555,True,0
kbase_baseline,KBase baseline (on-disk bounds),GCF_000179915.2,optimal,35.017981733620246,True,0
kbase_baseline,KBase baseline (on-disk bounds),GCF_000195535.1,optimal,42.463674449691986,True,0
kbase_baseline,KBase baseline (on-disk bounds),GCF_000196355.1,optimal,26.033193732139768,True,0
kbase_baseline,KBase baseline (on-disk bounds),GCF_000200595.1,optimal,38.89499324199495,True,0
kbase_baseline,KBase baseline (on-disk bounds),GCF_000219105.1,optimal,48.67972473238354,True,0
kbase_baseline,KBase baseline (on-disk bounds),GCF_000224745.1,optimal,0.0,False,0
kbase_baseline,KBase baseline (on-disk bounds),GCF_000233715.2,optimal,36.09528433157852,True,0
kbase_baseline,KBase baseline (on-disk bounds),GCF_000237205.1,optimal,0.0,False,0
kbase_baseline,KBase baseline (on-disk bounds),GCF_000253035.1,optimal,41.18107317876724,True,0
kbase_baseline,KBase baseline (on-disk bounds),GCF_000260985.4,optimal,42.94309537964768,True,0
kbase_baseline,KBase baseline (on-disk bounds),GCF_000266885.1,optimal,39.29901780526206,True,0
kbase_baseline,KBase baseline (on-disk bounds),GCF_000270285.1,optimal,27.495717541992846,True,0
kbase_baseline,KBase baseline (on-disk bounds),GCF_000283635.1,optimal,29.597083799333557,True,0
kbase_baseline,KBase baseline (on-disk bounds),GCF_000284095.1,optimal,36.946927585869254,True,0
kbase_baseline,KBase baseline (on-disk bounds),GCF_000284315.1,optimal,39.86823781919813,True,0
kbase_baseline,KBase baseline (on-disk bounds),GCF_000284415.1,optimal,52.29764472327261,True,0
kbase_baseline,KBase baseline (on-disk bounds),GCF_000298115.2,optimal,33.90356301019561,True,0
kbase_baseline,KBase baseline (on-disk bounds),GCF_000307165.1,optimal,29.597083799333152,True,0
kbase_baseline,KBase baseline (on-disk bounds),GCF_000507245.1,optimal,33.96399951906986,True,0
kbase_baseline,KBase baseline (on-disk bounds),GCF_000521655.1,optimal,69.0821762581794,True,0
kbase_baseline,KBase baseline (on-disk bounds),GCF_000599545.1,optimal,73.6447510045573,True,0
kbase_baseline,KBase baseline (on-disk bounds),GCF_000599985.1,optimal,58.281284908061146,True,0
kbase_baseline,KBase baseline (on-disk bounds),GCF_000600005.1,optimal,0.0,False,0
kbase_baseline,KBase baseline (on-disk bounds),GCF_000632475.1,optimal,82.455813198258,True,0
kbase_baseline,KBase baseline (on-disk bounds),GCF_000724625.1,optimal,0.0,False,0
kbase_baseline,KBase baseline (on-disk bounds),GCF_000725365.1,optimal,60.95058532878772,True,0
kbase_baseline,KBase baseline (on-disk bounds),GCF_000746585.1,optimal,21.755887561556612,True,0
kbase_baseline,KBase baseline (on-disk bounds),GCF_000756615.1,optimal,62.06297323017077,True,0
kbase_baseline,KBase baseline (on-disk bounds),GCF_000828835.1,optimal,32.5598826992037,True,0
kbase_baseline,KBase baseline (on-disk bounds),GCF_000968135.1,optimal,39.699842722456346,True,0
kbase_baseline,KBase baseline (on-disk bounds),GCF_000968535.2,optimal,32.541569821599,True,0
kbase_baseline,KBase baseline (on-disk bounds),GCF_000973725.1,optimal,9.583383486373574,True,0
kbase_baseline,KBase baseline (on-disk bounds),GCF_001020955.1,optimal,23.20493847500626,True,0
kbase_baseline,KBase baseline (on-disk bounds),GCF_001021065.1,optimal,76.1130583368534,True,0
kbase_baseline,KBase baseline (on-disk bounds),GCF_001262075.1,optimal,46.88909603449544,True,0
kbase_baseline,KBase baseline (on-disk bounds),GCF_001443605.1,optimal,25.955755818631566,True,0
kbase_baseline,KBase baseline (on-disk bounds),GCF_001544015.1,optimal,34.492809111620566,True,0
kbase_baseline,KBase baseline (on-disk bounds),GCF_001610875.1,optimal,56.556007548687084,True,0
kbase_baseline,KBase baseline (on-disk bounds),GCF_001632845.1,optimal,30.88843637329607,True,0
kbase_baseline,KBase baseline (on-disk bounds),GCF_001636925.1,optimal,34.49280911162043,True,0
kbase_baseline,KBase baseline (on-disk bounds),GCF_001659705.1,optimal,50.16084912285391,True,0
kbase_baseline,KBase baseline (on-disk bounds),GCF_001688725.2,optimal,36.465341516155945,True,0
kbase_baseline,KBase baseline (on-disk bounds),GCF_001688905.2,optimal,36.722650347120876,True,0
kbase_baseline,KBase baseline (on-disk bounds),GCF_001746835.1,optimal,33.05214223328366,True,0
kbase_baseline,KBase baseline (on-disk bounds),GCF_001888165.1,optimal,24.19581119335488,True,0
kbase_baseline,KBase baseline (on-disk bounds),GCF_002005145.1,optimal,58.20374392713616,True,0
kbase_baseline,KBase baseline (on-disk bounds),GCF_002005425.1,optimal,33.25523894720565,True,0
kbase_baseline,KBase baseline (on-disk bounds),GCF_002007605.1,optimal,0.0,False,0
kbase_baseline,KBase baseline (on-disk bounds),GCF_002082765.1,optimal,56.25056250562489,True,0
kbase_baseline,KBase baseline (on-disk bounds),GCF_002127965.1,optimal,25.953616993390245,True,0
kbase_baseline,KBase baseline (on-disk bounds),GCF_002288005.1,optimal,0.0,False,0
kbase_baseline,KBase baseline (on-disk bounds),GCF_002302535.1,optimal,0.0,False,0
kbase_baseline,KBase baseline (on-disk bounds),GCF_002302615.1,optimal,32.61871172398045,True,0
kbase_baseline,KBase baseline (on-disk bounds),GCF_002591335.1,optimal,80.50265860030062,True,0
kbase_baseline,KBase baseline (on-disk bounds),GCF_002951835.1,optimal,47.81116966878055,True,0
kbase_baseline,KBase baseline (on-disk bounds),GCF_003143535.1,optimal,0.0,False,0
kbase_baseline,KBase baseline (on-disk bounds),GCF_003261575.2,optimal,81.09450129376934,True,0
kbase_baseline,KBase baseline (on-disk bounds),GCF_003352785.1,optimal,22.70456815911355,True,0
kbase_baseline,KBase baseline (on-disk bounds),GCF_003355515.1,optimal,32.618711723980454,True,0
kbase_baseline,KBase baseline (on-disk bounds),GCF_003441595.1,optimal,77.25766569044005,True,0
kbase_baseline,KBase baseline (on-disk bounds),GCF_003966365.1,optimal,51.11638310774443,True,0
kbase_baseline,KBase baseline (on-disk bounds),GCF_004114615.1,optimal,28.044381168011075,True,0
kbase_baseline,KBase baseline (on-disk bounds),GCF_004571195.1,optimal,31.68217707247977,True,0
kbase_baseline,KBase baseline (on-disk bounds),GCF_005280295.1,optimal,0.0,False,0
kbase_baseline,KBase baseline (on-disk bounds),GCF_006874645.1,optimal,0.0,False,0
kbase_baseline,KBase baseline (on-disk bounds),GCF_008118345.1,optimal,64.9062996431775,True,0
kbase_baseline,KBase baseline (on-disk bounds),GCF_008805035.1,optimal,13.596636735937054,True,0
kbase_baseline,KBase baseline (on-disk bounds),GCF_009649955.1,optimal,15.05244271040308,True,0
kbase_baseline,KBase baseline (on-disk bounds),GCF_009688965.1,optimal,32.564910006871145,True,0
kbase_baseline,KBase baseline (on-disk bounds),GCF_013377295.1,optimal,0.0,False,0
kbase_baseline,KBase baseline (on-disk bounds),GCF_900066015.1,optimal,16.313792536684677,True,0
kbase_baseline,KBase baseline (on-disk bounds),GCF_900186975.1,optimal,41.12477482340449,True,0
kbase_baseline,KBase baseline (on-disk bounds),GCF_900232105.1,optimal,0.0,False,0
gc,Group contribution,GCF_000007945.1,optimal,77.84862002199786,True,102
gc,Group contribution,GCF_000008165.1,optimal,98.90435948437953,True,146
gc,Group contribution,GCF_000008945.1,optimal,56.95878177756665,True,84
gc,Group contribution,GCF_000009905.1,optimal,50.83940949009099,True,111
gc,Group contribution,GCF_000010305.1,optimal,78.66520295475317,True,104
gc,Group contribution,GCF_000010625.1,optimal,48.443666475044814,True,109
gc,Group contribution,GCF_000011305.1,optimal,85.35938577662294,True,119
gc,Group contribution,GCF_000014285.1,optimal,69.64669392947813,True,114
gc,Group contribution,GCF_000014405.1,optimal,16.61336545250643,True,70
gc,Group contribution,GCF_000014425.1,optimal,35.1455553173468,True,73
gc,Group contribution,GCF_000014865.1,optimal,0.0,False,99
gc,Group contribution,GCF_000015745.1,optimal,81.68614407659821,True,138
gc,Group contribution,GCF_000016345.1,optimal,60.37671518705237,True,117
gc,Group contribution,GCF_000016745.1,optimal,55.84132872580324,True,101
gc,Group contribution,GCF_000016885.1,optimal,57.15912299614437,True,120
gc,Group contribution,GCF_000018405.1,optimal,43.01158517046562,True,96
gc,Group contribution,GCF_000020645.1,optimal,63.16893845972126,True,89
gc,Group contribution,GCF_000023265.1,optimal,50.40504184831954,True,102
gc,Group contribution,GCF_000024425.1,optimal,5.738031327355854,True,105
gc,Group contribution,GCF_000025185.1,optimal,34.376192424176104,True,116
gc,Group contribution,GCF_000025265.1,optimal,87.52157743505195,True,127
gc,Group contribution,GCF_000025725.1,optimal,71.85847575854328,True,104
gc,Group contribution,GCF_000046685.1,optimal,34.116551888838565,True,78
gc,Group contribution,GCF_000092365.1,optimal,59.76536119196036,True,97
gc,Group contribution,GCF_000143845.1,optimal,31.735616922541578,True,94
gc,Group contribution,GCF_000164695.2,optimal,91.84338865366762,True,106
gc,Group contribution,GCF_000164985.3,optimal,78.1283848234898,True,142
gc,Group contribution,GCF_000179915.2,optimal,62.06297323017087,True,107
gc,Group contribution,GCF_000195535.1,optimal,54.6980122742352,True,105
gc,Group contribution,GCF_000196355.1,optimal,42.60221641073927,True,93
gc,Group contribution,GCF_000200595.1,optimal,46.61100004881849,True,90
gc,Group contribution,GCF_000219105.1,optimal,92.38946883241294,True,123
gc,Group contribution,GCF_000224745.1,optimal,21.926463465359177,True,108
gc,Group contribution,GCF_000233715.2,optimal,39.984086333639155,True,108
gc,Group contribution,GCF_000237205.1,optimal,50.1920641160116,True,92
gc,Group contribution,GCF_000253035.1,optimal,59.54976408368455,True,102
gc,Group contribution,GCF_000260985.4,optimal,61.28318407813838,True,107
gc,Group contribution,GCF_000266885.1,optimal,41.733904624116754,True,107
gc,Group contribution,GCF_000270285.1,optimal,30.50505697582028,True,86
gc,Group contribution,GCF_000283635.1,optimal,29.597083799333273,True,71
gc,Group contribution,GCF_000284095.1,optimal,55.60615715856997,True,101
gc,Group contribution,GCF_000284315.1,optimal,64.69822322504474,True,85
gc,Group contribution,GCF_000284415.1,optimal,63.43842613493984,True,105
gc,Group contribution,GCF_000298115.2,optimal,44.879637300722734,True,87
gc,Group contribution,GCF_000307165.1,optimal,35.64463546008517,True,91
gc,Group contribution,GCF_000507245.1,optimal,46.686503243155755,True,105
gc,Group contribution,GCF_000521655.1,optimal,94.09373617998261,True,122
gc,Group contribution,GCF_000599545.1,optimal,144.00714275428066,True,150
gc,Group contribution,GCF_000599985.1,optimal,63.47983774553472,True,111
gc,Group contribution,GCF_000600005.1,optimal,72.71493322345317,True,110
gc,Group contribution,GCF_000632475.1,optimal,94.09373617998301,True,154
gc,Group contribution,GCF_000724625.1,optimal,18.908774616860924,True,101
gc,Group contribution,GCF_000725365.1,optimal,92.38946883241282,True,113
gc,Group contribution,GCF_000746585.1,optimal,24.722490049197745,True,79
gc,Group contribution,GCF_000756615.1,optimal,73.18401702887545,True,132
gc,Group contribution,GCF_000828835.1,optimal,61.84199018125894,True,106
gc,Group contribution,GCF_000968135.1,optimal,72.81849197109409,True,114
gc,Group contribution,GCF_000968535.2,optimal,44.88177819040508,True,117
gc,Group contribution,GCF_000973725.1,optimal,48.62189977042667,True,113
gc,Group contribution,GCF_001020955.1,optimal,58.014953524902594,True,89
gc,Group contribution,GCF_001021065.1,optimal,84.82022667106051,True,113
gc,Group contribution,GCF_001262075.1,optimal,61.74294149547616,True,99
gc,Group contribution,GCF_001443605.1,optimal,52.37376613018249,True,105
gc,Group contribution,GCF_001544015.1,optimal,53.90409383624657,True,113
gc,Group contribution,GCF_001610875.1,optimal,72.38119993231547,True,117
gc,Group contribution,GCF_001632845.1,optimal,66.47502865548549,True,106
gc,Group contribution,GCF_001636925.1,optimal,34.492809111620446,True,109
gc,Group contribution,GCF_001659705.1,optimal,64.69549702315592,True,95
gc,Group contribution,GCF_001688725.2,optimal,36.465341516155966,True,84
gc,Group contribution,GCF_001688905.2,optimal,73.09250744368842,True,85
gc,Group contribution,GCF_001746835.1,optimal,41.009545655243684,True,98
gc,Group contribution,GCF_001888165.1,optimal,29.899956814495788,True,98
gc,Group contribution,GCF_002005145.1,optimal,58.70979357636572,True,96
gc,Group contribution,GCF_002005425.1,optimal,35.76186176252338,True,110
gc,Group contribution,GCF_002007605.1,optimal,58.014953524902865,True,113
gc,Group contribution,GCF_002082765.1,optimal,77.84862002199766,True,82
gc,Group contribution,GCF_002127965.1,optimal,40.8296682817155,True,85
gc,Group contribution,GCF_002288005.1,optimal,22.952125309423224,True,87
gc,Group contribution,GCF_002302535.1,optimal,13.864654627987065,True,83
gc,Group contribution,GCF_002302615.1,optimal,35.76186176252356,True,91
gc,Group contribution,GCF_002591335.1,optimal,100.09108288542815,True,145
gc,Group contribution,GCF_002951835.1,optimal,68.81006750267615,True,103
gc,Group contribution,GCF_003143535.1,optimal,0.0,False,96
gc,Group contribution,GCF_003261575.2,optimal,125.71684794337747,True,163
gc,Group contribution,GCF_003352785.1,optimal,25.13375082587945,True,91
gc,Group contribution,GCF_003355515.1,optimal,33.61516850863788,True,80
gc,Group contribution,GCF_003441595.1,optimal,78.32071437442517,True,136
gc,Group contribution,GCF_003966365.1,optimal,52.25324710386406,True,107
gc,Group contribution,GCF_004114615.1,optimal,35.97902422887465,True,110
gc,Group contribution,GCF_004571195.1,optimal,44.29003391983823,True,100
gc,Group contribution,GCF_005280295.1,optimal,29.668102932494225,True,111
gc,Group contribution,GCF_006874645.1,optimal,35.67746147726111,True,91
gc,Group contribution,GCF_008118345.1,optimal,89.13466286596454,True,109
gc,Group contribution,GCF_008805035.1,optimal,33.99784550796181,True,77
gc,Group contribution,GCF_009649955.1,optimal,17.188096212087373,True,101
gc,Group contribution,GCF_009688965.1,optimal,54.94467071658843,True,126
gc,Group contribution,GCF_013377295.1,optimal,79.53821877694081,True,99
gc,Group contribution,GCF_900066015.1,optimal,64.33524056191665,True,117
gc,Group contribution,GCF_900186975.1,optimal,53.567514022326925,True,91
gc,Group contribution,GCF_900232105.1,optimal,46.25628094214801,True,100
eq,eQuilibrator,GCF_000007945.1,optimal,0.0,False,77
eq,eQuilibrator,GCF_000008165.1,optimal,107.3368781337343,True,117
eq,eQuilibrator,GCF_000008945.1,optimal,55.3978048994118,True,65
eq,eQuilibrator,GCF_000009905.1,optimal,76.1105342415855,True,90
eq,eQuilibrator,GCF_000010305.1,optimal,94.18792569017918,True,80
eq,eQuilibrator,GCF_000010625.1,optimal,91.50529780022879,True,88
eq,eQuilibrator,GCF_000011305.1,optimal,96.13719744428596,True,94
eq,eQuilibrator,GCF_000014285.1,optimal,80.66197595748909,True,89
eq,eQuilibrator,GCF_000014405.1,optimal,16.258404579017046,True,52
eq,eQuilibrator,GCF_000014425.1,optimal,44.9773089476342,True,55
eq,eQuilibrator,GCF_000014865.1,optimal,28.76929556653647,True,76
eq,eQuilibrator,GCF_000015745.1,optimal,92.76826583162365,True,110
eq,eQuilibrator,GCF_000016345.1,optimal,57.425322762542585,True,94
eq,eQuilibrator,GCF_000016745.1,optimal,72.98930432981656,True,77
eq,eQuilibrator,GCF_000016885.1,optimal,57.1591229961446,True,94
eq,eQuilibrator,GCF_000018405.1,optimal,51.395662051935865,True,76
eq,eQuilibrator,GCF_000020645.1,optimal,79.41509731945597,True,69
eq,eQuilibrator,GCF_000023265.1,optimal,81.51972328945115,True,83
eq,eQuilibrator,GCF_000024425.1,optimal,35.76071077988756,True,86
eq,eQuilibrator,GCF_000025185.1,optimal,81.63358601649323,True,97
eq,eQuilibrator,GCF_000025265.1,optimal,118.06202416040522,True,104
eq,eQuilibrator,GCF_000025725.1,optimal,81.09450129376914,True,84
eq,eQuilibrator,GCF_000046685.1,optimal,49.545932175747666,True,58
eq,eQuilibrator,GCF_000092365.1,optimal,55.1352007013198,True,73
eq,eQuilibrator,GCF_000143845.1,optimal,54.72431064958535,True,74
eq,eQuilibrator,GCF_000164695.2,optimal,93.57057841588875,True,79
eq,eQuilibrator,GCF_000164985.3,optimal,112.77263922807259,True,116
eq,eQuilibrator,GCF_000179915.2,optimal,43.77247716702529,True,83
eq,eQuilibrator,GCF_000195535.1,optimal,43.256374475624575,True,82
eq,eQuilibrator,GCF_000196355.1,optimal,37.67778673874388,True,74
eq,eQuilibrator,GCF_000200595.1,optimal,54.12534347040877,True,64
eq,eQuilibrator,GCF_000219105.1,optimal,95.80826084373636,True,99
eq,eQuilibrator,GCF_000224745.1,optimal,69.26410567377248,True,87
eq,eQuilibrator,GCF_000233715.2,optimal,61.14129841408193,True,86
eq,eQuilibrator,GCF_000237205.1,optimal,0.0,False,69
eq,eQuilibrator,GCF_000253035.1,optimal,57.995856518250655,True,79
eq,eQuilibrator,GCF_000260985.4,optimal,59.74698644913462,True,84
eq,eQuilibrator,GCF_000266885.1,optimal,76.65491948276826,True,86
eq,eQuilibrator,GCF_000270285.1,optimal,30.505056975820057,True,66
eq,eQuilibrator,GCF_000283635.1,optimal,29.59708379933336,True,54
eq,eQuilibrator,GCF_000284095.1,optimal,60.37699395022522,True,78
eq,eQuilibrator,GCF_000284315.1,optimal,61.481151360129715,True,66
eq,eQuilibrator,GCF_000284415.1,optimal,74.36579258530519,True,85
eq,eQuilibrator,GCF_000298115.2,optimal,35.90370984057996,True,69
eq,eQuilibrator,GCF_000307165.1,optimal,35.64463546008523,True,73
eq,eQuilibrator,GCF_000507245.1,optimal,59.851066605857966,True,83
eq,eQuilibrator,GCF_000521655.1,optimal,109.3814203928611,True,96
eq,eQuilibrator,GCF_000599545.1,optimal,125.11660111741631,True,123
eq,eQuilibrator,GCF_000599985.1,optimal,58.28128490806122,True,90
eq,eQuilibrator,GCF_000600005.1,optimal,0.0,False,84
eq,eQuilibrator,GCF_000632475.1,optimal,120.5123423666852,True,128
eq,eQuilibrator,GCF_000724625.1,optimal,73.00465039622863,True,80
eq,eQuilibrator,GCF_000725365.1,optimal,98.27213026953561,True,87
eq,eQuilibrator,GCF_000746585.1,optimal,21.75588756155661,True,56
eq,eQuilibrator,GCF_000756615.1,optimal,97.3164170349173,True,108
eq,eQuilibrator,GCF_000828835.1,optimal,65.9036902300602,True,82
eq,eQuilibrator,GCF_000968135.1,optimal,76.25616242076909,True,89
eq,eQuilibrator,GCF_000968535.2,optimal,65.99122158374013,True,93
eq,eQuilibrator,GCF_000973725.1,optimal,63.28995616361028,True,91
eq,eQuilibrator,GCF_001020955.1,optimal,60.63405481239136,True,65
eq,eQuilibrator,GCF_001021065.1,optimal,100.62832325037532,True,87
eq,eQuilibrator,GCF_001262075.1,optimal,65.70807965321144,True,74
eq,eQuilibrator,GCF_001443605.1,optimal,84.53481968089089,True,82
eq,eQuilibrator,GCF_001544015.1,optimal,73.88170799732596,True,94
eq,eQuilibrator,GCF_001610875.1,optimal,75.33536360612787,True,93
eq,eQuilibrator,GCF_001632845.1,optimal,85.33264129212769,True,86
eq,eQuilibrator,GCF_001636925.1,optimal,50.19257216855311,True,86
eq,eQuilibrator,GCF_001659705.1,optimal,89.79842366790643,True,76
eq,eQuilibrator,GCF_001688725.2,optimal,59.80940493167471,True,65
eq,eQuilibrator,GCF_001688905.2,optimal,79.43072642404499,True,60
eq,eQuilibrator,GCF_001746835.1,optimal,53.06392499330416,True,74
eq,eQuilibrator,GCF_001888165.1,optimal,55.6646154856558,True,77
eq,eQuilibrator,GCF_002005145.1,optimal,76.14364583390567,True,74
eq,eQuilibrator,GCF_002005425.1,optimal,63.96034458635649,True,88
eq,eQuilibrator,GCF_002007605.1,optimal,61.25108594052691,True,91
eq,eQuilibrator,GCF_002082765.1,optimal,80.50265860030014,True,60
eq,eQuilibrator,GCF_002127965.1,optimal,38.53390639180441,True,65
eq,eQuilibrator,GCF_002288005.1,optimal,29.350429773582913,True,69
eq,eQuilibrator,GCF_002302535.1,optimal,41.771850506901416,True,61
eq,eQuilibrator,GCF_002302615.1,optimal,55.06558310948347,True,65
eq,eQuilibrator,GCF_002591335.1,optimal,125.85819557104952,True,118
eq,eQuilibrator,GCF_002951835.1,optimal,89.89609808982878,True,76
eq,eQuilibrator,GCF_003143535.1,optimal,37.85370828159725,True,70
eq,eQuilibrator,GCF_003261575.2,optimal,146.5939061848909,True,136
eq,eQuilibrator,GCF_003352785.1,optimal,27.143660401321558,True,70
eq,eQuilibrator,GCF_003355515.1,optimal,33.61516850863812,True,58
eq,eQuilibrator,GCF_003441595.1,optimal,87.76367355163762,True,110
eq,eQuilibrator,GCF_003966365.1,optimal,66.17073868974708,True,83
eq,eQuilibrator,GCF_004114615.1,optimal,79.14229236258609,True,88
eq,eQuilibrator,GCF_004571195.1,optimal,40.02862618609787,True,78
eq,eQuilibrator,GCF_005280295.1,optimal,46.4819348686415,True,88
eq,eQuilibrator,GCF_006874645.1,optimal,74.81933801987392,True,71
eq,eQuilibrator,GCF_008118345.1,optimal,79.41997177483238,True,84
eq,eQuilibrator,GCF_008805035.1,optimal,31.12983051586137,True,55
eq,eQuilibrator,GCF_009649955.1,optimal,65.66374254082287,True,82
eq,eQuilibrator,GCF_009688965.1,optimal,69.92958091202162,True,100
eq,eQuilibrator,GCF_013377295.1,optimal,0.0,False,76
eq,eQuilibrator,GCF_900066015.1,optimal,93.33719652922272,True,95
eq,eQuilibrator,GCF_900186975.1,optimal,49.03141504050951,True,67
eq,eQuilibrator,GCF_900232105.1,optimal,65.78444247273843,True,77
dgp,dGPredictor,GCF_000007945.1,optimal,0.0,False,55
dgp,dGPredictor,GCF_000008165.1,optimal,87.21121348366218,True,95
dgp,dGPredictor,GCF_000008945.1,optimal,34.29959582213783,True,58
dgp,dGPredictor,GCF_000009905.1,optimal,54.36466731541841,True,73
dgp,dGPredictor,GCF_000010305.1,optimal,66.7287821008694,True,67
dgp,dGPredictor,GCF_000010625.1,optimal,56.073412994494014,True,73
dgp,dGPredictor,GCF_000011305.1,optimal,67.17584969207793,True,79
dgp,dGPredictor,GCF_000014285.1,optimal,64.37945649966026,True,70
dgp,dGPredictor,GCF_000014405.1,optimal,16.258404579017046,True,46
dgp,dGPredictor,GCF_000014425.1,optimal,44.9773089476342,True,45
dgp,dGPredictor,GCF_000014865.1,optimal,28.769295566536336,True,64
dgp,dGPredictor,GCF_000015745.1,optimal,68.46004603253496,True,87
dgp,dGPredictor,GCF_000016345.1,optimal,16.56509502566762,True,71
dgp,dGPredictor,GCF_000016745.1,optimal,36.4946521649084,True,69
dgp,dGPredictor,GCF_000016885.1,optimal,52.64781664239601,True,80
dgp,dGPredictor,GCF_000018405.1,optimal,51.395662051935865,True,65
dgp,dGPredictor,GCF_000020645.1,optimal,62.13563958181319,True,62
dgp,dGPredictor,GCF_000023265.1,optimal,39.88590201888165,True,61
dgp,dGPredictor,GCF_000024425.1,optimal,17.88035538994376,True,73
dgp,dGPredictor,GCF_000025185.1,optimal,49.26186263393131,True,79
dgp,dGPredictor,GCF_000025265.1,optimal,97.13547484676855,True,88
dgp,dGPredictor,GCF_000025725.1,optimal,60.190398068669644,True,70
dgp,dGPredictor,GCF_000046685.1,optimal,21.218768624930192,True,47
dgp,dGPredictor,GCF_000092365.1,optimal,53.38230269900973,True,57
dgp,dGPredictor,GCF_000143845.1,optimal,39.088793321132364,True,65
dgp,dGPredictor,GCF_000164695.2,optimal,73.37497363086896,True,62
dgp,dGPredictor,GCF_000164985.3,optimal,92.56814712865332,True,92
dgp,dGPredictor,GCF_000179915.2,optimal,27.665151033977153,True,65
dgp,dGPredictor,GCF_000195535.1,optimal,25.95382468537477,True,67
dgp,dGPredictor,GCF_000196355.1,optimal,0.0,False,61
dgp,dGPredictor,GCF_000200595.1,optimal,18.95394294531476,True,55
dgp,dGPredictor,GCF_000219105.1,optimal,61.74402163510534,True,82
dgp,dGPredictor,GCF_000224745.1,optimal,41.88505429915993,True,71
dgp,dGPredictor,GCF_000233715.2,optimal,41.86955957410273,True,76
dgp,dGPredictor,GCF_000237205.1,optimal,0.0,False,56
dgp,dGPredictor,GCF_000253035.1,optimal,47.12682155086748,True,69
dgp,dGPredictor,GCF_000260985.4,optimal,45.754704313918886,True,70
dgp,dGPredictor,GCF_000266885.1,optimal,54.75351391626215,True,70
dgp,dGPredictor,GCF_000270285.1,optimal,30.50505697582322,True,54
dgp,dGPredictor,GCF_000283635.1,optimal,15.96933249387876,True,48
dgp,dGPredictor,GCF_000284095.1,optimal,40.25132930014993,True,55
dgp,dGPredictor,GCF_000284315.1,optimal,47.72421550961582,True,56
dgp,dGPredictor,GCF_000284415.1,optimal,53.11842327522082,True,72
dgp,dGPredictor,GCF_000298115.2,optimal,33.07370475103873,True,60
dgp,dGPredictor,GCF_000307165.1,optimal,31.938664987757537,True,63
dgp,dGPredictor,GCF_000507245.1,optimal,54.61832035010335,True,74
dgp,dGPredictor,GCF_000521655.1,optimal,73.37497363086884,True,80
dgp,dGPredictor,GCF_000599545.1,optimal,99.11455106614727,True,102
dgp,dGPredictor,GCF_000599985.1,optimal,54.3258792190836,True,72
dgp,dGPredictor,GCF_000600005.1,optimal,0.0,False,66
dgp,dGPredictor,GCF_000632475.1,optimal,101.48407778247147,True,106
dgp,dGPredictor,GCF_000724625.1,optimal,50.51878343511839,True,64
dgp,dGPredictor,GCF_000725365.1,optimal,79.48955476677433,True,69
dgp,dGPredictor,GCF_000746585.1,optimal,0.0,False,47
dgp,dGPredictor,GCF_000756615.1,optimal,77.82754681067021,True,87
dgp,dGPredictor,GCF_000828835.1,optimal,37.1267258910414,True,67
dgp,dGPredictor,GCF_000968135.1,optimal,53.993990873579946,True,75
dgp,dGPredictor,GCF_000968535.2,optimal,34.2915301292243,True,77
dgp,dGPredictor,GCF_000973725.1,optimal,39.799524111404686,True,80
dgp,dGPredictor,GCF_001020955.1,optimal,30.08630457041382,True,51
dgp,dGPredictor,GCF_001021065.1,optimal,80.50265860030026,True,65
dgp,dGPredictor,GCF_001262075.1,optimal,0.0,False,61
dgp,dGPredictor,GCF_001443605.1,optimal,69.27745690768992,True,74
dgp,dGPredictor,GCF_001544015.1,optimal,55.41128099799383,True,75
dgp,dGPredictor,GCF_001610875.1,optimal,66.84584110390793,True,73
dgp,dGPredictor,GCF_001632845.1,optimal,42.14526912329876,True,68
dgp,dGPredictor,GCF_001636925.1,optimal,46.4485443026296,True,75
dgp,dGPredictor,GCF_001659705.1,optimal,56.01290089133332,True,64
dgp,dGPredictor,GCF_001688725.2,optimal,40.902000665587245,True,60
dgp,dGPredictor,GCF_001688905.2,optimal,58.99397341165192,True,45
dgp,dGPredictor,GCF_001746835.1,optimal,52.362994678938215,True,65
dgp,dGPredictor,GCF_001888165.1,optimal,28.4628915527744,True,72
dgp,dGPredictor,GCF_002005145.1,optimal,59.222835648593524,True,58
dgp,dGPredictor,GCF_002005425.1,optimal,34.549236116389324,True,74
dgp,dGPredictor,GCF_002007605.1,optimal,36.13733897119624,True,73
dgp,dGPredictor,GCF_002082765.1,optimal,56.250562505624984,True,52
dgp,dGPredictor,GCF_002127965.1,optimal,21.988774730500058,True,57
dgp,dGPredictor,GCF_002288005.1,optimal,0.0,False,57
dgp,dGPredictor,GCF_002302535.1,optimal,27.84790033793399,True,58
dgp,dGPredictor,GCF_002302615.1,optimal,18.631341642911718,True,53
dgp,dGPredictor,GCF_002591335.1,optimal,104.88182964254163,True,93
dgp,dGPredictor,GCF_002951835.1,optimal,45.049529705434715,True,63
dgp,dGPredictor,GCF_003143535.1,optimal,34.675286959829464,True,62
dgp,dGPredictor,GCF_003261575.2,optimal,127.32127144737167,True,110
dgp,dGPredictor,GCF_003352785.1,optimal,16.85169831415609,True,57
dgp,dGPredictor,GCF_003355515.1,optimal,18.23267075807799,True,51
dgp,dGPredictor,GCF_003441595.1,optimal,83.4225572342351,True,89
dgp,dGPredictor,GCF_003966365.1,optimal,52.94399994900958,True,61
dgp,dGPredictor,GCF_004114615.1,optimal,59.360920331709075,True,75
dgp,dGPredictor,GCF_004571195.1,optimal,25.10182975604412,True,62
dgp,dGPredictor,GCF_005280295.1,optimal,27.9844742137061,True,69
dgp,dGPredictor,GCF_006874645.1,optimal,53.44238429991019,True,64
dgp,dGPredictor,GCF_008118345.1,optimal,66.90469871699088,True,67
dgp,dGPredictor,GCF_008805035.1,optimal,18.974555392284028,True,52
dgp,dGPredictor,GCF_009649955.1,optimal,52.62585473159073,True,66
dgp,dGPredictor,GCF_009688965.1,optimal,52.4471856840162,True,83
dgp,dGPredictor,GCF_013377295.1,optimal,0.0,False,65
dgp,dGPredictor,GCF_900066015.1,optimal,57.67904151275914,True,77
dgp,dGPredictor,GCF_900186975.1,optimal,49.03141504050924,True,54
dgp,dGPredictor,GCF_900232105.1,optimal,23.041202566444344,True,61
