space	cluster	label	n	gc_median	eq_median	dgp_median	gc_iqr	dgp_iqr	mad_gc_eq	mad_gc_dgp	r_gc_dgp	frac_kegg_vouched	enriched	example_rxns	example_names	top_ec_class
raw	-1	noise	5579	-4.1200	-3.9200	-3.5300	17.3500	18.3800	3.8300	6.4900	0.6666	1.0000	-	rxn00001;rxn00002;rxn00003;rxn00004	diphosphate phosphohydrolase | urea-1-carboxylate amidohydrolase | pyruvate:pyruvate acetaldehydetransfer	1
raw	45	C45	457	0.0000	0.0000	0.0000	0.0000	0.8900	0.4400	0.4600	0.1214	1.0000	-	rxn00044;rxn00083;rxn00102;rxn00105	N-(6-aminohexanoyl)-6-aminohexanoate a | NADPH:NAD+ oxidoreductase | carbonate hydro-lyase (carbon-dioxide-	2
raw	19	C19	305	-14.0000	-3.0400	-3.5500	0.0000	1.3700	10.9600	10.4100	0.0372	1.0000	cof_adp 68% (10.5x); d_phosphoanhydride_nz 91% (9.0x); cof_atp 71% (8.5x); ec2 92% (3.5x)	rxn00077;rxn00078;rxn00100;rxn00124	ATP:NAD+ 2'-phosphotransferase | ATP:NADH 2'-phosphotransferase | ATP:dephospho-CoA 3'-phosphotransferas	2
raw	20	C20	162	7.2200	-3.4250	-2.9600	0.0000	0.4625	10.6600	10.1800	0.2523	1.0000	cof_pi 96% (12.3x); ec3 92% (6.0x); cof_h2o 98% (2.6x); d_hydroxyl_nz 99% (2.0x)	rxn00088;rxn00132;rxn00220;rxn00360	NADP+ 2'-phosphohydrolase | Adenosine 5'-monophosphate phosphohydr | D-Glucose-6-phosphate phosphohydrolase	3
raw	16	C16	110	-21.5200	-2.5600	-1.6200	0.9100	5.1400	18.9600	19.1000	0.3155	1.0000	cof_amp 65% (26.3x); ec6 61% (19.9x); cof_ppi 56% (8.4x); cof_atp 65% (7.8x); cof_coa 50% (7.4x); d_thioester_nz 50% (7.4x)	rxn00113;rxn00138;rxn00147;rxn00175	Carbon-dioxide:ammonia ligase (ADP-for | deamido-NAD+:ammonia ligase (AMP-formi | ATP:pyruvate,water phosphotransferase	6
raw	35	C35	108	3.7900	4.4600	4.3650	0.0900	1.8325	0.6700	0.8650	0.0351	1.0000	cof_nadh 57% (4.8x); cof_nad 57% (4.7x); d_ketone_nz 64% (3.3x); d_aromatic_c_nz 85% (2.8x); d_alkene_nz 85% (2.5x); ec1 81% (2.4x)	rxn00255;rxn00328;rxn00611;rxn00612	4-carboxy-4-hydroxy-2-oxoadipate oxalo | 4-hydroxy-2-oxoglutarate glyoxylate-ly | sn-Glycerol-3-phosphate:NAD+ 2-oxidore	1
raw	15	C15	98	-4.3300	-1.8300	-23.0950	0.0000	0.7250	2.5000	18.7750	0.3722	1.0000	cof_sah 89% (29.5x); cof_sam 89% (27.6x); has_S 94% (4.8x); ec2 91% (3.5x)	rxn00372;rxn00596;rxn00922;rxn01426	Formyl-CoA hydrolase | S-Adenosyl-L-methionine:catechol O-met | S-Adenosyl-L-methionine:phenol O-methy	2
raw	42	C42	96	-3.5200	-2.1750	-2.1800	0.5125	1.2100	1.5000	1.7700	0.3324	1.0000	ec3 51% (3.3x)	rxn00007;rxn00103;rxn00189;rxn00222	alpha,alpha-trehalose glucohydrolase | formate:NADP+ oxidoreductase | L-Glutamine amidohydrolase	3
raw	22	C22	95	9.2400	9.3700	9.2400	1.4700	2.8600	0.7200	1.7700	-0.5470	1.0000	cof_nadh 37% (3.1x); cof_nad 37% (3.0x); d_aromatic_c_nz 77% (2.5x); d_alkene_nz 77% (2.3x); d_ketone_nz 43% (2.2x); ec1 73% (2.2x)	rxn00182;rxn00184;rxn00256;rxn00268	L-glutamate:NAD+ oxidoreductase (deami | L-Glutamate:NADP+ oxidoreductase (deam | acetyl-CoA:oxaloacetate C-acetyltransf	1
raw	24	C24	85	-8.8200	2.6700	3.2000	3.4300	2.4900	10.9600	11.3300	-0.2510	1.0000	cof_pi 52% (6.7x); ec2 65% (2.5x)	rxn00065;rxn00070;rxn00086;rxn00173	ATP diphosphate-lyase (cyclizing; 3',5 | glutathione:NAD+ oxidoreductase | glutathione:NADP+ oxidoreductase	2
raw	8	C8	80	-95.8600	-105.7900	-81.4450	0.0000	4.0375	9.9300	14.4150	0.0564	1.0000	cof_o2 100% (7.0x); cof_nadph 72% (5.2x); cof_nadp 72% (5.2x); d_aromatic_c_nz 100% (3.3x); ec1 99% (3.0x); d_alkene_nz 100% (2.9x)	rxn00586;rxn00589;rxn00960;rxn00962	phenol,NADPH:oxogen oxidoreductase (2- | salicylate,NADH:oxygen oxidoreductase  | 4-hydroxybenzoate,NADH:oxygen oxidored	1
raw	46	C46	79	2.3300	-0.2600	2.5600	0.0000	2.2100	2.5900	1.0200	-0.1992	1.0000	cof_nadh 56% (4.7x); cof_nad 56% (4.6x); d_ketone_nz 82% (4.2x); d_aromatic_c_nz 82% (2.7x); d_alkene_nz 84% (2.5x); ec1 78% (2.4x)	rxn01336;rxn01566;rxn01688;rxn01692	Testosterone:NAD+ 17-oxidoreductase | (-)-menthol:NADP+ oxidoreductase | Estradiol-17alpha:NAD+ 17-oxidoreducta	1
raw	14	C14	78	-24.0200	-22.7100	-22.2700	2.5300	2.4125	1.5800	1.6200	0.7658	1.0000	cof_h2o2 100% (30.1x); cof_nh3 71% (11.6x); cof_o2 100% (7.0x); d_aldehyde_nz 69% (6.1x); ec1 99% (3.0x)	rxn00185;rxn00208;rxn00209;rxn00210	L-Glutamate:oxygen oxidoreductase (dea | Pyridoxamine-5'-phosphate:oxygen oxido | Pyridoxine 5-phosphate:oxygen oxidored	1
raw	25	C25	72	-9.5200	-9.1200	-11.5000	1.5700	1.2650	0.9450	2.2600	0.0395	1.0000	d_aldehyde_nz 56% (4.9x); d_carboxylate_nz 49% (2.4x); cof_h2o 81% (2.1x)	rxn00779;rxn00898;rxn00957;rxn00958	D-glyceraldehyde 3-phosphate:NADP+ oxi | 2,3-Dihydroxy-3-methylbutanoate hydro- | 4-hydroxybenzaldehyde:NAD+ oxidoreduct	1
raw	12	C12	67	-27.2400	-8.5300	-7.9900	1.0700	0.9000	18.9800	20.0700	-0.0536	1.0000	cof_amp 49% (19.8x); d_phosphoanhydride_nz 93% (9.1x); cof_ppi 58% (8.7x); ec3 70% (4.6x); cof_h2o 79% (2.1x)	rxn00063;rxn00076;rxn00121;rxn00212	ATP diphosphohydrolase (diphosphate-fo | NAD+ phosphohydrolase | FAD nucleotidohydrolase	3
raw	3	C3	64	-12.9300	63.9900	2.3050	16.6000	9.6900	71.3650	12.1700	0.0886	1.0000	ec3 52% (3.4x)	rxn00357;rxn00827;rxn00846;rxn00925	UDP-galactose:UDP-N-acetyl-D-glucosami | CTP:N-acetylneuraminate cytidylyltrans | Monomethyl-sulfate sulfohydrolase	3
raw	9	C9	58	-92.6100	-93.8200	-95.6200	1.8100	1.0450	1.2100	2.3150	-0.4226	1.0000	cof_o2 100% (7.0x); cof_nadph 90% (6.4x); cof_nadp 90% (6.4x); d_aromatic_c_nz 100% (3.3x); d_alkene_nz 100% (2.9x); ec1 95% (2.9x)	rxn02726;rxn02967;rxn03104;rxn03196	(6Z,8E,10E,14Z)-(5S,12R)-5,12-Dihydrox | (7E,9E,11Z,14Z)-(5S,6R)-6-(cystein-S-y | 4,4-dimethyl-5alpha-cholest-7-en-3beta	1
raw	39	C39	58	-1.7000	-2.5700	-3.7300	0.4300	1.0425	1.0700	2.1650	-0.2291	1.0000	-	rxn00187;rxn00272;rxn00339;rxn00356	L-Glutamate:ammonia ligase (ADP-formin | L-Alanine:glyoxylate aminotransferase | L-Aspartate:ammonia ligase (ADP-formin	2
raw	38	C38	57	-6.7800	-6.5400	-6.3900	0.0000	0.2200	0.2400	0.3900	-0.0783	1.0000	cof_pi 98% (12.7x); d_phosphoanhydride_nz 98% (9.6x); kegg_heavily_reused 51% (8.3x); ec3 93% (6.1x); is_obsolete 81% (2.7x); cof_h2o 95% (2.5x)	rxn00062;rxn00120;rxn00241;rxn00408	ATP phosphohydrolase | UTP phosphohydrolase | GTP phosphohydrolase	3
raw	23	C23	56	-3.6300	6.1700	6.8200	0.5200	1.7175	9.8000	10.6550	0.3410	1.0000	ec3 68% (4.4x)	rxn00148;rxn00304;rxn00411;rxn00460	ATP:pyruvate 2-O-phosphotransferase | GTP:pyruvate 2-O-phosphotransferase | CTP:pyruvate 2-O-phosphotransferase	3
raw	4	C4	55	-77.2500	-83.2900	-83.5700	10.6100	17.0500	7.3000	14.6500	-0.6437	1.0000	cof_o2 84% (5.8x); cof_nadh 40% (3.4x); cof_nad 40% (3.3x); ec1 93% (2.8x)	rxn00025;rxn00066;rxn00084;rxn00205	beta-Carotene:oxygen 15,15'-oxidoreduc | NADH:hydrogen-peroxide oxidoreductase | NADPH:hydrogen-peroxide oxidoreductase	1
raw	18	C18	48	-1.7000	-12.3700	-13.2600	0.0000	2.1300	10.6700	11.5050	0.0926	1.0000	ec2 75% (2.9x)	rxn00153;rxn00748;rxn00923;rxn00967	Phosphoenolpyruvate phosphohydrolase | glycerone-phosphate phosphate-lyase (m | UDP-glucose:phenol beta-D-glucosyltran	2
raw	34	C34	48	-1.7000	-3.3600	-7.5250	0.2475	1.8700	1.6500	5.8250	-0.5356	1.0000	ec2 69% (2.6x)	rxn00857;rxn01041;rxn01042;rxn01525	N-Acetylputrescine acetylhydrolase | D-xylose:NAD+ 1-oxidoreductase | D-xylose:NADP+ 1-oxidoreductase	2
raw	6	C6	47	-108.2800	-107.8900	-106.6500	1.8900	3.1850	0.5700	1.8600	0.1893	1.0000	cof_co2 70% (9.4x); cof_o2 100% (7.0x); d_ketone_nz 68% (3.5x); ec1 81% (2.4x)	rxn00312;rxn00401;rxn00489;rxn01026	L-Lysine:oxygen 2-oxidoreductase (deca | L-Arginine:oxygen 2-oxidoreductase (de | L-Phenylalanine:oxygen 2-oxidoreductas	1
raw	13	C13	47	-22.5000	-18.6400	-22.4400	0.0000	0.7100	3.8600	0.0600	0.0301	1.0000	cof_ppi 96% (14.2x); ec2 94% (3.6x)	rxn01213;rxn01214;rxn01466;rxn01486	GPPSYN-RXN | Dimethylallyl-diphosphate:isopentenyl- | Geranyl-diphosphate:isopentenyl-diphos	2
raw	32	C32	46	6.2500	7.2600	7.3200	0.0000	1.2100	1.1350	1.0700	-0.5150	1.0000	cof_nadh 59% (4.9x); cof_nad 59% (4.8x); d_ketone_nz 74% (3.8x); d_aromatic_c_nz 80% (2.7x); ec1 80% (2.4x); d_alkene_nz 80% (2.4x)	rxn00141;rxn00178;rxn00248;rxn00249	S-Adenosyl-L-homocysteine hydrolase | Acetyl-CoA:acetyl-CoA C-acetyltransfer | (S)-malate:NAD+ oxidoreductase	1
raw	28	C28	46	-9.7400	-9.1350	-5.7100	0.0000	0.8800	0.6600	4.1300	-0.1797	1.0000	d_aldehyde_nz 96% (8.5x); cof_nadh 67% (5.7x); cof_nad 67% (5.5x); d_carboxylate_nz 96% (4.7x); d_aromatic_c_nz 91% (3.0x); ec1 91% (2.8x)	rxn00183;rxn00196;rxn00508;rxn00509	L-Glutamate 5-semialdehyde:NAD+ oxidor | 2,5-dioxopentanoate:NADP+ 5-oxidoreduc | Succinate-semialdehyde:NAD+ oxidoreduc	1
raw	27	C27	43	-3.1400	-4.0100	5.8100	0.6800	0.9900	0.5000	9.2400	0.3400	1.0000	ec3 42% (2.7x); is_obsolete 74% (2.5x)	rxn00020;rxn00022;rxn01981;rxn02755	cellobiose glucohydrolase | maltose glucohydrolase | (5-L-Glutamyl)-L-amino-acid 5-glutamyl	1
raw	36	C36	43	5.2500	4.9400	5.1900	0.0000	0.5700	0.3200	0.3600	-0.0552	1.0000	d_aldehyde_nz 93% (8.2x); cof_nadh 74% (6.3x); cof_nad 74% (6.1x); d_aromatic_c_nz 93% (3.1x); ec1 93% (2.8x); d_alkene_nz 93% (2.7x)	rxn00157;rxn00230;rxn00536;rxn00543	Acetyl-CoA:formate C-acetyltransferase | diphosphate:acetate phosphotransferase | Ethanol:NADP+ oxidoreductase	1
raw	1	C1	43	-40.9600	-115.4300	-24.8900	9.3900	5.5250	70.1000	16.2600	-0.3961	1.0000	cof_ppi 93% (13.8x); ec4 88% (7.8x)	rxn01658;rxn01661;rxn04173;rxn04174	trans,trans-Farnesyl-diphosphate farne | 2-trans,6-trans-Farnesyl-diphosphate d | Copalyl-diphosphate diphosphate-lyase 	4
raw	17	C17	42	13.1900	14.5000	12.8700	3.4800	4.8375	2.4500	2.5100	-0.7478	1.0000	cof_nadph 36% (2.6x); cof_nadp 36% (2.5x); d_ketone_nz 45% (2.3x)	rxn00069;rxn00380;rxn00945;rxn01816	L-glutamate:NAD+ oxidoreductase (trans | ADP:sulfate adenylyltransferase | hexadecanoyl-CoA:NADP+ trans-2-oxidore	1
raw	10	C10	41	-96.2200	-97.0400	-94.4200	0.0000	2.1800	0.8200	1.6700	-0.0898	1.0000	cof_o2 100% (7.0x); cof_nadph 76% (5.4x); cof_nadp 76% (5.4x); d_aromatic_c_nz 95% (3.1x); d_alkene_nz 95% (2.8x); ec1 90% (2.7x)	rxn01067;rxn01567;rxn01696;rxn02215	Cholesterol,NADPH:oxygen oxidoreductas | (-)-menthol,NADPH:oxygen oxidoreductas | R02356	1
raw	5	C5	40	-14.3100	-69.2900	-8.2500	8.7400	3.9000	54.3800	8.1750	-0.3415	1.0000	-	rxn00385;rxn00386;rxn00387;rxn00758	3'-Phosphoadenylylsulfate:17beta-estra | 3'-Phosphoadenylylsulfate:phenolic-ste | 3'-Phosphoadenylylsulfate:phenolic-ste	2
raw	26	C26	40	-8.5100	-5.5100	-5.6500	0.5775	0.4000	3.0000	2.8600	-0.6028	1.0000	cof_coa 60% (8.8x); d_thioester_nz 60% (8.8x); cof_nh3 38% (6.2x); cof_co2 35% (4.7x); has_S 65% (3.3x); d_carboxylate_nz 60% (2.9x)	rxn00142;rxn00501;rxn00502;rxn00899	S-Adenosyl-L-homocysteine aminohydrola | 3-Oxopropanoate:NAD+ oxidoreductase (d | 3-Oxopropanoate:NADP+ oxidoreductase (	3
raw	47	C47	40	2.1600	-0.1000	0.2100	0.1700	0.6800	2.2600	2.0600	-0.3540	1.0000	ec4 50% (4.4x); d_alkene_nz 92% (2.7x); has_S 50% (2.6x); d_ketone_nz 45% (2.3x)	rxn00449;rxn00678;rxn01338;rxn01410	R00647 | (S)-2-Methyl-3-oxopropanoyl-CoA:pyruva | Testosterone:NADP+ 17-oxidoreductase	4
raw	33	C33	38	0.0000	-0.8500	-4.6200	0.4600	0.8700	0.8000	4.2900	-0.0012	1.0000	-	rxn00012;rxn00015;rxn01037;rxn01038	sucrose:sucrose 1'-beta-D-fructosyltra | putrescine:putrescine 4-aminobutyltran | N-Benzoylglycine amidohydrolase	2
raw	0	C0	37	-190.0300	-234.8500	-184.2000	6.0800	10.7000	44.8200	5.8300	0.4799	1.0000	cof_co2 73% (9.8x); cof_o2 97% (6.8x); cof_nadph 81% (5.8x); cof_nadp 81% (5.8x); d_carboxylate_nz 65% (3.2x); d_aromatic_c_nz 95% (3.1x)	rxn09345;rxn13966;rxn13984;rxn13986	Undecaprenyl diphosphate synthase | L-tyrosine,NADPH:oxygen oxidoreductase | homomethionine,NADPH:oxygen oxidoreduc	1
raw	29	C29	36	-9.7400	-9.1200	-2.9250	0.0000	0.9700	0.6200	6.8150	0.0000	1.0000	d_aldehyde_nz 100% (8.9x); cof_nadh 75% (6.3x); cof_nad 75% (6.2x); d_carboxylate_nz 100% (4.9x); d_aromatic_c_nz 100% (3.3x); d_alkene_nz 100% (2.9x)	rxn01867;rxn01868;rxn01937;rxn01943	p-cumic alcohol:NAD+ oxidoreductase | p-Cumic alcohol:NADP+ oxidoreductase | Indole-3-acetaldehyde:NAD+ oxidoreduct	1
raw	30	C30	36	-3.1200	-5.1900	-6.7500	0.0100	1.9300	2.0800	3.6300	0.3720	1.0000	cof_co2 58% (7.8x); ec4 58% (5.2x); d_carboxylate_nz 61% (3.0x)	rxn00127;rxn00194;rxn00313;rxn00322	S-adenosyl-L-methionine carboxy-lyase  | L-glutamate 1-carboxy-lyase (4-aminobu | meso-2,6-diaminoheptanedioate carboxy-	4
raw	41	C41	36	-5.7200	-6.4600	-7.3500	0.0000	0.0000	0.7400	1.6300	0.7645	1.0000	cof_coa 86% (12.7x); d_thioester_nz 86% (12.7x); ec3 86% (5.6x); has_S 86% (4.4x); d_carboxylate_nz 81% (3.9x); cof_h2o 86% (2.3x)	rxn00101;rxn00943;rxn01126;rxn05048	Urea amidohydrolase | Palmitoyl-CoA hydrolase | 2-amino-2-deoxy-D-gluconate ammonia-ly	3
raw	21	C21	36	9.5000	0.0100	-0.6250	0.0000	0.0600	9.4900	10.1250		1.0000	cof_adp 97% (15.0x); cof_atp 94% (11.3x); ec2 100% (3.8x)	rxn00097;rxn00118;rxn00119;rxn00239	ATP:AMP phosphotransferase | Uridine triphosphate:AMP phosphotransf | ATP:UMP phosphotransferase	2
raw	7	C7	35	-95.8600	-105.7900	-95.2000	0.0000	2.9700	9.9300	0.6900	0.2665	1.0000	cof_o2 100% (7.0x); cof_nadph 71% (5.1x); cof_nadp 71% (5.1x); d_aromatic_c_nz 100% (3.3x); d_alkene_nz 100% (2.9x); ec1 97% (2.9x)	rxn00959;rxn00961;rxn00963;rxn01438	benzoate,NADPH:oxygen oxidoreductase ( | 4-hydroxybenzoate,NADH:oxygen oxidored | 4-hydroxybenzoate,NADPH:oxygen oxidore	1
raw	44	C44	33	1.4700	1.6400	1.8100	0.1600	0.3000	0.4400	0.3900	-0.2129	1.0000	ec4 55% (4.8x)	rxn00257;rxn00276;rxn00907;rxn00973	acetyl-CoA:oxaloacetate C-acetyltransf | Glycine:oxaloacetate aminotransferase | 5,10-methylenetetrahydrofolate:NADP+ o	4
raw	43	C43	33	3.7000	2.5800	2.6400	0.5800	0.3600	1.1600	1.0700	0.4125	1.0000	d_aldehyde_nz 61% (5.4x); cof_nadph 45% (3.3x); cof_nadp 45% (3.2x); cof_nadh 36% (3.1x); cof_nad 36% (3.0x); d_aromatic_c_nz 82% (2.7x)	rxn00505;rxn00541;rxn00603;rxn00992	Isocitrate:NAD+ oxidoreductase (decarb | L-threonine acetaldehyde-lyase (glycin | D-Sorbitol 6-phosphate:NADP+ 1-oxidore	1
raw	31	C31	32	-3.1100	-2.7000	1.7900	0.0000	1.5050	0.4100	4.9000	-0.3681	1.0000	ec3 81% (5.3x); cof_h2o 84% (2.2x)	rxn00016;rxn00819;rxn00838;rxn01065	chitobiose N-acetylglucosaminohydrolas | Galactosylglycerol galactohydrolase | IMP:L-aspartate ligase (GDP-forming)	3
raw	11	C11	31	-40.6000	-40.3800	-39.9300	2.3200	1.0800	0.7100	1.0800	0.2276	1.0000	cof_h2o2 94% (28.1x); cof_o2 94% (6.5x); d_carboxylate_nz 81% (4.0x); d_aldehyde_nz 39% (3.4x); ec1 84% (2.5x); cof_h2o 81% (2.1x)	rxn00052;rxn00152;rxn00156;rxn00204	thiamine-aldehyde:oxygen 5-oxidoreduct | Pyruvate:oxygen 2-oxidoreductase (phos | pyruvate:oxygen 2-oxidoreductase (CoA-	1
raw	2	C2	31	-90.6300	-56.8900	-58.3200	6.6500	1.5100	27.0900	31.1500	-0.0808	1.0000	cof_nadph 100% (7.2x); cof_nadp 100% (7.1x); cof_o2 100% (7.0x); d_aromatic_c_nz 100% (3.3x); d_alkene_nz 97% (2.8x); cof_h2o 97% (2.6x)	rxn00311;rxn00523;rxn03082;rxn03576	L-lysine,NADPH:oxygen oxidoreductase ( | L-tyrosine,NADPH:oxygen oxidoreductase | N-hydroxy-L-tyrosine,NADPH:oxygen oxid	1
raw	37	C37	30	6.2500	4.4500	4.9200	0.0000	0.5100	1.8000	1.3300		1.0000	cof_nadph 73% (5.3x); cof_nadp 73% (5.2x); d_ketone_nz 100% (5.1x); d_aromatic_c_nz 100% (3.3x); ec1 100% (3.0x); d_alkene_nz 100% (2.9x)	rxn00741;rxn01277;rxn01387;rxn01790	2-Hydroxybutyrate:NAD+ oxidoreductase | D-gluconate:NADP+ 2-oxidoreductase | Isocitrate:NADP+ oxidoreductase	1
raw	40	C40	30	-5.2600	-5.7800	-5.9600	0.4400	0.6525	0.4600	0.7000	0.4152	1.0000	cof_coa 63% (9.3x); d_thioester_nz 63% (9.3x); d_amide_nz 50% (5.7x); has_S 63% (3.2x)	rxn00287;rxn00737;rxn00895;rxn01476	Succinyl-CoA hydrolase | L-threonine ammonia-lyase (2-oxobutano | Acetyl-CoA:D-glucosamine N-acetyltrans	2
