family	n	r_gc_eq	rho_gc_eq	mad_gc_eq	n_gc_eq	null_r_gc_eq	excess_gc_eq	p_gc_eq	r_gc_dgp	rho_gc_dgp	mad_gc_dgp	n_gc_dgp	null_r_gc_dgp	excess_gc_dgp	p_gc_dgp	r_eq_dgp	rho_eq_dgp	mad_eq_dgp	n_eq_dgp	null_r_eq_dgp	excess_eq_dgp	p_eq_dgp	median_abs_dg_gc	iqr_dg_gc
cofactor: co2	643	0.9433	0.7795	2.9900	643	0.9144	0.0290	0.1025	0.9671	0.7494	4.5400	643	0.8963	0.0708	0.0525	0.9466	0.7810	3.2100	643	0.8212	0.1253	0.0425	8.1400	31.2400
sum|coeff| > 12	103	0.9534	0.9127	30.8300	103	0.9470	0.0064	0.7100	0.9537	0.9285	6.0300	103	0.8894	0.0644	0.2300	0.9314	0.8828	32.2800	103	0.8581	0.0734	0.1450	157.7100	166.6700
group present: imine	380	0.8972	0.6033	13.4650	380	0.8222	0.0749	0.1375	0.9408	0.6570	8.4500	380	0.8151	0.1257	0.1275	0.9422	0.7786	7.6700	380	0.7105	0.2317	0.0250	12.5400	19.6250
group changes: imine	306	0.9012	0.6183	14.5600	306	0.8477	0.0535	0.3025	0.9397	0.6654	8.7900	306	0.8521	0.0875	0.2075	0.9507	0.7615	7.4450	306	0.7499	0.2008	0.0500	14.1200	24.3900
redox pair (NAD/NADP/FAD)	2269	0.9613	0.8718	2.2300	2269	0.8969	0.0644	0.0000	0.9332	0.7248	4.1900	2269	0.8222	0.1110	0.1600	0.9226	0.7520	3.5200	2269	0.7567	0.1659	0.0025	9.8000	80.7400
cofactor: nadp	1166	0.9574	0.8994	2.5800	1166	0.9045	0.0530	0.0050	0.9316	0.7862	4.7200	1166	0.8268	0.1048	0.2200	0.9169	0.7965	4.0050	1166	0.7616	0.1553	0.0100	13.5700	98.2450
cofactor: nadph	1158	0.9574	0.9024	2.5800	1158	0.9074	0.0500	0.0075	0.9315	0.7903	4.7200	1158	0.8240	0.1075	0.2250	0.9166	0.7961	4.0300	1158	0.7614	0.1552	0.0075	13.5700	98.1800
participants >= 7	888	0.9327	0.8208	10.0850	888	0.8931	0.0396	0.0150	0.9312	0.8181	7.7750	888	0.8754	0.0558	0.0550	0.8908	0.7685	4.7850	888	0.7602	0.1306	0.0125	94.2150	74.7100
cofactor: nadh	1016	0.9724	0.8831	1.6400	1016	0.8643	0.1081	0.0000	0.9301	0.6484	3.2600	1016	0.8133	0.1168	0.1450	0.9237	0.6731	3.1900	1016	0.7319	0.1918	0.0100	6.2200	13.7525
cofactor: nad	1044	0.9709	0.8755	1.7200	1044	0.8646	0.1064	0.0000	0.9289	0.6462	3.3200	1044	0.7972	0.1316	0.1625	0.9241	0.6770	3.0550	1044	0.7154	0.2087	0.0050	6.2200	14.2900
EC 1 oxidoreductase	2777	0.9435	0.9110	2.3200	2777	0.8885	0.0550	0.0000	0.9189	0.8176	4.7600	2777	0.8385	0.0805	0.1825	0.8886	0.8261	3.9800	2777	0.7543	0.1343	0.0000	12.5000	83.1300
group present: ester	480	0.8559	0.5155	3.1700	480	0.8519	0.0040	0.9350	0.9127	0.4798	6.0350	480	0.8304	0.0823	0.3325	0.8019	0.5823	5.1050	480	0.7431	0.0588	0.4925	3.6100	9.3000
group changes: ester	337	0.9164	0.4733	2.9300	337	0.8445	0.0719	0.2150	0.9073	0.4465	5.1800	337	0.8486	0.0587	0.3525	0.8754	0.6483	4.1300	337	0.7486	0.1268	0.1125	3.6100	7.2000
group changes: quaternary_n	766	0.8361	0.4847	4.5700	766	0.8269	0.0092	0.8700	0.9065	0.5552	4.3600	766	0.8034	0.1031	0.2150	0.8660	0.6638	3.9200	766	0.7045	0.1615	0.0900	6.0600	10.8700
cofactor: h	4846	0.8466	0.7603	4.1350	4846	0.8320	0.0146	0.3000	0.9046	0.6942	6.5000	4846	0.7811	0.1235	0.0650	0.8023	0.6981	4.0400	4846	0.6966	0.1057	0.0025	10.5200	22.3000
status OK	7729	0.8216	0.7163	2.7100	7729	0.8352	-0.0137	0.2825	0.8961	0.6232	5.0000	7729	0.7641	0.1320	0.0525	0.7585	0.6985	3.0100	7729	0.6920	0.0665	0.0275	6.8100	14.7800
group changes: aldehyde	972	0.9207	0.8567	1.2550	972	0.8221	0.0986	0.0325	0.8902	0.7685	3.3900	972	0.7213	0.1690	0.1750	0.8233	0.7816	2.4250	972	0.6473	0.1760	0.0500	9.0950	15.2700
max mass < 200 Da	1661	0.7948	0.7049	2.4600	1661	0.8249	-0.0301	0.3200	0.8737	0.6739	3.7800	1661	0.7796	0.0941	0.2975	0.7446	0.7116	2.5900	1661	0.6905	0.0541	0.5000	4.7200	14.1000
KEGG id unique to this reaction	3231	0.8438	0.7384	3.7000	3231	0.8612	-0.0174	0.2400	0.8724	0.6826	6.4500	3231	0.8101	0.0623	0.4925	0.7551	0.7183	4.5800	3231	0.7280	0.0271	0.5425	8.1700	23.5000
cofactor: o2	1166	0.9159	0.7899	6.7350	1166	0.8423	0.0735	0.0000	0.8676	0.7202	7.8800	1166	0.8135	0.0541	0.0575	0.8052	0.6388	7.3350	1166	0.6574	0.1478	0.0000	94.2150	32.8100
group present: halide	111	0.9067	0.8169	10.2300	111	0.8678	0.0389	0.4250	0.8659	0.8228	16.2700	111	0.8511	0.0148	0.8500	0.8352	0.7198	18.1300	111	0.7426	0.0926	0.2250	45.2400	89.0800
contains halogen	111	0.9067	0.8169	10.2300	111	0.8713	0.0354	0.4575	0.8659	0.8228	16.2700	111	0.8604	0.0055	0.9550	0.8352	0.7198	18.1300	111	0.7401	0.0951	0.2925	45.2400	89.0800
cofactor: ppi	565	0.4811	0.7960	10.3500	565	0.7812	-0.3001	0.0000	0.8646	0.7315	8.3000	565	0.7499	0.1147	0.2225	0.5102	0.8084	5.1200	565	0.6587	-0.1485	0.0800	21.5500	18.1600
group changes: alkene	2855	0.9243	0.8512	2.5800	2855	0.8933	0.0310	0.0025	0.8546	0.7428	5.0300	2855	0.8234	0.0312	0.8125	0.7534	0.7658	4.3300	2855	0.7590	-0.0056	0.9175	9.4900	64.2450
group present: alkene	3836	0.9144	0.8361	2.6700	3836	0.8771	0.0372	0.0000	0.8527	0.7134	5.7350	3836	0.8099	0.0428	0.7825	0.7490	0.7381	4.6800	3836	0.7482	0.0008	0.9850	9.1400	32.6650
max carbon <= 6	1461	0.7880	0.6255	2.3100	1461	0.8115	-0.0235	0.6300	0.8452	0.6521	3.4300	1461	0.7107	0.1345	0.3725	0.6772	0.6862	1.7300	1461	0.6324	0.0447	0.6550	4.7200	10.3000
group present: ketone	2394	0.9130	0.7662	2.4600	2394	0.8615	0.0515	0.0100	0.8449	0.6751	4.1700	2394	0.7904	0.0545	0.6400	0.8232	0.7042	3.0600	2394	0.7163	0.1069	0.0375	6.2200	15.9975
cofactor: fadh2	65	0.8338	0.4033	13.4900	65	0.7850	0.0488	0.8450	0.8435	0.2110	10.4400	65	0.8510	-0.0074	0.9375	0.9691	0.5623	5.1300	65	0.7139	0.2552	0.0850	3.8500	12.7900
cofactor: gsh	58	0.7065	0.7175	8.7900	58	0.8283	-0.1217	0.4325	0.8329	0.4212	8.2800	58	0.5393	0.2936	0.4250	0.7024	0.6094	2.5450	58	0.4588	0.2436	0.4200	10.0500	18.3000
cofactor: fad	70	0.8212	0.3210	13.4650	70	0.7720	0.0492	0.7900	0.8318	0.1782	10.4350	70	0.8391	-0.0072	0.9500	0.9690	0.6092	5.1300	70	0.7113	0.2576	0.0525	3.8500	12.9325
1 group type changes	2277	0.6633	0.6182	4.4000	2277	0.8220	-0.1587	0.0000	0.8222	0.5731	4.5900	2277	0.6476	0.1746	0.1700	0.5544	0.7003	2.4200	2277	0.5979	-0.0435	0.5675	7.2200	18.3300
no S	6736	0.8505	0.7463	3.1800	6736	0.8439	0.0067	0.6175	0.8219	0.6649	5.2200	6736	0.7716	0.0503	0.5375	0.7193	0.7494	3.0400	6736	0.7022	0.0171	0.6000	7.3400	18.3300
group changes: ketone	1658	0.9098	0.7873	2.2600	1658	0.8525	0.0573	0.0400	0.8216	0.7036	3.8150	1658	0.7784	0.0431	0.7075	0.8013	0.7070	3.1600	1658	0.7074	0.0939	0.1350	6.2200	16.2600
no P	3071	0.8188	0.6824	2.8400	3071	0.8287	-0.0099	0.6675	0.8191	0.6294	5.3300	3071	0.7905	0.0287	0.7625	0.6730	0.6495	4.1300	3071	0.6986	-0.0255	0.6325	5.1400	16.9300
group changes: sulfonate	65	0.4023	0.3627	55.7500	65	0.8154	-0.4131	0.0000	0.8179	0.6737	14.6100	65	0.8333	-0.0154	0.8775	-0.1112	-0.1783	68.9300	65	0.7124	-0.8236	0.0000	16.3100	40.0800
group present: epoxide	147	0.8517	0.7901	26.9200	147	0.8962	-0.0445	0.2150	0.8177	0.7326	13.8800	147	0.8760	-0.0583	0.3450	0.6116	0.7518	10.1300	147	0.7880	-0.1764	0.0375	70.8700	91.5850
group changes: epoxide	141	0.8512	0.7945	26.9200	141	0.8826	-0.0313	0.3850	0.8133	0.7288	14.1300	141	0.8868	-0.0735	0.0925	0.6091	0.7544	10.1300	141	0.7698	-0.1607	0.0525	71.0600	91.7600
C/H/O only	1258	0.8493	0.7710	2.5850	1258	0.8363	0.0130	0.7100	0.8003	0.6304	5.4450	1258	0.8006	-0.0002	1.0000	0.6296	0.7220	3.8300	1258	0.7034	-0.0737	0.2550	6.2100	19.8375
group present: aldehyde	1033	0.9143	0.8357	1.3800	1033	0.8195	0.0948	0.0325	0.7926	0.7521	3.6100	1033	0.7217	0.0709	0.5800	0.7670	0.7750	2.4800	1033	0.6344	0.1327	0.1650	8.9500	15.2700
participants 5-6	3690	0.7158	0.7106	2.9600	3690	0.7797	-0.0639	0.0325	0.7839	0.5941	6.0050	3690	0.7180	0.0659	0.7025	0.6604	0.6075	3.3300	3690	0.6238	0.0366	0.4500	9.5300	16.3300
group present: quaternary_n	2246	0.8307	0.5944	2.8700	2246	0.8101	0.0206	0.5450	0.7813	0.5426	4.8950	2246	0.7294	0.0519	0.6875	0.7503	0.6259	3.3750	2246	0.6534	0.0969	0.1575	5.6800	14.0300
group present: amide	3863	0.8986	0.7946	2.4000	3863	0.8591	0.0395	0.0050	0.7738	0.6642	4.3900	3863	0.7963	-0.0225	0.9250	0.8164	0.6943	3.4500	3863	0.7236	0.0928	0.0150	6.3300	18.2900
cofactor: h2o	3154	0.8963	0.8085	3.2750	3154	0.8645	0.0317	0.0350	0.7714	0.7651	5.7350	3154	0.7902	-0.0188	0.9575	0.8046	0.7769	3.3500	3154	0.7210	0.0836	0.0200	9.6500	27.8700
cofactor: nh3	519	0.6708	0.6440	2.2600	519	0.7342	-0.0634	0.5350	0.7712	0.7206	3.0800	519	0.7173	0.0539	0.8200	0.6869	0.7813	1.8000	519	0.5822	0.1047	0.3600	7.6200	17.9400
group present: primary_amine	4508	0.8351	0.7305	2.8100	4508	0.8456	-0.0106	0.5125	0.7691	0.6233	5.6300	4508	0.7744	-0.0052	0.9950	0.7712	0.6624	3.2500	4508	0.7067	0.0644	0.0850	8.0650	16.1900
group present: sulfonate	169	0.3641	0.4322	10.5300	169	0.7919	-0.4278	0.0000	0.7686	0.5712	9.5700	169	0.8070	-0.0383	0.7725	-0.0351	-0.0177	52.6600	169	0.6851	-0.7203	0.0000	13.1500	15.8500
group present: aromatic_c	5791	0.8297	0.7242	3.1800	5791	0.8441	-0.0144	0.2850	0.7617	0.6252	6.3300	5791	0.7751	-0.0134	0.9525	0.7516	0.6778	3.5400	5791	0.6987	0.0528	0.1425	7.6800	17.6400
has aromatic ring	5791	0.8297	0.7242	3.1800	5791	0.8449	-0.0152	0.2850	0.7617	0.6252	6.3300	5791	0.7694	-0.0077	0.9625	0.7516	0.6778	3.5400	5791	0.7041	0.0475	0.1250	7.6800	17.6400
group present: ether	5820	0.8292	0.6855	2.9300	5820	0.8457	-0.0165	0.2500	0.7582	0.5842	6.1100	5820	0.7684	-0.0102	0.9500	0.7439	0.6631	3.0700	5820	0.7034	0.0405	0.3050	7.0600	15.1400
group present: hydroxyl	6996	0.8354	0.7043	2.8900	6996	0.8416	-0.0063	0.6475	0.7580	0.6062	5.7400	6996	0.7639	-0.0059	0.9425	0.7279	0.6835	3.0700	6996	0.6901	0.0379	0.2600	7.2200	15.4900
contains N	6353	0.8314	0.7021	2.7200	6353	0.8391	-0.0076	0.6025	0.7546	0.6117	5.3500	6353	0.7618	-0.0072	0.9725	0.7564	0.6715	3.0100	6353	0.6970	0.0595	0.0800	6.9000	15.1000
group changes: aromatic_n	2343	0.9430	0.8654	2.2800	2343	0.8950	0.0480	0.0000	0.7505	0.7233	4.4500	2343	0.8257	-0.0752	0.3450	0.8344	0.7484	3.8700	2343	0.7590	0.0754	0.0800	9.8000	80.5450
group changes: aromatic_c	2535	0.9359	0.8610	2.5800	2535	0.8850	0.0509	0.0000	0.7477	0.7392	5.0700	2535	0.8194	-0.0717	0.4100	0.8175	0.7498	4.3100	2535	0.7476	0.0699	0.0800	9.8000	84.4900
group present: aromatic_n	5103	0.8340	0.7157	2.8900	5103	0.8431	-0.0091	0.5550	0.7477	0.6025	5.8800	5103	0.7769	-0.0292	0.8925	0.7558	0.6628	3.1000	5103	0.7010	0.0548	0.1500	7.2200	15.9600
KEGG: single id	8311	0.8346	0.7117	3.0400	8311	0.8351	-0.0005	0.9775	0.7438	0.6282	5.5000	8311	0.7463	-0.0025	0.9600	0.6844	0.6917	3.1800	8311	0.6865	-0.0020	0.9275	7.2200	16.5500
ALL (3-source)	8359	0.8339	0.7117	3.0400	8359	0.8362	-0.0023	0.8850	0.7428	0.6256	5.5000	8359	0.7510	-0.0082	0.8550	0.6844	0.6894	3.1800	8359	0.6856	-0.0013	0.9675	7.2200	16.4750
non-transport	8359	0.8339	0.7117	3.0400	8359	0.8349	-0.0010	0.9125	0.7428	0.6256	5.5000	8359	0.7539	-0.0111	0.8350	0.6844	0.6894	3.1800	8359	0.6888	-0.0044	0.8850	7.2200	16.4750
formula: fully specified	8359	0.8339	0.7117	3.0400	8359	0.8348	-0.0009	0.9300	0.7428	0.6256	5.5000	8359	0.7496	-0.0068	0.8450	0.6844	0.6894	3.1800	8359	0.6869	-0.0026	0.9225	7.2200	16.4750
no metal	8359	0.8339	0.7117	3.0400	8359	0.8354	-0.0015	0.9100	0.7428	0.6256	5.5000	8359	0.7582	-0.0154	0.7975	0.6844	0.6894	3.1800	8359	0.6864	-0.0020	0.9450	7.2200	16.4750
KEGG map vouched by MSDB alias	8359	0.8339	0.7117	3.0400	8359	0.8353	-0.0014	0.9000	0.7428	0.6256	5.5000	8359	0.7543	-0.0115	0.8400	0.6844	0.6894	3.1800	8359	0.6858	-0.0014	0.9650	7.2200	16.4750
structures: all participants have SMILES	8359	0.8339	0.7117	3.0400	8359	0.8356	-0.0017	0.9125	0.7428	0.6256	5.5000	8359	0.7552	-0.0124	0.8650	0.6844	0.6894	3.1800	8359	0.6856	-0.0012	0.9600	7.2200	16.4750
max carbon > 20	3618	0.9099	0.8270	2.5000	3618	0.8670	0.0430	0.0000	0.7420	0.6938	4.5900	3618	0.7969	-0.0549	0.7425	0.7327	0.7077	3.9400	3618	0.7316	0.0012	0.9800	7.2200	23.8500
max mass > 500 Da	4402	0.8557	0.7657	2.5800	4402	0.8491	0.0065	0.6200	0.7412	0.6486	5.0600	4402	0.7952	-0.0540	0.6125	0.7247	0.6943	3.1100	4402	0.7128	0.0119	0.7975	7.3700	17.3350
>=4 group types change	2892	0.9133	0.8219	2.5800	2892	0.8939	0.0194	0.1000	0.7403	0.7590	4.6000	2892	0.8390	-0.0987	0.1450	0.7814	0.7824	3.8350	2892	0.7688	0.0126	0.7575	8.6900	39.9850
group present: phosphoanhydride	4492	0.8498	0.7814	2.7100	4492	0.8454	0.0045	0.7450	0.7376	0.6803	4.9600	4492	0.7876	-0.0499	0.7225	0.7139	0.7256	2.9700	4492	0.7111	0.0028	0.9450	8.9200	18.6100
no halogen	8248	0.8309	0.7089	3.0100	8248	0.8322	-0.0012	0.9250	0.7365	0.6204	5.4200	8248	0.7485	-0.0119	0.8375	0.6786	0.6906	3.1550	8248	0.6833	-0.0047	0.8850	7.2200	15.5850
group present: carboxylate	4232	0.8429	0.6792	2.6050	4232	0.8410	0.0018	0.9125	0.7279	0.5892	4.7850	4232	0.7696	-0.0417	0.7825	0.7623	0.6792	3.1700	4232	0.6923	0.0701	0.0925	6.2200	13.3750
contains P	5288	0.8387	0.7216	3.3800	5288	0.8407	-0.0020	0.9125	0.7255	0.6204	5.5800	5288	0.7482	-0.0228	0.8475	0.6960	0.7128	2.8300	5288	0.6858	0.0102	0.7925	7.2200	16.4725
group present: phosphate	5280	0.8384	0.7212	3.3800	5280	0.8396	-0.0012	0.9625	0.7251	0.6199	5.5450	5280	0.7537	-0.0286	0.8250	0.6955	0.7122	2.8300	5280	0.6866	0.0089	0.8200	7.2200	16.4025
cofactor: h2o2	286	0.8662	0.6647	1.5300	286	0.7134	0.1528	0.0100	0.7170	0.6313	3.1100	286	0.7504	-0.0334	0.6325	0.7040	0.7544	2.6750	286	0.6076	0.0964	0.1800	26.9550	18.0100
max carbon 7-20	3280	0.6475	0.5921	7.2150	3280	0.7837	-0.1362	0.0000	0.7102	0.5178	8.2850	3280	0.7195	-0.0093	0.9600	0.5680	0.6536	3.1750	3280	0.6273	-0.0593	0.2475	8.4800	14.0350
KEGG id shared by >50 reactions	165	0.9588	0.6757	4.3500	165	0.8446	0.1142	0.0975	0.7081	0.5203	7.0400	165	0.7944	-0.0863	0.5525	0.7456	0.7535	3.5200	165	0.6970	0.0486	0.6975	7.2200	22.3900
no N	2006	0.8537	0.7381	4.1300	2006	0.8333	0.0204	0.4175	0.7037	0.6527	5.8950	2006	0.7495	-0.0458	0.7050	0.4887	0.7276	3.9500	2006	0.6675	-0.1787	0.0000	7.8350	22.6200
group present: sulfate_ester	73	0.2305	0.0418	45.0900	73	0.7564	-0.5260	0.0000	0.7022	0.5466	10.6700	73	0.8053	-0.1030	0.3050	-0.0862	-0.1072	59.2600	73	0.6257	-0.7119	0.0000	14.0300	11.8100
group changes: hydroxyl	4020	0.8800	0.7074	2.9300	4020	0.8554	0.0246	0.1025	0.6923	0.6476	6.2700	4020	0.7995	-0.1072	0.1150	0.6935	0.7024	3.2100	4020	0.7193	-0.0258	0.5300	7.2200	16.3300
max mass 200-500 Da	2296	0.7862	0.6203	6.6850	2296	0.8211	-0.0349	0.2400	0.6918	0.5538	8.4650	2296	0.7074	-0.0156	0.9400	0.5452	0.6419	4.1650	2296	0.6352	-0.0901	0.1125	7.2200	16.3400
2-3 group types change	3190	0.7555	0.6100	3.3350	3190	0.7987	-0.0433	0.1550	0.6889	0.4698	6.8650	3190	0.7480	-0.0591	0.6250	0.5249	0.5495	3.2300	3190	0.6547	-0.1298	0.0050	6.9000	13.3000
group changes: disulfide	41	0.8749	0.6767	18.1700	41	0.8511	0.0238	0.9125	0.6806	0.3157	17.8600	41	0.3571	0.3235	0.3400	0.7761	0.6948	0.9000	41	0.3247	0.4514	0.0925	21.9700	34.0500
aliphatic ring only	1215	0.8287	0.6528	4.1000	1215	0.8177	0.0109	0.7925	0.6720	0.6225	6.1600	1215	0.7222	-0.0501	0.7000	0.5134	0.6940	3.8500	1215	0.6383	-0.1249	0.1275	7.2200	16.3250
group present: acetal	1487	0.7747	0.4021	2.5800	1487	0.7811	-0.0064	0.9250	0.6649	0.4042	5.1700	1487	0.7369	-0.0719	0.6300	0.6340	0.5720	2.5700	1487	0.6290	0.0050	0.9600	3.1100	7.8150
group changes: carboxylate	1741	0.8338	0.6942	2.3100	1741	0.8212	0.0126	0.6550	0.6602	0.5847	4.5000	1741	0.8284	-0.1682	0.0650	0.7212	0.6399	3.7700	1741	0.7166	0.0046	0.9125	8.0400	13.4300
group present: disulfide	49	0.3284	0.5177	18.2700	49	0.8509	-0.5225	0.0000	0.6580	0.2138	17.8600	49	0.3792	0.2788	0.4925	0.4549	0.7374	0.8000	49	0.3092	0.1457	0.6775	14.5200	30.1900
max|coeff| > 2	231	0.9420	0.8252	18.3700	231	0.9368	0.0052	0.7900	0.6416	0.8951	10.0900	231	0.9016	-0.2599	0.0250	0.7656	0.7925	17.4900	231	0.8615	-0.0959	0.1175	37.5900	112.4300
EC 5 isomerase	449	0.8926	0.4927	1.6400	449	0.8152	0.0774	0.3050	0.6379	0.2403	2.6400	449	0.8092	-0.1713	0.1100	0.6982	0.4768	1.7300	449	0.7083	-0.0101	0.9125	0.8900	1.5600
no rings	1353	0.9282	0.7265	2.2600	1353	0.7977	0.1305	0.0050	0.6314	0.6314	3.2000	1353	0.7457	-0.1143	0.2825	0.4347	0.7436	1.6300	1353	0.6429	-0.2082	0.0150	4.7200	12.1100
group changes: acetal	427	0.8921	0.6773	2.0000	427	0.8142	0.0779	0.3500	0.5900	0.6080	3.7300	427	0.7756	-0.1856	0.1300	0.7600	0.7008	2.3400	427	0.6682	0.0918	0.4450	2.9000	8.3400
cofactor: coa	541	0.2783	0.5721	1.4000	541	0.6476	-0.3694	0.0000	0.5378	0.4641	3.7200	541	0.5441	-0.0063	0.9850	0.2630	0.4717	2.4500	541	0.4417	-0.1787	0.2475	5.7500	7.0800
group changes: thiol	622	0.2948	0.5287	1.9050	622	0.6393	-0.3445	0.0025	0.5037	0.4577	3.8900	622	0.5036	0.0001	1.0000	0.2654	0.5036	2.7900	622	0.4196	-0.1542	0.2550	5.7500	7.0800
sum|coeff| <= 6	6985	0.7431	0.6321	2.8700	6985	0.8055	-0.0623	0.0050	0.4984	0.5248	5.1700	6985	0.6919	-0.1936	0.0100	0.4589	0.6175	2.8500	6985	0.6248	-0.1659	0.0000	5.7200	14.2600
group present: thiol	640	0.2902	0.5202	1.9900	640	0.6615	-0.3713	0.0000	0.4900	0.4562	3.9300	640	0.5528	-0.0628	0.8000	0.2619	0.5106	2.7900	640	0.4472	-0.1854	0.2125	5.7500	7.7875
group changes: ether	1332	0.8537	0.5297	3.7600	1332	0.8801	-0.0264	0.2700	0.4775	0.4911	8.7750	1332	0.8408	-0.3633	0.0000	0.5358	0.6203	5.2700	1332	0.7594	-0.2236	0.0025	4.0100	8.7600
cofactor: pi	679	0.3077	0.1011	9.8100	679	0.8244	-0.5167	0.0000	0.4704	0.1423	9.4500	679	0.5368	-0.0663	0.7300	0.3797	0.6658	0.9600	679	0.4718	-0.0920	0.5075	7.2200	14.5300
contains S	1623	0.7889	0.5517	2.6400	1623	0.7717	0.0172	0.7950	0.4431	0.4106	6.3100	1623	0.6971	-0.2540	0.1300	0.4806	0.3918	4.1100	1623	0.6108	-0.1302	0.0875	5.7500	10.6300
EC 2 transferase	2173	0.7495	0.4454	4.6600	2173	0.7410	0.0086	0.9075	0.4400	0.3336	7.1300	2173	0.7165	-0.2765	0.0375	0.3181	0.4942	2.9900	2173	0.5923	-0.2742	0.0000	5.7500	14.0300
participants <= 4	3781	0.7687	0.5009	2.8700	3781	0.8347	-0.0660	0.0125	0.4304	0.4271	4.7800	3781	0.6782	-0.2479	0.0075	0.3954	0.6334	2.8200	3781	0.6363	-0.2409	0.0000	3.7200	8.0900
EC none	648	0.9035	0.7038	4.2900	648	0.8685	0.0350	0.3775	0.4224	0.6197	6.5800	648	0.7019	-0.2795	0.0725	0.5495	0.6676	5.5150	648	0.6365	-0.0871	0.5100	10.3800	23.3325
cofactor: amp	208	0.0545	0.4280	18.9200	208	0.5978	-0.5433	0.0000	0.4201	0.3548	15.6000	208	0.6926	-0.2725	0.0450	0.3145	0.6679	2.1650	208	0.5774	-0.2628	0.0525	21.5500	9.2600
EC 4 lyase	969	0.7353	0.7485	2.5600	969	0.8070	-0.0718	0.1700	0.4012	0.5158	4.7200	969	0.7861	-0.3850	0.0250	0.3888	0.6517	3.0800	969	0.6746	-0.2858	0.0000	4.7500	10.8800
group changes: amide	744	0.9078	0.4617	4.3900	744	0.8185	0.0894	0.1125	0.3656	0.4117	4.4900	744	0.7946	-0.4290	0.0250	0.5194	0.5665	3.9200	744	0.6867	-0.1674	0.0775	5.2900	11.6300
status not OK (unbalanced)	630	0.8977	0.6920	11.9000	630	0.8475	0.0502	0.2400	0.3249	0.6412	12.9950	630	0.6484	-0.3236	0.0200	0.3459	0.5919	7.8050	630	0.5815	-0.2356	0.0025	14.0800	37.7575
KEGG: multiple ids (averaged)	48	0.6698	0.6443	1.6850	48	0.7175	-0.0477	0.8925	0.2998	-0.0079	5.6050	48	0.7138	-0.4140	0.0900	0.6973	0.1536	3.6100	48	0.6019	0.0954	0.7650	2.0100	4.1750
phosphoryl transfer (ATP/ADP/AMP)	809	0.0996	0.4439	10.5300	809	0.6908	-0.5912	0.0000	0.2911	0.4295	10.1000	809	0.7589	-0.4678	0.0075	0.4573	0.6471	1.5100	809	0.5894	-0.1321	0.1025	14.0300	12.3600
cofactor: thf	48	0.4109	0.2621	3.5800	48	0.7228	-0.3119	0.1125	0.2830	0.4602	3.7500	48	0.7305	-0.4476	0.0925	0.4702	0.5503	1.7800	48	0.6273	-0.1571	0.5475	2.0900	5.7500
EC 3 hydrolase	1299	0.2264	0.3770	5.1800	1299	0.8007	-0.5743	0.0000	0.2609	0.4681	5.9000	1299	0.5650	-0.3041	0.0150	0.1178	0.4545	2.2900	1299	0.5257	-0.4079	0.0000	5.7500	9.3850
group changes: primary_amine	282	0.8910	0.5539	9.5200	282	0.7941	0.0969	0.2400	0.2579	0.6339	5.9000	282	0.8012	-0.5433	0.0050	0.3985	0.6482	8.8600	282	0.6832	-0.2847	0.0225	8.8800	16.2000
cofactor: adp	563	0.2800	0.4543	9.7100	563	0.7371	-0.4571	0.0000	0.2487	0.3902	9.2500	563	0.5833	-0.3346	0.0900	0.6833	0.6139	1.1500	563	0.4686	0.2146	0.0900	14.0000	12.9650
cofactor: atp	720	0.0931	0.4087	10.4550	720	0.6369	-0.5438	0.0000	0.2410	0.3737	10.1400	720	0.7353	-0.4943	0.0075	0.4907	0.6096	1.4500	720	0.5624	-0.0717	0.3125	14.0300	11.9400
EC 6 ligase	257	0.0598	0.3972	15.5300	257	0.7441	-0.6843	0.0000	0.2136	0.1513	11.3500	257	0.7874	-0.5738	0.0025	0.3792	0.4482	2.2400	257	0.6803	-0.3010	0.0325	11.1300	18.6700
group present: thioester	826	0.8397	0.7007	1.7500	826	0.8066	0.0331	0.5900	0.1805	0.4738	3.8900	826	0.7324	-0.5520	0.0000	0.2965	0.4743	2.8350	826	0.6340	-0.3375	0.0000	5.2900	7.5975
cofactor: none of tracked set	1091	0.8725	0.6307	2.1800	1091	0.8320	0.0405	0.4250	0.1802	0.3848	3.9800	1091	0.7717	-0.5914	0.0000	0.1714	0.5618	2.3900	1091	0.6895	-0.5181	0.0000	1.7000	2.3200
cofactor: sam	264	0.6005	0.3278	10.5800	264	0.7335	-0.1330	0.1825	0.1046	-0.3374	18.7200	264	0.7637	-0.6591	0.0000	0.4115	0.1034	16.4500	264	0.6448	-0.2333	0.0275	4.3600	8.7500
cofactor: sah	248	0.6234	0.3853	9.7700	248	0.7040	-0.0806	0.5400	0.0893	-0.3741	18.7200	248	0.7188	-0.6295	0.0000	0.4243	0.1089	17.1200	248	0.6092	-0.1848	0.1250	5.1700	8.7500
group changes: thioester	544	0.8423	0.5886	1.4200	544	0.6167	0.2257	0.2100	0.0816	0.4648	3.7200	544	0.5059	-0.4243	0.0125	0.1514	0.4582	2.4650	544	0.4060	-0.2546	0.0925	5.7500	7.0800
group changes: phosphoanhydride	881	0.7738	0.3250	10.9800	881	0.6770	0.0969	0.1250	0.0042	0.3219	10.5900	881	0.7953	-0.7910	0.0000	0.1866	0.6109	1.3700	881	0.6087	-0.4221	0.0000	14.0300	9.5300
cofactor: glu	265	0.8626	0.6072	1.8600	265	0.8021	0.0606	0.5925	-0.2116	0.5108	2.7700	265	0.7813	-0.9930	0.0000	-0.0414	0.6981	1.7500	265	0.6807	-0.7221	0.0000	2.4600	6.3500
cofactor: gln	70	0.8686	0.6605	3.4000	70	0.8218	0.0467	0.7250	-0.3417	0.6066	3.1250	70	0.7156	-1.0573	0.0000	-0.1603	0.6184	0.6700	70	0.6120	-0.7723	0.0025	6.6000	20.2575
