family	n	dominant_source	dominant_source_purity
methyltransferase	81	dGP	0.988
(no family term / unidentified)	67	eQ	0.522
hydrolase	54	eQ	0.519
glucosidase	43	eQ	1.0
dehydrogenase	34	eQ	0.559
sulfotransferase	34	dGP	1.0
transferase	31	dGP	0.742
synthase	21	dGP	0.714
isomerase	17	dGP	0.588
lyase	15	dGP	0.8
reductase	12	eQ	0.75
hydratase	11	dGP	0.909
oxidase	11	dGP	0.909
deaminase	4	dGP	0.75
kinase	4	eQ	0.5
synthetase	4	dGP	0.75
peptidase	4	eQ	0.75
dioxygenase	3	dGP	1.0
mutase	3	dGP	1.0
monooxygenase	3	dGP	0.667
ligase	3	dGP	0.667
acyltransferase	3	eQ	1.0
glycosidase	2	eQ	1.0
cyclase	1	eQ	1.0
