rxn_id,old_directionality,new_directionality
rxn00003,uncertain,forward
rxn00004,forward,reversible
rxn00009,forward,reversible
rxn00012,reversible,forward
rxn00017,uncertain,reversible
rxn00039,reversible,forward
rxn00046,reversible,forward
rxn00050,reverse,uncertain
rxn00053,forward,uncertain
rxn00068,forward,uncertain
rxn00069,reverse,reversible
rxn00070,reversible,reverse
rxn00071,reverse,forward
rxn00074,reverse,reversible
rxn00076,uncertain,forward
rxn00085,uncertain,reverse
rxn00090,uncertain,forward
rxn00093,reversible,forward
rxn00103,forward,reversible
rxn00105,forward,reversible
rxn00108,reverse,forward
rxn00109,forward,reverse
rxn00114,forward,reversible
rxn00122,forward,reversible
rxn00134,reversible,forward
rxn00143,reversible,forward
rxn00145,reversible,forward
rxn00164,reverse,reversible
rxn00171,forward,reversible
rxn00183,forward,reversible
rxn00196,reversible,forward
rxn00206,uncertain,forward
rxn00213,forward,reversible
rxn00226,forward,reversible
rxn00230,forward,reverse
rxn00245,forward,reversible
rxn00251,forward,reversible
rxn00252,forward,reversible
rxn00258,reversible,forward
rxn00270,reversible,forward
rxn00271,forward,reversible
rxn00272,reversible,forward
rxn00273,reversible,reverse
rxn00274,forward,reverse
rxn00281,forward,uncertain
rxn00284,reversible,uncertain
rxn00288,reversible,forward
rxn00293,forward,reversible
rxn00304,forward,reversible
rxn00305,forward,reversible
rxn00306,reverse,reversible
rxn00308,forward,reversible
rxn00309,forward,reversible
rxn00314,forward,reverse
rxn00317,reversible,forward
rxn00321,reversible,forward
rxn00324,reverse,reversible
rxn00335,forward,reversible
rxn00355,forward,reversible
rxn00357,reversible,forward
rxn00368,reversible,forward
rxn00370,forward,reversible
rxn00379,forward,reversible
rxn00380,forward,reverse
rxn00386,reversible,forward
rxn00393,reversible,forward
rxn00403,forward,reverse
rxn00404,reversible,forward
rxn00411,forward,reverse
rxn00415,reversible,forward
rxn00418,forward,reversible
rxn00419,forward,uncertain
rxn00421,forward,reversible
rxn00424,reversible,forward
rxn00435,reversible,forward
rxn00449,reversible,forward
rxn00451,reversible,forward
rxn00453,reversible,forward
rxn00454,reversible,forward
rxn00460,forward,reverse
rxn00462,reversible,reverse
rxn00466,reversible,reverse
rxn00471,forward,uncertain
rxn00474,reversible,forward
rxn00476,forward,reversible
rxn00485,forward,reversible
rxn00486,forward,reversible
rxn00510,reversible,forward
rxn00512,forward,reverse
rxn00515,forward,reversible
rxn00517,reversible,reverse
rxn00518,reversible,forward
rxn00519,forward,reversible
rxn00521,reversible,forward
rxn00531,reversible,forward
rxn00532,reversible,reverse
rxn00535,forward,uncertain
rxn00540,reverse,reversible
rxn00542,forward,uncertain
rxn00544,reverse,reversible
rxn00548,reversible,forward
rxn00552,forward,reversible
rxn00553,reversible,forward
rxn00557,reversible,forward
rxn00564,forward,reverse
rxn00567,forward,reversible
rxn00571,reversible,reverse
rxn00572,uncertain,reverse
rxn00580,reversible,forward
rxn00581,reversible,forward
rxn00582,reversible,forward
rxn00583,reversible,forward
rxn00585,reversible,forward
rxn00598,uncertain,forward
rxn00601,reversible,forward
rxn00605,reversible,forward
rxn00609,reverse,forward
rxn00617,reversible,forward
rxn00618,reversible,forward
rxn00619,reversible,forward
rxn00625,uncertain,forward
rxn00631,reversible,reverse
rxn00635,reversible,forward
rxn00641,forward,reversible
rxn00643,reversible,forward
rxn00669,forward,reversible
rxn00672,forward,reversible
rxn00680,reversible,uncertain
rxn00684,uncertain,reverse
rxn00690,forward,reversible
rxn00693,reversible,forward
rxn00700,forward,reversible
rxn00703,forward,uncertain
rxn00707,reversible,forward
rxn00712,reversible,forward
rxn00713,reversible,forward
rxn00715,reversible,forward
rxn00719,reversible,reverse
rxn00720,reversible,reverse
rxn00739,reversible,reverse
rxn00745,reversible,forward
rxn00753,reversible,forward
rxn00755,reversible,forward
rxn00762,reversible,forward
rxn00764,reversible,reverse
rxn00765,reversible,reverse
rxn00769,uncertain,forward
rxn00770,reversible,forward
rxn00771,reversible,forward
rxn00773,forward,uncertain
rxn00776,reversible,reverse
rxn00782,reverse,reversible
rxn00783,forward,reversible
rxn00800,reversible,forward
rxn00801,reversible,forward
rxn00803,reversible,forward
rxn00804,forward,reversible
rxn00813,reversible,forward
rxn00822,reversible,forward
rxn00826,reversible,forward
rxn00837,reverse,uncertain
rxn00840,reversible,reverse
rxn00842,reversible,forward
rxn00850,reversible,forward
rxn00856,reversible,forward
rxn00869,forward,reversible
rxn00872,reverse,reversible
rxn00873,forward,reversible
rxn00876,forward,reverse
rxn00879,reversible,forward
rxn00893,reversible,forward
rxn00896,reversible,forward
rxn00898,reversible,forward
rxn00901,forward,reversible
rxn00908,forward,reversible
rxn00910,reversible,reverse
rxn00912,reversible,forward
rxn00921,forward,reverse
rxn00922,reversible,forward
rxn00927,reversible,forward
rxn00930,forward,reverse
rxn00934,forward,reversible
rxn00935,uncertain,reversible
rxn00945,reversible,reverse
rxn00967,reversible,forward
rxn00970,reversible,uncertain
rxn00971,forward,reversible
rxn00976,reversible,forward
rxn00978,reversible,forward
rxn00986,forward,reversible
rxn00987,forward,reversible
rxn00993,reverse,forward
rxn00996,forward,uncertain
rxn01005,forward,reversible
rxn01006,forward,reversible
rxn01012,reverse,uncertain
rxn01013,reversible,reverse
rxn01016,forward,reversible
rxn01017,reversible,forward
rxn01019,reversible,forward
rxn01020,forward,reversible
rxn01022,reversible,forward
rxn01023,forward,reverse
rxn01027,reversible,reverse
rxn01028,reversible,reverse
rxn01031,reverse,forward
rxn01039,reversible,uncertain
rxn01048,reversible,forward
rxn01058,uncertain,reverse
rxn01074,forward,reversible
rxn01092,reversible,forward
rxn01100,reversible,reverse
rxn01101,reversible,reverse
rxn01105,reversible,reverse
rxn01109,reversible,forward
rxn01128,reversible,forward
rxn01129,reversible,forward
rxn01143,reversible,forward
rxn01144,reversible,forward
rxn01149,reversible,forward
rxn01158,reversible,uncertain
rxn01160,reversible,forward
rxn01172,reversible,forward
rxn01173,reversible,reverse
rxn01177,forward,uncertain
rxn01184,forward,reversible
rxn01186,forward,reversible
rxn01202,forward,reversible
rxn01203,reverse,reversible
rxn01204,reversible,forward
rxn01206,uncertain,reversible
rxn01208,reverse,forward
rxn01209,uncertain,forward
rxn01215,reversible,forward
rxn01216,reversible,forward
rxn01219,reversible,forward
rxn01223,reversible,forward
rxn01226,reversible,forward
rxn01229,reversible,forward
rxn01236,reverse,reversible
rxn01237,reversible,uncertain
rxn01248,reversible,forward
rxn01261,reversible,forward
rxn01263,reversible,forward
rxn01265,reverse,forward
rxn01279,reversible,forward
rxn01280,reversible,reverse
rxn01289,reversible,forward
rxn01296,forward,reversible
rxn01297,reversible,forward
rxn01299,reversible,forward
rxn01305,forward,reversible
rxn01307,reversible,forward
rxn01323,uncertain,reverse
rxn01324,forward,reverse
rxn01337,reversible,forward
rxn01339,reversible,reverse
rxn01348,reversible,forward
rxn01354,forward,reverse
rxn01357,reversible,forward
rxn01359,forward,reversible
rxn01361,forward,reversible
rxn01368,uncertain,forward
rxn01370,reversible,forward
rxn01387,forward,reversible
rxn01399,reversible,forward
rxn01403,forward,reversible
rxn01404,forward,reversible
rxn01405,reversible,forward
rxn01409,forward,reversible
rxn01412,reversible,reverse
rxn01414,reversible,forward
rxn01421,reversible,uncertain
rxn01422,reversible,reverse
rxn01425,forward,reversible
rxn01431,forward,reversible
rxn01442,reversible,forward
rxn01448,reversible,forward
rxn01449,reversible,forward
rxn01452,reverse,reversible
rxn01456,reversible,forward
rxn01461,reversible,forward
rxn01469,uncertain,forward
rxn01480,reversible,forward
rxn01500,reversible,reverse
rxn01509,reversible,forward
rxn01510,reversible,forward
rxn01513,reversible,forward
rxn01515,reversible,forward
rxn01516,reversible,forward
rxn01517,reversible,forward
rxn01525,reversible,forward
rxn01527,reversible,forward
rxn01528,reversible,forward
rxn01541,reversible,forward
rxn01547,reversible,forward
rxn01561,reversible,forward
rxn01568,reversible,forward
rxn01570,forward,reverse
rxn01573,forward,reversible
rxn01578,reversible,forward
rxn01581,reversible,forward
rxn01583,reversible,reverse
rxn01584,forward,reversible
rxn01587,reversible,forward
rxn01589,uncertain,forward
rxn01597,reverse,reversible
rxn01601,reversible,reverse
rxn01602,reverse,forward
rxn01604,forward,reversible
rxn01608,reversible,reverse
rxn01609,reversible,reverse
rxn01610,reversible,forward
rxn01614,reversible,forward
rxn01618,forward,reversible
rxn01619,reversible,forward
rxn01633,uncertain,forward
rxn01635,reverse,forward
rxn01636,reversible,forward
rxn01645,reversible,forward
rxn01652,reversible,uncertain
rxn01655,forward,uncertain
rxn01659,forward,uncertain
rxn01660,reversible,uncertain
rxn01662,reversible,forward
rxn01663,reversible,forward
rxn01664,reversible,reverse
rxn01673,reversible,forward
rxn01674,reversible,forward
rxn01679,reversible,forward
rxn01682,reversible,forward
rxn01691,reverse,uncertain
rxn01703,reversible,forward
rxn01706,reversible,forward
rxn01709,reversible,forward
rxn01710,reverse,reversible
rxn01711,reversible,forward
rxn01713,reversible,forward
rxn01714,reversible,forward
rxn01720,reversible,forward
rxn01722,forward,reverse
rxn01723,reversible,reverse
rxn01728,forward,uncertain
rxn01730,forward,reversible
rxn01732,forward,reversible
rxn01738,reversible,forward
rxn01751,reversible,forward
rxn01752,reversible,forward
rxn01753,reversible,forward
rxn01769,forward,reversible
rxn01782,reversible,reverse
rxn01790,reversible,reverse
rxn01809,reversible,uncertain
rxn01810,reversible,uncertain
rxn01815,forward,reversible
rxn01816,reverse,forward
rxn01818,uncertain,forward
rxn01826,forward,uncertain
rxn01828,reversible,forward
rxn01831,reversible,forward
rxn01835,reversible,uncertain
rxn01846,reversible,uncertain
rxn01865,reversible,forward
rxn01871,reverse,reversible
rxn01872,reverse,reversible
rxn01875,reversible,forward
rxn01880,reversible,forward
rxn01881,reversible,reverse
rxn01887,reversible,reverse
rxn01888,reversible,forward
rxn01893,reversible,forward
rxn01895,reverse,forward
rxn01896,reverse,forward
rxn01900,reversible,reverse
rxn01901,reversible,reverse
rxn01904,reversible,forward
rxn01905,reversible,forward
rxn01909,reverse,reversible
rxn01914,reversible,forward
rxn01917,forward,reversible
rxn01920,reverse,uncertain
rxn01925,reversible,forward
rxn01926,forward,uncertain
rxn01935,forward,reversible
rxn01944,reversible,forward
rxn01952,uncertain,reverse
rxn01953,reversible,forward
rxn01955,reversible,forward
rxn01980,uncertain,reverse
rxn01987,uncertain,forward
rxn01990,reversible,forward
rxn01991,reversible,reverse
rxn01998,reversible,uncertain
rxn01999,reversible,reverse
rxn02006,reversible,forward
rxn02007,reversible,forward
rxn02018,uncertain,reversible
rxn02021,uncertain,reverse
rxn02024,uncertain,forward
rxn02029,reversible,uncertain
rxn02033,reverse,reversible
rxn02035,forward,reversible
rxn02038,reversible,forward
rxn02039,forward,reverse
rxn02040,reversible,uncertain
rxn02043,reversible,forward
rxn02049,reversible,reverse
rxn02052,reversible,forward
rxn02055,forward,reversible
rxn02059,reversible,forward
rxn02069,reversible,reverse
rxn02070,reversible,reverse
rxn02074,reversible,forward
rxn02079,reversible,uncertain
rxn02085,reverse,forward
rxn02088,reversible,forward
rxn02099,reversible,forward
rxn02104,forward,reversible
rxn02117,reversible,forward
rxn02119,reversible,reverse
rxn02122,reversible,forward
rxn02131,forward,uncertain
rxn02132,reversible,reverse
rxn02134,reversible,reverse
rxn02141,reversible,uncertain
rxn02142,reversible,uncertain
rxn02151,reverse,uncertain
rxn02155,forward,reversible
rxn02159,reversible,forward
rxn02170,forward,reversible
rxn02172,reverse,forward
rxn02175,forward,reversible
rxn02178,forward,uncertain
rxn02182,forward,reversible
rxn02185,uncertain,reverse
rxn02186,reversible,forward
rxn02198,reverse,forward
rxn02206,reversible,forward
rxn02207,reversible,forward
rxn02208,forward,reversible
rxn02209,forward,reversible
rxn02210,reversible,forward
rxn02211,forward,reversible
rxn02220,uncertain,forward
rxn02227,forward,reversible
rxn02229,uncertain,forward
rxn02238,reversible,reverse
rxn02245,reversible,forward
rxn02246,reversible,forward
rxn02247,reversible,forward
rxn02248,reversible,forward
rxn02255,reversible,forward
rxn02260,forward,reversible
rxn02261,reversible,uncertain
rxn02266,reversible,forward
rxn02272,reversible,forward
rxn02276,reversible,forward
rxn02278,forward,reverse
rxn02280,reversible,forward
rxn02315,reversible,forward
rxn02317,reversible,forward
rxn02326,forward,reversible
rxn02328,reversible,forward
rxn02333,reversible,forward
rxn02336,reversible,forward
rxn02340,reversible,forward
rxn02351,reversible,uncertain
rxn02354,reversible,forward
rxn02355,reversible,forward
rxn02356,reversible,forward
rxn02358,reversible,forward
rxn02359,reversible,forward
rxn02367,reversible,forward
rxn02369,reversible,forward
rxn02370,reversible,reverse
rxn02378,forward,reversible
rxn02381,reversible,reverse
rxn02382,reversible,forward
rxn02386,reversible,forward
rxn02401,reversible,reverse
rxn02403,reversible,forward
rxn02412,reversible,uncertain
rxn02422,uncertain,forward
rxn02432,reversible,uncertain
rxn02433,reversible,reverse
rxn02439,reversible,reverse
rxn02440,reversible,reverse
rxn02451,reversible,forward
rxn02474,forward,reverse
rxn02479,reversible,reverse
rxn02486,reversible,forward
rxn02488,reversible,forward
rxn02490,forward,reversible
rxn02504,reversible,forward
rxn02506,reversible,forward
rxn02508,reversible,forward
rxn02509,uncertain,reverse
rxn02510,uncertain,reversible
rxn02517,reversible,forward
rxn02519,reversible,forward
rxn02523,reverse,forward
rxn02527,reversible,forward
rxn02530,reversible,forward
rxn02531,reversible,forward
rxn02534,uncertain,reverse
rxn02538,reversible,forward
rxn02543,reversible,forward
rxn02544,reversible,forward
rxn02560,forward,reversible
rxn02568,reversible,forward
rxn02570,uncertain,reverse
rxn02571,reversible,forward
rxn02575,reversible,forward
rxn02585,forward,reversible
rxn02586,reversible,forward
rxn02591,reversible,forward
rxn02598,uncertain,reverse
rxn02604,reversible,reverse
rxn02608,reversible,forward
rxn02609,reversible,forward
rxn02610,reversible,forward
rxn02613,uncertain,forward
rxn02616,reversible,forward
rxn02617,reversible,forward
rxn02620,forward,reversible
rxn02624,reversible,uncertain
rxn02625,forward,reversible
rxn02633,reversible,forward
rxn02634,reversible,forward
rxn02637,reversible,reverse
rxn02639,forward,reverse
rxn02645,reversible,forward
rxn02648,forward,uncertain
rxn02655,forward,reverse
rxn02658,reverse,forward
rxn02668,uncertain,forward
rxn02669,forward,reversible
rxn02671,reversible,reverse
rxn02672,forward,uncertain
rxn02676,reversible,forward
rxn02680,reversible,reverse
rxn02684,reversible,forward
rxn02685,forward,reversible
rxn02687,reversible,forward
rxn02689,reversible,forward
rxn02705,reverse,forward
rxn02709,reversible,reverse
rxn02716,uncertain,reverse
rxn02720,reversible,forward
rxn02723,reversible,forward
rxn02724,forward,reversible
rxn02728,reversible,forward
rxn02729,forward,uncertain
rxn02739,reversible,reverse
rxn02746,forward,uncertain
rxn02763,reversible,reverse
rxn02780,forward,reverse
rxn02782,forward,reverse
rxn02783,forward,reversible
rxn02784,reversible,reverse
rxn02788,reversible,forward
rxn02792,forward,uncertain
rxn02800,forward,reversible
rxn02804,reverse,forward
rxn02812,forward,reversible
rxn02814,reversible,forward
rxn02815,reversible,forward
rxn02818,reversible,forward
rxn02823,forward,reversible
rxn02827,reversible,uncertain
rxn02832,reverse,forward
rxn02837,reversible,forward
rxn02839,forward,reverse
rxn02853,reversible,forward
rxn02858,uncertain,forward
rxn02860,reversible,forward
rxn02862,reversible,forward
rxn02863,reversible,forward
rxn02866,reverse,forward
rxn02867,forward,reversible
rxn02869,reversible,forward
rxn02874,reversible,forward
rxn02877,reversible,forward
rxn02880,reversible,forward
rxn02882,reversible,forward
rxn02896,reversible,forward
rxn02901,reversible,forward
rxn02902,reversible,uncertain
rxn02906,reversible,forward
rxn02907,reversible,uncertain
rxn02914,reversible,reverse
rxn02916,forward,reversible
rxn02917,reversible,uncertain
rxn02922,reverse,forward
rxn02928,reversible,reverse
rxn02930,reversible,forward
rxn02931,reversible,forward
rxn02933,reversible,forward
rxn02935,reversible,forward
rxn02938,forward,reverse
rxn02939,reversible,forward
rxn02940,uncertain,forward
rxn02942,forward,uncertain
rxn02947,reversible,forward
rxn02957,reversible,forward
rxn02960,reverse,uncertain
rxn02962,forward,uncertain
rxn02970,forward,reverse
rxn02971,reversible,forward
rxn02972,reversible,forward
rxn02973,reversible,forward
rxn02978,uncertain,forward
rxn02981,reversible,forward
rxn02982,reversible,forward
rxn02985,reversible,reverse
rxn02990,forward,reverse
rxn03007,reversible,reverse
rxn03011,reversible,forward
rxn03018,forward,reverse
rxn03019,reversible,reverse
rxn03037,reversible,forward
rxn03040,reversible,forward
rxn03042,reversible,forward
rxn03046,forward,reversible
rxn03050,uncertain,reverse
rxn03051,reverse,forward
rxn03052,reversible,forward
rxn03054,uncertain,reversible
rxn03057,reversible,forward
rxn03064,reverse,forward
rxn03066,reversible,reverse
rxn03068,reversible,reverse
rxn03070,reversible,forward
rxn03071,uncertain,forward
rxn03073,reversible,forward
rxn03076,reversible,forward
rxn03096,forward,uncertain
rxn03097,reversible,forward
rxn03101,reversible,forward
rxn03109,reversible,forward
rxn03117,forward,uncertain
rxn03120,reversible,forward
rxn03123,reversible,forward
rxn03133,reversible,reverse
rxn03134,reversible,reverse
rxn03143,reversible,forward
rxn03144,reversible,forward
rxn03149,uncertain,reverse
rxn03153,reversible,forward
rxn03154,reversible,uncertain
rxn03155,reversible,forward
rxn03168,reverse,forward
rxn03175,reversible,forward
rxn03182,reversible,forward
rxn03194,reversible,forward
rxn03198,reversible,uncertain
rxn03199,reversible,uncertain
rxn03203,reversible,forward
rxn03205,forward,reversible
rxn03212,reverse,forward
rxn03213,reversible,reverse
rxn03224,reversible,forward
rxn03233,reversible,forward
rxn03235,uncertain,forward
rxn03258,reversible,forward
rxn03260,reversible,forward
rxn03269,reversible,reverse
rxn03281,reversible,forward
rxn03282,reversible,forward
rxn03287,reversible,forward
rxn03288,reversible,reverse
rxn03290,forward,reverse
rxn03291,reversible,reverse
rxn03294,reversible,reverse
rxn03299,reversible,reverse
rxn03300,reversible,forward
rxn03304,reversible,uncertain
rxn03317,reverse,forward
rxn03329,uncertain,forward
rxn03331,forward,uncertain
rxn03347,reversible,forward
rxn03352,reversible,reverse
rxn03366,reversible,forward
rxn03367,reverse,uncertain
rxn03369,reversible,forward
rxn03373,forward,reversible
rxn03374,reversible,forward
rxn03383,reversible,forward
rxn03391,reversible,forward
rxn03398,reversible,forward
rxn03413,reversible,uncertain
rxn03421,reversible,uncertain
rxn03428,reversible,forward
rxn03429,reversible,forward
rxn03430,reversible,forward
rxn03435,reversible,reverse
rxn03436,reversible,forward
rxn03444,uncertain,forward
rxn03445,reversible,reverse
rxn03448,forward,uncertain
rxn03456,uncertain,reverse
rxn03465,reverse,forward
rxn03470,uncertain,reverse
rxn03477,uncertain,reverse
rxn03479,reversible,forward
rxn03486,reversible,reverse
rxn03492,reversible,forward
rxn03507,forward,uncertain
rxn03510,forward,reversible
rxn03511,reversible,forward
rxn03512,reversible,forward
rxn03519,reversible,reverse
rxn03523,reverse,uncertain
rxn03544,reverse,forward
rxn03547,reversible,forward
rxn03551,reversible,forward
rxn03554,reversible,forward
rxn03556,reversible,forward
rxn03557,reversible,forward
rxn03564,reverse,uncertain
rxn03567,reversible,forward
rxn03568,reversible,forward
rxn03572,uncertain,forward
rxn03581,reversible,forward
rxn03583,reversible,forward
rxn03585,forward,uncertain
rxn03587,reversible,forward
rxn03597,reversible,forward
rxn03601,reversible,forward
rxn03609,reversible,forward
rxn03612,forward,reverse
rxn03618,reversible,forward
rxn03619,reversible,reverse
rxn03621,reversible,forward
rxn03623,reversible,forward
rxn03624,reversible,forward
rxn03628,reversible,forward
rxn03631,uncertain,forward
rxn03636,forward,reverse
rxn03643,reverse,reversible
rxn03644,reversible,forward
rxn03653,forward,uncertain
rxn03655,reversible,forward
rxn03671,uncertain,forward
rxn03677,uncertain,forward
rxn03680,reversible,forward
rxn03681,forward,uncertain
rxn03682,reverse,uncertain
rxn03684,reversible,forward
rxn03685,reversible,forward
rxn03688,reversible,forward
rxn03690,reversible,forward
rxn03693,forward,reverse
rxn03695,reversible,forward
rxn03698,reversible,forward
rxn03699,reversible,forward
rxn03703,reversible,forward
rxn03725,uncertain,forward
rxn03726,forward,uncertain
rxn03753,uncertain,forward
rxn03754,uncertain,forward
rxn03759,forward,uncertain
rxn03760,uncertain,forward
rxn03775,uncertain,forward
rxn03796,reversible,forward
rxn03801,reversible,forward
rxn03802,reversible,uncertain
rxn03809,reverse,forward
rxn03820,reversible,forward
rxn03821,reverse,forward
rxn03826,forward,uncertain
rxn03827,reversible,forward
rxn03832,reversible,forward
rxn03833,reversible,forward
rxn03836,reversible,forward
rxn03861,reverse,reversible
rxn03866,reversible,forward
rxn03867,reversible,forward
rxn03868,reversible,forward
rxn03875,uncertain,forward
rxn03876,reversible,forward
rxn03878,reversible,forward
rxn03882,reversible,forward
rxn03885,reversible,forward
rxn03887,reversible,forward
rxn03889,reversible,uncertain
rxn03890,forward,uncertain
rxn03910,reversible,forward
rxn03914,reversible,forward
rxn03917,reversible,forward
rxn03920,reversible,forward
rxn03924,reversible,forward
rxn03931,uncertain,forward
rxn03938,forward,reversible
rxn03951,reversible,forward
rxn03953,reversible,forward
rxn03958,forward,reverse
rxn03962,reversible,reverse
rxn03972,reversible,reverse
rxn03973,forward,reverse
rxn03975,reverse,reversible
rxn03979,forward,reversible
rxn03980,reversible,uncertain
rxn03983,forward,reverse
rxn04005,reversible,forward
rxn04006,reversible,forward
rxn04007,reversible,forward
rxn04014,reversible,reverse
rxn04015,uncertain,reverse
rxn04017,uncertain,forward
rxn04022,reversible,forward
rxn04023,reversible,reverse
rxn04024,reversible,forward
rxn04027,reversible,uncertain
rxn04042,reversible,forward
rxn04043,reversible,forward
rxn04063,reversible,uncertain
rxn04077,reversible,forward
rxn04078,reversible,forward
rxn04080,reversible,forward
rxn04087,reversible,forward
rxn04090,reversible,forward
rxn04095,reverse,reversible
rxn04100,reversible,uncertain
rxn04104,reversible,forward
rxn04108,reversible,reverse
rxn04109,reversible,forward
rxn04112,reversible,forward
rxn04124,reversible,forward
rxn04143,reversible,forward
rxn04144,reversible,forward
rxn04162,reversible,reverse
rxn04238,reversible,forward
rxn04280,reversible,forward
rxn04284,reversible,forward
rxn04290,reversible,uncertain
rxn04292,forward,reversible
rxn04294,reversible,forward
rxn04348,reversible,forward
rxn04351,reversible,forward
rxn04357,reversible,forward
rxn04359,reversible,forward
rxn04387,uncertain,reverse
rxn04388,reversible,forward
rxn04407,forward,uncertain
rxn04411,uncertain,reversible
rxn04417,forward,reverse
rxn04418,reversible,forward
rxn04424,reversible,forward
rxn04425,forward,reversible
rxn04480,reversible,forward
rxn04482,reversible,forward
rxn04484,forward,uncertain
rxn04485,reverse,forward
rxn04495,uncertain,forward
rxn04497,uncertain,forward
rxn04513,uncertain,forward
rxn04549,reversible,forward
rxn04575,reversible,uncertain
rxn04600,reversible,forward
rxn04604,reversible,forward
rxn04617,reversible,forward
rxn04619,reversible,forward
rxn04623,reversible,forward
rxn04625,reversible,forward
rxn04626,reversible,forward
rxn04635,reversible,forward
rxn04649,reversible,forward
rxn04656,uncertain,forward
rxn04663,reversible,forward
rxn04672,reversible,forward
rxn04677,forward,reversible
rxn04681,reversible,forward
rxn04694,reverse,forward
rxn04702,forward,uncertain
rxn04706,reverse,forward
rxn04713,uncertain,reversible
rxn04717,reversible,forward
rxn04719,reversible,forward
rxn04721,reversible,forward
rxn04722,reversible,forward
rxn04731,reversible,forward
rxn04740,reversible,forward
rxn04742,reversible,forward
rxn04743,reversible,forward
rxn04752,uncertain,forward
rxn04757,reversible,forward
rxn04758,reversible,forward
rxn04759,reversible,forward
rxn04760,reversible,forward
rxn04772,forward,reverse
rxn04774,uncertain,forward
rxn04777,uncertain,forward
rxn04781,reversible,forward
rxn04785,forward,reversible
rxn04787,reversible,forward
rxn04794,reversible,forward
rxn04795,reversible,forward
rxn04810,uncertain,forward
rxn04811,uncertain,forward
rxn04816,uncertain,forward
rxn04822,reversible,forward
rxn04830,reversible,forward
rxn04831,reversible,forward
rxn04834,reversible,forward
rxn04848,reversible,forward
rxn04849,reversible,forward
rxn04850,reversible,forward
rxn04851,uncertain,forward
rxn04865,uncertain,reversible
rxn04868,reversible,forward
rxn04873,reversible,forward
rxn04879,reversible,forward
rxn04887,reverse,forward
rxn04894,uncertain,reversible
rxn04905,uncertain,forward
rxn04908,reversible,forward
rxn04937,reversible,reverse
rxn04939,reversible,forward
rxn04940,forward,reverse
rxn04944,reversible,forward
rxn04948,reversible,forward
rxn04953,reversible,reverse
rxn04954,reversible,reverse
rxn04955,forward,reverse
rxn04960,reversible,reverse
rxn04963,reversible,forward
rxn05009,reversible,forward
rxn05010,reversible,forward
rxn05011,reversible,forward
rxn05012,reversible,forward
rxn05014,reversible,forward
rxn05015,reversible,forward
rxn05022,reversible,forward
rxn05026,reversible,forward
rxn05036,reversible,reverse
rxn05037,reversible,forward
rxn05063,reverse,forward
rxn05064,forward,reversible
rxn05066,reversible,forward
rxn05068,reversible,forward
rxn05069,reversible,forward
rxn05078,reversible,forward
rxn05080,reversible,forward
rxn05081,reversible,forward
rxn05093,forward,uncertain
rxn05102,reversible,forward
rxn05105,reversible,forward
rxn05115,reversible,forward
rxn05117,forward,reversible
rxn05197,forward,reversible
rxn05200,uncertain,reversible
rxn05212,reversible,uncertain
rxn05213,uncertain,reversible
rxn05214,uncertain,reversible
rxn05216,forward,reversible
rxn05221,forward,reversible
rxn05240,forward,reversible
rxn05255,forward,reversible
rxn05266,reversible,forward
rxn05292,uncertain,reversible
rxn05297,uncertain,reversible
rxn05307,uncertain,reversible
rxn05310,reversible,uncertain
rxn05312,uncertain,reversible
rxn05313,reversible,forward
rxn05315,reversible,uncertain
rxn05324,reverse,uncertain
rxn05325,reverse,uncertain
rxn05327,reverse,reversible
rxn05329,reversible,forward
rxn05330,reversible,forward
rxn05331,reversible,forward
rxn05332,reversible,forward
rxn05334,reversible,forward
rxn05335,reversible,forward
rxn05338,reversible,reverse
rxn05341,reversible,reverse
rxn05342,reversible,reverse
rxn05352,reverse,uncertain
rxn05368,reversible,forward
rxn05372,reversible,forward
rxn05376,reversible,forward
rxn05377,reversible,forward
rxn05380,reversible,forward
rxn05381,reversible,forward
rxn05385,reversible,forward
rxn05397,reversible,forward
rxn05402,reversible,forward
rxn05405,reversible,forward
rxn05422,reversible,forward
rxn05452,forward,reversible
rxn05459,reversible,forward
rxn05472,uncertain,reversible
rxn05475,uncertain,forward
rxn05477,uncertain,forward
rxn05480,forward,reversible
rxn05483,reversible,uncertain
rxn05484,uncertain,reversible
rxn05486,forward,reversible
rxn05487,forward,reversible
rxn05495,forward,reversible
rxn05502,uncertain,reversible
rxn05505,uncertain,forward
rxn05506,uncertain,reversible
rxn05507,uncertain,reversible
rxn05514,uncertain,reversible
rxn05517,reversible,uncertain
rxn05521,uncertain,reversible
rxn05523,forward,reversible
rxn05526,reversible,uncertain
rxn05565,uncertain,reversible
rxn05568,reversible,uncertain
rxn05581,reversible,uncertain
rxn05590,uncertain,reversible
rxn05593,reversible,uncertain
rxn05595,uncertain,reversible
rxn05604,reversible,uncertain
rxn05605,reversible,uncertain
rxn05612,uncertain,reversible
rxn05615,reversible,uncertain
rxn05618,forward,reversible
rxn05627,forward,reversible
rxn05629,reversible,uncertain
rxn05630,reversible,uncertain
rxn05643,reversible,uncertain
rxn05645,forward,reversible
rxn05646,forward,reversible
rxn05649,reversible,uncertain
rxn05651,reversible,forward
rxn05661,uncertain,reversible
rxn05665,reversible,uncertain
rxn05671,uncertain,forward
rxn05676,reversible,uncertain
rxn05678,uncertain,reversible
rxn05682,forward,reversible
rxn05687,forward,reversible
rxn05690,forward,reversible
rxn05692,uncertain,reversible
rxn05694,uncertain,reversible
rxn05697,uncertain,reversible
rxn05698,uncertain,reversible
rxn05706,reversible,uncertain
rxn05708,uncertain,reversible
rxn05713,reversible,uncertain
rxn05714,uncertain,reversible
rxn05717,forward,reversible
rxn05718,reversible,forward
rxn05719,forward,reversible
rxn05721,forward,reversible
rxn05722,forward,uncertain
rxn05723,uncertain,reversible
rxn05724,uncertain,forward
rxn05725,forward,reversible
rxn05728,forward,reversible
rxn05730,uncertain,forward
rxn05731,reversible,forward
rxn05739,reversible,forward
rxn05740,reversible,forward
rxn05747,reversible,forward
rxn05749,forward,reversible
rxn05760,reversible,forward
rxn05831,forward,reverse
rxn05890,forward,reversible
rxn05894,forward,uncertain
rxn05923,reverse,forward
rxn05938,reverse,reversible
rxn05939,forward,reversible
rxn05946,reversible,forward
rxn05988,forward,reversible
rxn05994,reversible,reverse
rxn05995,reversible,reverse
rxn06060,reversible,forward
rxn06076,reverse,forward
rxn06096,reversible,forward
rxn06106,reversible,forward
rxn06107,reverse,uncertain
rxn06109,reversible,forward
rxn06197,forward,reversible
rxn06198,reversible,forward
rxn06201,reversible,forward
rxn06202,reversible,forward
rxn06263,reversible,forward
rxn06278,reversible,reverse
rxn06299,forward,reversible
rxn06306,forward,reversible
rxn06314,reversible,forward
rxn06329,reversible,reverse
rxn06348,reversible,forward
rxn06353,reversible,forward
rxn06377,forward,reversible
rxn06382,reversible,forward
rxn06409,uncertain,reverse
rxn06424,reverse,forward
rxn06452,reversible,forward
rxn06458,uncertain,reversible
rxn06468,reversible,forward
rxn06476,reversible,forward
rxn06493,forward,reversible
rxn06510,reversible,reverse
rxn06515,reversible,forward
rxn06526,uncertain,reverse
rxn06527,reverse,reversible
rxn06528,reversible,forward
rxn06540,reversible,forward
rxn06546,reversible,forward
rxn06551,reversible,forward
rxn06554,reversible,forward
rxn06555,reversible,forward
rxn06574,uncertain,forward
rxn06586,forward,reversible
rxn06616,reversible,forward
rxn06619,reverse,forward
rxn06630,reversible,forward
rxn06652,reversible,forward
rxn06653,reversible,forward
rxn06663,reversible,reverse
rxn06666,reversible,forward
rxn06672,forward,reversible
rxn06675,forward,reverse
rxn06686,reversible,forward
rxn06696,forward,reversible
rxn06711,reversible,forward
rxn06723,reverse,forward
rxn06729,forward,reversible
rxn06753,reversible,forward
rxn06822,reversible,forward
rxn06848,reverse,forward
rxn06849,uncertain,forward
rxn06858,reversible,forward
rxn06865,reverse,forward
rxn06883,reversible,forward
rxn06893,reversible,uncertain
rxn06897,reversible,forward
rxn06905,reversible,forward
rxn06913,uncertain,forward
rxn06934,reversible,forward
rxn07128,reversible,forward
rxn07129,reversible,forward
rxn07130,reversible,forward
rxn07136,reversible,forward
rxn07137,reversible,forward
rxn07138,reversible,forward
rxn07140,uncertain,forward
rxn07141,reversible,uncertain
rxn07189,forward,reversible
rxn07200,forward,reversible
rxn07252,reversible,forward
rxn07261,reversible,reverse
rxn07262,reversible,forward
rxn07263,reversible,uncertain
rxn07266,reversible,forward
rxn07267,reversible,forward
rxn07271,reversible,uncertain
rxn07272,reversible,forward
rxn07298,uncertain,forward
rxn07328,reversible,forward
rxn07337,uncertain,reverse
rxn07342,reverse,forward
rxn07343,reversible,forward
rxn07347,reversible,forward
rxn07349,reverse,forward
rxn07350,reversible,forward
rxn07353,reversible,forward
rxn07354,reverse,forward
rxn07359,uncertain,reversible
rxn07363,uncertain,forward
rxn07365,reverse,forward
rxn07366,reversible,forward
rxn07367,reversible,forward
rxn07370,reversible,uncertain
rxn07374,reversible,forward
rxn07405,reversible,forward
rxn07406,reversible,forward
rxn07428,reversible,forward
rxn07436,forward,reverse
rxn07438,reversible,reverse
rxn07439,reversible,reverse
rxn07441,reversible,reverse
rxn07453,reversible,forward
rxn07474,reversible,forward
rxn07481,reversible,forward
rxn07486,reversible,forward
rxn07487,reversible,forward
rxn07488,reversible,uncertain
rxn07494,reversible,forward
rxn07517,reversible,forward
rxn07519,reversible,forward
rxn07532,reversible,forward
rxn07534,reversible,forward
rxn07539,reverse,uncertain
rxn07543,reversible,forward
rxn07544,reversible,forward
rxn07550,uncertain,forward
rxn07562,reverse,forward
rxn07574,reversible,forward
rxn07578,reversible,forward
rxn07620,forward,uncertain
rxn07622,reversible,forward
rxn07639,reversible,uncertain
rxn07640,forward,uncertain
rxn07644,reverse,forward
rxn07662,uncertain,forward
rxn07665,reversible,forward
rxn07666,uncertain,forward
rxn07679,reversible,reverse
rxn07681,forward,reverse
rxn07685,reversible,forward
rxn07689,forward,reverse
rxn07701,reverse,forward
rxn07725,reversible,forward
rxn07737,reversible,reverse
rxn07741,reversible,forward
rxn07781,reversible,forward
rxn07785,reversible,reverse
rxn07788,reversible,reverse
rxn07789,forward,reverse
rxn07811,reversible,forward
rxn07826,reversible,forward
rxn07833,reversible,forward
rxn07838,uncertain,forward
rxn07845,reversible,forward
rxn07864,reversible,forward
rxn07865,reversible,forward
rxn07880,reversible,forward
rxn07884,reversible,forward
rxn07886,uncertain,forward
rxn07887,reversible,uncertain
rxn07894,reversible,forward
rxn07907,uncertain,forward
rxn07967,reversible,forward
rxn07969,reversible,forward
rxn07976,reversible,forward
rxn07977,reversible,forward
rxn07978,reversible,forward
rxn07979,reversible,forward
rxn07980,reversible,forward
rxn07981,reversible,forward
rxn07992,reversible,forward
rxn08044,reversible,forward
rxn08091,forward,uncertain
rxn08122,reversible,forward
rxn08152,reversible,uncertain
rxn08172,reversible,forward
rxn08187,reversible,uncertain
rxn08213,uncertain,reversible
rxn08226,reversible,forward
rxn08227,reversible,forward
rxn08228,reversible,forward
rxn08230,reversible,forward
rxn08231,reversible,forward
rxn08232,reversible,forward
rxn08258,uncertain,reversible
rxn08260,forward,reversible
rxn08263,reversible,uncertain
rxn08275,forward,uncertain
rxn08323,forward,reversible
rxn08340,forward,reversible
rxn08345,reversible,forward
rxn08346,reversible,forward
rxn08347,reversible,forward
rxn08350,forward,reversible
rxn08371,forward,reversible
rxn08480,uncertain,forward
rxn08502,reversible,forward
rxn08508,uncertain,forward
rxn08527,reversible,forward
rxn08530,reversible,forward
rxn08557,reversible,forward
rxn08578,reversible,forward
rxn08605,reversible,forward
rxn08628,reversible,uncertain
rxn08659,reversible,forward
rxn08666,reversible,forward
rxn08703,reversible,forward
rxn08736,reversible,forward
rxn08742,reversible,uncertain
rxn08764,reversible,forward
rxn08767,reversible,forward
rxn08793,reversible,forward
rxn08825,reversible,forward
rxn08828,reversible,forward
rxn08829,reversible,forward
rxn08830,reversible,uncertain
rxn08832,reversible,forward
rxn08900,forward,reversible
rxn08912,reversible,forward
rxn08968,reversible,forward
rxn09082,reversible,forward
rxn09083,reversible,forward
rxn09108,reversible,forward
rxn09144,uncertain,forward
rxn09165,forward,reversible
rxn09184,forward,uncertain
rxn09207,reversible,forward
rxn09240,forward,reversible
rxn09264,reversible,forward
rxn09265,reversible,forward
rxn09354,reversible,forward
rxn09395,reversible,forward
rxn09399,reversible,forward
rxn09412,reverse,forward
rxn09417,reversible,forward
rxn09480,reversible,forward
rxn09486,forward,reversible
rxn09521,reversible,forward
rxn09522,reversible,forward
rxn09566,forward,uncertain
rxn09649,forward,uncertain
rxn09655,uncertain,reversible
rxn09657,reversible,uncertain
rxn09658,forward,reversible
rxn09659,uncertain,reversible
rxn09670,uncertain,reversible
rxn09680,reversible,uncertain
rxn09681,forward,reversible
rxn09686,reversible,uncertain
rxn09690,forward,reversible
rxn09696,forward,reversible
rxn09702,forward,reversible
rxn09880,reversible,forward
rxn09886,reversible,forward
rxn09896,forward,reversible
rxn09941,reversible,forward
rxn09942,uncertain,forward
rxn09944,forward,reversible
rxn09948,reversible,forward
rxn09949,reversible,forward
rxn09953,forward,uncertain
rxn09954,reversible,forward
rxn09997,reverse,forward
rxn10008,reverse,uncertain
rxn10052,forward,reversible
rxn10054,reversible,forward
rxn10086,reversible,forward
rxn10087,reversible,forward
rxn10126,reversible,forward
rxn10139,forward,reverse
rxn10155,uncertain,reversible
rxn10162,forward,reversible
rxn10246,reversible,forward
rxn10251,reversible,forward
rxn10259,reversible,forward
rxn10260,reversible,forward
rxn10263,reversible,forward
rxn10271,reversible,forward
rxn10273,reversible,forward
rxn10275,reversible,forward
rxn10278,uncertain,forward
rxn10282,reversible,forward
rxn10284,reversible,forward
rxn10334,reversible,forward
rxn10335,reversible,forward
rxn10337,reversible,forward
rxn10338,reversible,forward
rxn10339,reversible,forward
rxn10340,reversible,forward
rxn10341,reversible,forward
rxn10342,reversible,forward
rxn10363,reversible,forward
rxn10381,reversible,forward
rxn10421,forward,reversible
rxn10422,forward,uncertain
rxn10423,uncertain,forward
rxn10424,reversible,uncertain
rxn10454,reversible,forward
rxn10455,reversible,forward
rxn10484,reversible,forward
rxn10493,reversible,forward
rxn10494,reversible,forward
rxn10496,reversible,forward
rxn10497,forward,reversible
rxn10504,reversible,forward
rxn10517,forward,reversible
rxn10550,reversible,forward
rxn10556,reversible,forward
rxn10560,uncertain,reversible
rxn10572,reversible,forward
rxn10573,forward,reversible
rxn10594,reversible,forward
rxn10595,reverse,reversible
rxn10604,forward,reversible
rxn10613,reversible,forward
rxn10621,reversible,forward
rxn10651,forward,reverse
rxn10661,forward,uncertain
rxn10671,reversible,forward
rxn10672,reversible,forward
rxn10678,reversible,forward
rxn10693,reversible,uncertain
rxn10741,reversible,forward
rxn10769,reversible,forward
rxn10771,uncertain,forward
rxn10787,reversible,forward
rxn10799,reversible,forward
rxn10801,forward,uncertain
rxn10804,forward,reversible
rxn10820,reversible,uncertain
rxn10837,uncertain,forward
rxn10844,forward,uncertain
rxn10848,forward,uncertain
rxn10850,reverse,reversible
rxn10855,reversible,forward
rxn10868,reversible,uncertain
rxn10892,forward,uncertain
rxn10900,reversible,forward
rxn10910,reversible,forward
rxn10968,forward,reversible
rxn10978,reversible,uncertain
rxn10981,reversible,forward
rxn10985,reversible,forward
rxn10990,forward,reversible
rxn10995,reversible,forward
rxn11004,forward,uncertain
rxn11078,reversible,uncertain
rxn11110,forward,reversible
rxn11137,reversible,uncertain
rxn11152,reversible,forward
rxn11167,forward,reversible
rxn11190,uncertain,reversible
rxn11229,forward,reversible
rxn11268,reverse,uncertain
rxn11291,reversible,uncertain
rxn11319,reversible,uncertain
rxn11320,reversible,uncertain
rxn11321,reversible,uncertain
rxn11325,reversible,uncertain
rxn11327,uncertain,reversible
rxn11329,reversible,uncertain
rxn11334,reversible,uncertain
rxn11336,reversible,uncertain
rxn11338,reversible,uncertain
rxn11365,reversible,forward
rxn11381,reversible,reverse
rxn11391,reversible,forward
rxn11395,forward,uncertain
rxn11398,reversible,forward
rxn11399,forward,reversible
rxn11400,uncertain,reversible
rxn11402,reversible,forward
rxn11406,forward,uncertain
rxn11407,forward,reversible
rxn11475,reverse,uncertain
rxn11511,reversible,forward
rxn11514,reversible,forward
rxn11526,reversible,forward
rxn11527,reversible,forward
rxn11538,reversible,forward
rxn11551,reversible,reverse
rxn11552,uncertain,reversible
rxn11554,uncertain,reversible
rxn11565,reversible,forward
rxn11574,forward,uncertain
rxn11580,forward,uncertain
rxn11585,reversible,forward
rxn11588,reversible,forward
rxn11596,reversible,forward
rxn11601,reversible,forward
rxn11611,reversible,forward
rxn11640,forward,reverse
rxn11645,uncertain,forward
rxn11646,reversible,forward
rxn11649,reversible,uncertain
rxn11657,forward,uncertain
rxn11666,uncertain,forward
rxn11670,forward,uncertain
rxn11671,reversible,uncertain
rxn11672,reversible,uncertain
rxn11676,forward,uncertain
rxn11677,forward,uncertain
rxn11678,forward,uncertain
rxn11729,uncertain,reversible
rxn11734,forward,uncertain
rxn11735,forward,uncertain
rxn11742,forward,reverse
rxn11761,uncertain,forward
rxn11767,reversible,forward
rxn11768,reversible,forward
rxn11780,reverse,forward
rxn11781,uncertain,reversible
rxn11808,reverse,reversible
rxn11877,reversible,forward
rxn11878,reversible,forward
rxn11879,reversible,forward
rxn11937,reverse,uncertain
rxn11938,forward,reversible
rxn11941,reversible,forward
rxn11962,uncertain,forward
rxn11965,reversible,forward
rxn11966,reversible,reverse
rxn11970,forward,uncertain
rxn11974,reversible,forward
rxn11976,reversible,forward
rxn12004,forward,reversible
rxn12005,reverse,forward
rxn12008,reverse,uncertain
rxn12019,reversible,forward
rxn12037,forward,reversible
rxn12046,reversible,reverse
rxn12048,reversible,forward
rxn12054,uncertain,reverse
rxn12081,reversible,forward
rxn12101,reversible,forward
rxn12110,reversible,forward
rxn12112,reversible,forward
rxn12136,uncertain,forward
rxn12157,reversible,forward
rxn12158,forward,reversible
rxn12174,reversible,forward
rxn12175,reversible,forward
rxn12212,reversible,forward
rxn12223,uncertain,forward
rxn12228,forward,reversible
rxn12240,forward,reversible
rxn12248,uncertain,reversible
rxn12251,reversible,forward
rxn12252,reversible,forward
rxn12253,reversible,forward
rxn12254,forward,reversible
rxn12257,uncertain,forward
rxn12260,reversible,forward
rxn12263,forward,reversible
rxn12269,reversible,forward
rxn12273,reversible,forward
rxn12274,reversible,forward
rxn12280,reversible,forward
rxn12284,reversible,forward
rxn12291,reversible,forward
rxn12293,reversible,forward
rxn12304,uncertain,forward
rxn12312,reversible,forward
rxn12317,reversible,forward
rxn12325,reversible,forward
rxn12331,uncertain,forward
rxn12338,reversible,forward
rxn12340,uncertain,forward
rxn12342,uncertain,forward
rxn12343,uncertain,forward
rxn12344,uncertain,forward
rxn12349,uncertain,forward
rxn12350,uncertain,forward
rxn12351,uncertain,forward
rxn12353,reversible,forward
rxn12355,reversible,forward
rxn12359,reversible,forward
rxn12362,forward,reversible
rxn12364,uncertain,reversible
rxn12369,reversible,uncertain
rxn12371,uncertain,reversible
rxn12372,uncertain,reversible
rxn12373,uncertain,reversible
rxn12374,reversible,forward
rxn12381,uncertain,reversible
rxn12385,uncertain,reversible
rxn12386,uncertain,reversible
rxn12387,uncertain,reversible
rxn12388,uncertain,reversible
rxn12389,uncertain,reversible
rxn12390,uncertain,reversible
rxn12392,uncertain,reversible
rxn12394,uncertain,reversible
rxn12397,uncertain,reversible
rxn12399,reversible,uncertain
rxn12403,uncertain,reversible
rxn12404,uncertain,reversible
rxn12406,uncertain,reversible
rxn12412,uncertain,reversible
rxn12413,uncertain,reversible
rxn12414,uncertain,reversible
rxn12415,reversible,forward
rxn12420,uncertain,reversible
rxn12422,uncertain,reversible
rxn12423,uncertain,reversible
rxn12425,reversible,forward
rxn12427,uncertain,forward
rxn12428,reversible,forward
rxn12429,uncertain,forward
rxn12431,uncertain,forward
rxn12432,reversible,forward
rxn12433,uncertain,reversible
rxn12434,reversible,forward
rxn12437,uncertain,reversible
rxn12438,uncertain,reversible
rxn12439,uncertain,forward
rxn12440,uncertain,reversible
rxn12446,uncertain,reversible
rxn12449,uncertain,reversible
rxn12450,uncertain,reversible
rxn12451,uncertain,forward
rxn12455,uncertain,reversible
rxn12457,uncertain,reversible
rxn12458,uncertain,reversible
rxn12459,uncertain,forward
rxn12496,uncertain,forward
rxn12519,uncertain,reversible
rxn12521,uncertain,reversible
rxn12523,reversible,uncertain
rxn12524,reversible,forward
rxn12525,forward,reversible
rxn12528,forward,reversible
rxn12531,uncertain,reversible
rxn12536,forward,reversible
rxn12537,reversible,forward
rxn12538,reversible,uncertain
rxn12539,uncertain,reversible
rxn12542,forward,uncertain
rxn12543,forward,uncertain
rxn12544,forward,reversible
rxn12545,uncertain,reversible
rxn12546,reversible,uncertain
rxn12548,reversible,uncertain
rxn12553,uncertain,reversible
rxn12556,uncertain,reversible
rxn12558,forward,uncertain
rxn12559,uncertain,reversible
rxn12563,uncertain,reversible
rxn12564,forward,reversible
rxn12568,reversible,uncertain
rxn12570,forward,reversible
rxn12571,forward,reversible
rxn12572,uncertain,reversible
rxn12573,uncertain,reversible
rxn12574,forward,reversible
rxn12575,forward,reversible
rxn12578,reversible,forward
rxn12581,forward,uncertain
rxn12584,forward,uncertain
rxn12586,reversible,uncertain
rxn12589,forward,reversible
rxn12590,uncertain,reversible
rxn12594,forward,uncertain
rxn12595,forward,reversible
rxn12600,forward,reversible
rxn12606,uncertain,reversible
rxn12607,reversible,uncertain
rxn12608,reversible,uncertain
rxn12610,forward,reversible
rxn12612,reversible,uncertain
rxn12613,uncertain,reversible
rxn12616,reversible,forward
rxn12617,uncertain,forward
rxn12618,uncertain,reversible
rxn12619,reversible,forward
rxn12620,forward,reversible
rxn12623,reversible,uncertain
rxn12628,reversible,uncertain
rxn12629,forward,reversible
rxn12632,reversible,uncertain
rxn12647,reversible,uncertain
rxn12661,reversible,forward
rxn12674,reversible,forward
rxn12677,uncertain,forward
rxn12678,reversible,forward
rxn12679,reversible,forward
rxn12682,uncertain,forward
rxn12741,reversible,forward
rxn12742,reversible,forward
rxn12766,uncertain,forward
rxn12773,uncertain,reversible
rxn12800,reversible,uncertain
rxn12822,reversible,reverse
rxn12860,forward,uncertain
rxn12861,forward,uncertain
rxn12863,forward,uncertain
rxn13071,forward,reverse
rxn13072,forward,reverse
rxn13127,reversible,forward
rxn13128,uncertain,forward
rxn13141,forward,reversible
rxn13149,reverse,uncertain
rxn13150,uncertain,forward
rxn13200,uncertain,forward
rxn13211,reversible,forward
rxn13225,forward,reversible
rxn13321,reversible,uncertain
rxn13339,reversible,uncertain
rxn13363,uncertain,forward
rxn13366,uncertain,reversible
rxn13369,reversible,forward
rxn13410,reversible,forward
rxn13421,reversible,reverse
rxn13463,forward,uncertain
rxn13464,forward,uncertain
rxn13466,forward,uncertain
rxn13467,forward,uncertain
rxn13468,forward,uncertain
rxn13469,forward,reverse
rxn13470,reversible,uncertain
rxn13471,forward,reverse
rxn13480,reversible,forward
rxn13483,reversible,forward
rxn13486,reversible,uncertain
rxn13488,reversible,forward
rxn13533,reversible,forward
rxn13534,reversible,forward
rxn13535,reversible,forward
rxn13536,reversible,forward
rxn13542,forward,uncertain
rxn13554,uncertain,forward
rxn13555,uncertain,forward
rxn13556,uncertain,forward
rxn13558,uncertain,forward
rxn13660,forward,reversible
rxn13662,reversible,forward
rxn13692,uncertain,forward
rxn13702,forward,reversible
rxn13706,reversible,forward
rxn13709,reversible,forward
rxn13715,reversible,forward
rxn13716,forward,reversible
rxn13718,reversible,forward
rxn13719,reversible,forward
rxn13720,reversible,forward
rxn13759,reversible,uncertain
rxn13775,forward,reversible
rxn13778,reversible,uncertain
rxn13790,forward,reverse
rxn13806,reversible,forward
rxn13811,reversible,uncertain
rxn13834,reversible,forward
rxn13837,uncertain,reversible
rxn13840,reversible,forward
rxn13846,reversible,forward
rxn13924,reversible,uncertain
rxn13926,uncertain,forward
rxn13954,reversible,forward
rxn13974,reverse,forward
rxn13978,reversible,forward
rxn13980,reversible,forward
rxn14017,reversible,forward
rxn14019,reversible,forward
rxn14023,forward,uncertain
rxn14039,reversible,forward
rxn14043,uncertain,forward
rxn14049,reversible,forward
rxn14057,reverse,reversible
rxn14069,forward,uncertain
rxn14074,reversible,forward
rxn14077,reversible,forward
rxn14087,reversible,uncertain
rxn14092,reversible,reverse
rxn14099,reversible,reverse
rxn14101,reversible,forward
rxn14103,uncertain,forward
rxn14104,reversible,reverse
rxn14117,reversible,forward
rxn14120,reversible,reverse
rxn14131,reversible,forward
rxn14145,reversible,forward
rxn14153,reversible,forward
rxn14174,reversible,forward
rxn14176,forward,reversible
rxn14194,reversible,forward
rxn14211,reversible,forward
rxn14213,forward,reverse
rxn14218,reversible,forward
rxn14222,forward,reversible
rxn14224,forward,reverse
rxn14226,reversible,reverse
rxn14242,reversible,reverse
rxn14262,reversible,forward
rxn14275,reversible,forward
rxn14287,reversible,forward
rxn14288,reversible,reverse
rxn14291,reversible,reverse
rxn14293,forward,uncertain
rxn14301,reversible,forward
rxn14302,uncertain,reversible
rxn14319,reversible,forward
rxn14335,reversible,forward
rxn14355,reversible,forward
rxn14372,reversible,forward
rxn14379,reversible,reverse
rxn14380,reversible,forward
rxn14383,reversible,reverse
rxn14397,forward,reversible
rxn14398,reversible,forward
rxn14414,forward,reversible
rxn15466,reversible,reverse
rxn15543,uncertain,forward
rxn15545,reverse,reversible
rxn15748,reversible,forward
rxn15929,reversible,forward
rxn15930,reversible,forward
rxn15940,uncertain,reverse
rxn15947,reversible,forward
rxn15962,reverse,reversible
rxn16142,reverse,reversible
rxn16371,forward,uncertain
rxn16511,reversible,forward
rxn16565,reverse,forward
rxn16592,reverse,forward
rxn16593,reverse,forward
rxn16594,reverse,forward
rxn16619,forward,reverse
rxn16680,reversible,forward
rxn16806,forward,uncertain
rxn16823,reversible,forward
rxn17211,reversible,forward
rxn17275,reverse,forward
rxn19256,reversible,forward
rxn20804,reversible,forward
rxn20806,forward,reversible
rxn20984,uncertain,forward
rxn21857,reversible,forward
rxn21858,reversible,forward
rxn21862,reversible,forward
rxn22316,reverse,forward
rxn23589,reversible,forward
rxn23789,reversible,forward
rxn24594,uncertain,forward
rxn24609,reversible,forward
rxn24610,reversible,forward
rxn24611,reversible,forward
rxn24612,reversible,forward
rxn24613,reversible,forward
rxn24614,reverse,reversible
rxn24830,reverse,forward
rxn26459,forward,uncertain
rxn26477,reverse,forward
rxn30282,uncertain,forward
rxn31759,reversible,uncertain
rxn33011,reversible,uncertain
rxn39451,reversible,uncertain
rxn39452,reversible,uncertain
rxn39679,reverse,forward
rxn39985,reversible,forward
rxn40203,reversible,forward
rxn40355,forward,reversible
rxn40752,reversible,uncertain
rxn42163,reverse,forward
rxn42976,reversible,forward
rxn43076,reverse,reversible
rxn43657,forward,reversible
rxn45223,forward,reverse
rxn45543,reversible,forward
rxn45700,reversible,uncertain
rxn46396,reverse,uncertain
rxn46549,uncertain,forward
rxn46694,forward,uncertain
