radius	group	coef_kJ_per_mol	n_heavy_atoms	n_training_compounds	n_modelseed_compounds
1	O	-242.5086	1	1	45
2	[Mg+2]	-226.8268	1	1	11
1	[Mg+2]	-226.8268	1	1	11
1	O=P	-213.5376	2	169	4610
1	[O-]P	-191.4676	2	169	4514
1	C[O-]	-136.9309	2	251	7415
2	O=P(O)(O)O	-129.3237	5	4	57
2	O=P([O-])(O)O	-125.3384	5	77	3190
1	O=S	-112.9031	2	7	964
2	O=C=O	-103.0458	3	1	1
1	POP	-102.8362	3	71	2217
1	OP	-98.2125	2	29	386
1	CO	-97.8711	2	313	16617
2	O=P([O-])([O-])O	-93.5302	5	112	2349
2	O=C([O-])O	-89.3409	4	1	10
1	[O-]S	-86.2010	2	5	623
2	O=S(=O)([O-])O	-77.4583	5	1	316
2	O=S([O-])O	-75.7891	4	1	1
2	CP(=O)([O-])O	-74.5628	5	3	118
1	C=O	-72.1164	2	348	18842
1	OO	-70.2949	2	1	55
2	O=S(=O)([O-])[O-]	-70.2369	5	1	23
1	COP	-67.7658	3	160	4516
2	O=P([O-])([O-])OP(=O)(O)O	-64.6619	9	4	25
1	O=P(O)(O)O	-64.6619	5	4	57
1	O=P([O-])(O)O	-63.2010	5	77	3190
2	O=C[O-]	-62.1489	3	1	2
2	NP(=O)([O-])O	-54.6861	5	1	17
1	C#[O+]	-54.3679	2	1	1
1	N[NH3+]	54.3419	2	1	2
1	O=C=O	-51.5229	3	1	1
1	C	-50.2336	1	1	7
2	cC(=O)[O-]	-49.2719	4	11	615
1	CCO	-48.7247	3	262	11237
2	S	-48.1612	1	5	45
2	NC(=O)[O-]	-44.8375	4	1	16
1	COC	-44.1479	3	185	12170
2	CC(=O)[O-]	-44.0066	4	236	6599
2	C[C@@H](O)C	-43.9135	4	137	6386
2	CC(=O)O	-43.7890	4	16	4850
1	C[C@@H](C)O	-42.3992	4	88	4572
1	CC(=O)O	-42.3260	4	16	4850
1	cO	-41.6591	2	23	4637
1	[NH4+]	-41.5662	1	1	12
2	[NH4+]	-41.5662	1	1	12
2	O=P([O-])([O-])OP	-41.3711	6	5	42
1	C#N	41.0198	2	3	273
2	NC(=O)O	-40.5321	4	1	241
1	C[C@H](C)O	-40.0502	4	213	8977
1	c=O	-39.3950	2	64	2606
1	[Fe+2]	-39.2914	1	1	4
2	[Fe+2]	-39.2914	1	1	4
2	O=P([O-])(O)OP(=O)(O)O	-39.0019	9	2	21
2	O=P(O)(OP)OP	-39.0019	7	2	17
1	ncn	36.2482	3	63	1905
1	CN	-35.7928	2	35	1829
2	C[C@H](O)C	-34.5535	4	162	7647
2	ClC(Cl)(Cl)C(Cl)(Cl)Cl	34.5041	8	1	1
1	O=P([O-])([O-])O	-33.9997	5	112	2349
1	[N]=O	33.1829	2	1	3
1	CC(=O)[O-]	-32.9610	4	236	6599
2	N#[N+][O-]	32.0649	3	1	1
2	O=[N+]([O-])[O-]	-31.4227	4	1	9
1	O=C[O-]	-31.0745	3	1	2
1	O=C([O-])O	-29.7803	4	1	10
2	CC(=O)OP(=O)([O-])[O-]	-29.7457	8	3	19
1	C[C@H](O)C	-29.4324	4	163	8216
2	CS(C)=O	29.3854	4	1	39
1	CC(C)=O	-27.6189	4	61	1653
2	[O+]	-27.1839	1	1	2
2	O=NO	-27.0942	3	1	3
2	ClCCl	-27.0617	3	1	1
1	cnc	26.9754	3	107	3584
1	C[NH3+]	-26.8928	2	79	2701
1	cF	-26.6239	2	3	191
1	cc(F)c	-26.6239	4	3	187
2	cc(F)c	-26.6239	4	3	187
2	O=S(=O)([O-])OP	-25.8194	6	1	3
2	COP(=O)([O-])OS	-25.8194	7	1	4
2	O=P([O-])(O)OS(=O)(=O)[O-]	-25.8194	9	1	3
1	POS	-25.8194	3	1	4
1	O=S(=O)([O-])O	-25.8194	5	1	316
2	[NH+]P(=O)([O-])[O-]	-25.7765	5	4	8
2	COP(=O)(O)OP	-25.6600	7	2	12
2	CCOP(=O)(O)O	-25.6600	7	2	24
1	CC(C)O	-25.6595	4	13	1573
1	CC=O	-25.5545	3	21	778
1	CNC	-25.4224	3	85	5558
1	OS	-25.2630	2	1	13
1	O=S([O-])O	-25.2630	4	1	1
1	cc(N)n	24.9473	4	62	1808
1	CCP	-24.8543	3	3	84
1	CP(=O)([O-])O	-24.8543	5	3	118
2	CCP(=O)([O-])O	-24.8543	6	3	50
2	CC(=O)CP(=O)([O-])O	-24.8543	8	1	5
2	O=C([O-])C(=O)CP	-24.8543	7	1	2
2	O=P([O-])(OP)OP	-24.6834	7	7	97
1	cC(=O)[O-]	-24.6360	4	11	615
1	C=C	24.4450	2	11	1706
1	CN(C)C	24.2464	4	10	1337
2	CC=O	-23.9608	3	21	778
2	CC(O)O	-23.7770	4	32	513
1	C[C@@H](O)C	-23.5769	4	159	7973
2	O=P([O-])([O-])OP(=O)([O-])O	23.2908	9	1	16
2	NC(N)=O	-23.2717	4	6	209
1	CC(O)O	-23.1096	4	35	721
2	ClC(Cl)C(Cl)(Cl)Cl	23.1033	7	1	1
2	O=P([O-])(O)OP(=O)([O-])O	-22.4632	9	66	2165
1	C/C=C	22.1335	3	14	1099
2	ccc(C(=O)[O-])c(F)c	-21.9726	9	1	1
2	Cc(c)c(F)cc	-21.9726	7	1	18
1	C=C/C	21.8316	3	6	2059
2	cncnc	21.7708	5	44	1532
2	cc(N)ncn	21.7708	6	44	1489
2	cc(n)ncn	21.7708	6	44	1497
2	NC(N)=[NH2+]	21.5291	4	7	273
2	ClC(Cl)=C(Cl)Cl	21.2434	6	1	1
2	N	21.1814	1	4	14
2	Cc(c)cc(F)c	-20.8955	7	1	11
2	CN(C)C	20.5362	4	3	407
2	NC(=O)OP(=O)([O-])[O-]	-20.2661	8	1	1
2	NC(=O)OP	-20.2661	5	1	2
1	NC(=O)O	-20.2661	4	1	241
1	cc(n)n	20.0286	4	59	1766
1	CC(=C)C	19.9523	4	13	1206
2	CSC	-19.5903	3	5	258
2	CC(Cl)Cl	-19.3471	4	3	33
2	CCOP(=O)([O-])[O-]	19.1586	7	68	774
2	cc(c)c(CC)c[nH]	19.0835	8	2	151
2	CC(C)O	-19.0079	4	11	989
2	cc(C(=O)[O-])c	-18.6859	6	8	526
2	CC(C)=O	-18.6242	4	61	1653
2	ClC(Cl)Cl	-18.2662	4	1	1
2	CCNC(=N)N	-18.2287	6	1	6
2	CNP(=O)([O-])O	-18.2287	6	1	2
2	N=C(N)NP(=O)([O-])O	-18.2287	8	1	1
1	NP(=O)([O-])O	-18.2287	5	1	17
1	CNP	-18.2287	3	1	41
2	CNC(=N)NP	-18.2287	6	1	1
2	CCO	-18.0848	3	132	6080
1	C/C(=C)C	17.5620	4	4	325
1	O=S(=O)([O-])[O-]	-17.5592	5	1	23
1	c[n-]c	-17.4968	3	2	41
1	cc(n)[n-]	-17.4968	4	2	4
2	cnc([n-]c)c(c)[nH]	-17.4968	8	2	3
2	cc([n-])nc(O)n	-17.4968	7	2	4
2	cnc(O)c(c)[nH]	-17.4968	7	2	3
2	c[nH]c(c(O)n)c(n)[n-]	-17.4968	9	2	2
2	cc(O)nc(O)n	-17.4826	7	3	14
1	nc(O)n	-17.4826	4	3	48
2	cnc(O)nc	-17.4826	6	3	9
2	nc(O)n	-17.4826	4	3	11
1	C=NC	17.4231	3	4	279
2	O=C([O-])CO	-17.2612	5	1	32
2	CC(=O)S	-17.1768	4	19	1034
2	CC(N)=O	-17.1627	4	57	4778
2	cccc(O)c	-16.9817	6	12	4247
1	CC(O)(C)O	-16.9452	5	15	93
2	CC(O)(C)O	-16.9452	5	15	89
2	C[C@@H](O)[C@H](O)[C@H](C)O	-16.8922	8	1	27
1	NC(N)=[NH2+]	16.7133	4	7	273
1	C=[NH2+]	16.7133	2	9	369
1	NC(=O)N	-16.7123	4	9	150
2	NC(=O)N	-16.7123	4	9	150
2	CC(=O)NC(=O)N	-16.7123	7	9	98
2	cnc(NC)c(c)n	16.6914	8	1	44
2	C[C@H](C)Nc(c)n	16.6914	7	1	10
2	CC[C@H](Nc)C(=O)[O-]	16.6914	8	1	3
2	[n-]c(=O)[nH]	-16.5983	4	1	2
2	c[n-]c(=O)[nH]c	-16.5983	6	1	2
1	[n-]c(=O)[nH]	-16.5983	4	1	2
2	cc(n)[n-]c(=O)[nH]	-16.5983	7	1	2
2	cc(c)[nH]c(=O)[n-]	-16.5983	7	1	2
2	[N]	16.5914	1	1	1
2	cc(O)n	-16.5841	4	4	20
1	cc(O)n	-16.5841	4	4	109
2	C[C@@H]([NH3+])CC=O	16.4938	6	1	1
2	C[C@@](C)(C)O	-16.4020	5	3	256
1	C[C@H](C)N	16.3770	4	27	1736
2	C	16.2124	1	27	109
2	cnc(c(N)n)c(n)n	16.1848	9	43	1436
1	cc[nH]	16.1271	3	10	636
1	Cc(c)c	-16.0604	4	28	4164
1	N#[N+][O-]	16.0325	3	1	1
1	N#[N+]	16.0325	2	1	23
2	C[C@@H](OP(=O)([O-])O)O	-15.9384	8	17	730
2	CCCC=C	15.8782	5	1	886
2	ccccc	15.6568	5	19	4487
2	CNC(=O)NC	-15.5794	6	3	68
2	C[C@@H](N)CC(=O)[O-]	15.4919	7	3	49
1	CC=C	15.3805	3	9	1845
1	ccc	15.3664	3	81	11415
1	cN(C)C	15.3475	4	6	352
2	cccc(Cl)c	15.3407	6	3	569
2	CC(Cl)(Cl)Cl	-15.3268	5	4	35
2	cc[nH]c(c)c	15.1791	6	5	404
2	ccc([nH]c)c(c)c	15.1791	8	5	680
2	cccc(c)[nH]	15.1791	6	5	663
2	CC(C)(C)O	-15.0806	5	2	760
2	C[C@H](C)O	-15.0784	4	65	2692
2	C=C/C(=O)[O-]	15.0660	5	7	104
2	CC(=O)NC(=N)N	15.0637	7	1	3
2	CCN(C)C(=N)N	15.0637	7	1	2
2	CN(C)CC(=O)N	15.0637	7	1	22
2	CNC(=N)N(C)C	15.0637	7	1	2
2	CNC(=O)CN	15.0637	6	1	123
2	C[C@@H]([NH3+])CC(=O)O	-14.9484	7	1	2
2	CCC(=O)OP	-14.9484	6	1	43
1	NC(=O)[O-]	-14.9458	4	1	16
2	CO[C@@H](C)[C@@H](O)C	-14.9138	7	1	5
2	C[C@@H](C)O	-14.8067	4	83	3409
2	C[C@@H]([NH3+])CCO	14.5636	6	1	15
2	C[N+](C)(C)[O-]	14.4988	5	1	7
2	c/C=C/C(=O)[O-]	14.3990	6	3	47
2	CCO[C@H](C)O	14.1582	6	6	249
2	CN[C@@H](O)C(=O)[O-]	-14.0883	7	1	7
2	N[C@@H](O)C(=O)[O-]	-14.0883	6	1	7
1	C[C@@H](N)O	-14.0883	4	1	69
2	C[C@@H](N)O	-14.0883	4	1	9
2	C[C@H](O)NC(N)=O	-14.0883	7	1	1
2	CNc(c([nH])N)c(=O)n	-13.9483	9	3	61
2	cc(c)N[C@@H](C)C	-13.9483	7	3	28
1	CC(=O)S	-13.8345	4	19	1034
1	nc[nH]	13.7628	3	14	242
2	cnc[nH]c	13.7628	5	14	238
2	C[C@](C)(C)O	-13.7447	5	1	223
2	O=C([O-])CCO	-13.6669	6	1	3
2	CCCC=N	13.6609	5	1	9
2	C[C@H](C)N=CC	13.6609	6	1	4
2	C=N[C@H](C(=O)[O-])CC	13.6609	8	1	8
1	O=NO	-13.5471	3	1	3
1	NO	-13.5471	2	1	332
1	N=O	-13.5471	2	1	79
1	ClCCl	-13.5309	3	1	1
1	C=CC	13.5159	3	14	4116
2	O=C([O-])[C@H](O)CO	-13.4959	7	2	4
2	cc(=O)[nH]c(=O)n	-13.3974	7	22	394
2	cnc(c(c)n)n(C)c	13.3445	9	57	1609
2	cc(n)n([C@@H](C)O)cn	13.3445	9	57	1564
2	CC(N)NC(N)=O	13.3393	7	1	2
2	cncn(C)c	13.3303	6	61	1738
2	cc(c)ncn	13.3303	6	58	1646
2	CC(O)C(=O)[O-]	-13.1818	6	7	126
2	CCSC=O	13.1437	5	1	4
1	O=CS	13.1437	3	1	4
2	CSC=O	13.1437	4	1	4
1	O=CO	-13.1437	3	1	19
2	O=CS	13.1437	3	1	4
2	O=COP(=O)([O-])[O-]	-13.1437	7	1	1
2	O=CO	-13.1437	3	1	19
2	O=COP	-13.1437	4	1	1
2	CCC=NC	13.1211	5	2	10
2	CC[C@@H](O)C(=O)[O-]	-13.1081	7	2	24
2	O=CCC(=O)[O-]	-13.0386	6	1	2
1	C[C@@H](O)O	-13.0236	4	39	1982
1	CC=N	12.9644	3	3	53
2	CNC(=O)CC	-12.9111	6	2	51
2	CCC(N)=O	-12.8756	5	5	296
1	cc(c)n	12.6900	4	64	2250
1	cCO	-12.4357	3	6	377
2	cN[C@@H](CN)CN	-12.3549	7	2	13
2	COP(=O)([O-])OP	-12.3344	7	68	2197
2	C[C@H](O)C(=O)C(=O)[O-]	-12.3197	8	3	7
2	cc(N)n	12.2570	4	60	1662
1	cN	12.2570	2	82	2408
2	CNCC(=O)[O-]	-12.2304	6	9	223
2	CCCl	-12.1702	3	6	161
2	CCC(=O)OC	-12.0605	6	2	1992
1	CC(N)=O	-11.9586	4	57	4778
2	CN(C)c(c([nH])N)c(=O)n	11.9287	10	4	28
2	CNC(=[NH2+])NC	11.8975	6	1	29
2	CC(N)CC(=O)[O-]	11.8975	7	1	9
2	CC(N)C(=O)[O-]	11.8975	6	1	88
2	CCC(NC)C(=O)[O-]	11.8975	8	1	6
2	CC(C)NC(N)=[NH2+]	11.8975	7	1	3
2	CCC(=O)[O-]	-11.8817	5	77	2088
1	N#N	-11.8105	2	1	1
1	c/C=C	11.7433	3	6	766
2	CCNC(N)=O	11.7354	6	2	21
2	O=C(O)[C@H](O)CO	-11.6985	7	1	2
2	C[C@@H](O)C(=O)OP	-11.6985	7	1	1
2	N#C[S-]	11.6342	3	1	2
2	ClC=C(Cl)Cl	11.6226	5	1	1
2	COC[C@@H](O)C	-11.5257	6	9	245
2	C[C@H](N)C(=O)[O-]	11.5147	6	18	625
2	C[C@H]([NH3+])CC(C)=O	11.3800	7	1	2
2	cc(C)c(CO)c(O)c	-11.2879	9	1	6
2	C=C(\C)C(=O)[O-]	11.2716	6	2	35
2	CC(OP(=O)([O-])[O-])O	11.2591	8	2	15
2	ccc(CC)cc	-11.1938	7	5	1064
1	CCCl	-11.1457	3	6	161
2	CSC(=O)C(=O)[O-]	-11.1203	7	1	1
2	O=C([O-])C(=O)S	-11.1203	6	1	1
2	CC[C@H](O)C(=O)[O-]	-11.0708	7	4	14
2	C[C@@H](O)[C@H](O)[C@H](O)C	11.0078	8	17	823
1	C[N+]	10.8741	2	12	415
2	CCSC(C)=O	-10.8725	6	14	802
1	cc(c)c	10.8725	4	6	2627
2	cccc(c)c	10.8725	6	6	1552
1	CC(C)N	10.8091	4	4	514
2	C[C@H](O)CC(=O)[O-]	-10.7702	7	5	42
2	CC(=C)C[C@@H](O)C	10.6872	7	2	10
2	CC=C(C(=O)[O-])CC	10.6872	8	2	21
2	O=S=O	-10.6779	3	1	1
1	cCC	10.6127	3	14	3213
2	CC(OP(=O)([O-])O)O	-10.5917	8	1	29
2	cc(=O)[nH]	-10.5633	4	44	745
1	cc(=O)[nH]	-10.5633	4	44	745
1	[N+]=O	-10.4742	2	1	471
1	O=[N+]([O-])[O-]	-10.4742	4	1	9
2	CCNC(N)=[NH2+]	10.3892	6	6	203
2	cccc(F)c	-10.3797	6	3	117
2	C[C@@H](O)[C@H](O)C(O)O	-10.3066	8	4	30
1	CC	-10.2651	2	140	16478
1	ccn	-10.2240	3	39	1311
2	C[C@@H](OP(=O)([O-])[O-])C	10.0820	8	21	1240
2	cC(N)=O	-10.0713	4	15	445
1	C[C@H](C)[NH3+]	9.9469	4	44	1123
2	C[C@@H](O)O	-9.8814	4	2	253
2	Cc(c)ccc	9.8792	6	25	2415
2	CCC[C@@H](C)N	9.8785	6	12	255
1	CS(C)=O	9.7951	4	1	39
1	CCN	9.7399	3	60	3602
2	CCCCO	9.7323	5	3	532
2	C[C@H](O)[C@@H](O)C(=O)[O-]	-9.7300	8	3	46
2	C/C=C(/CC)C(=O)[O-]	9.5397	8	1	14
2	C/C(=C)CC(=O)[O-]	9.5397	7	1	13
2	cC[NH3+]	9.4802	3	1	28
2	cc(C[NH3+])c	9.4802	5	1	13
2	cc(C)c(C[NH3+])c(O)c	9.4802	9	1	2
1	cC[NH3+]	9.4802	3	1	28
2	COC(O)[C@@H](O)C	-9.4519	7	7	63
2	C[C@@H](O)[C@H](O)C=O	-9.3919	7	1	16
2	C=CCl	9.3468	3	2	4
2	C[C@@H](O)[C@H](O)CO	9.2831	7	10	235
2	CCC(=O)NC	-9.2814	6	34	2384
2	CC(O)O[C@H](C)C	-9.2576	7	1	29
2	CCC(O)OC	-9.2576	6	1	26
2	C[C@@H](O)CC(O)O	-9.2576	7	1	15
1	NC=O	-9.2569	3	3	174
2	NC=O	-9.2569	3	3	174
1	CC(C)(C)O	-9.2386	5	2	819
2	CC(C)(O)C(=O)[O-]	-9.2386	7	2	85
2	C=C(C)C(=O)[O-]	9.2291	6	2	21
2	CC(=C)C	9.2291	4	2	291
2	[N+]	9.1829	1	3	20
1	CC(=O)C	-9.1759	4	10	2380
2	CC(=O)C	-9.1759	4	10	2380
2	CC(Cl)CCl	-9.1514	5	2	2
2	CO[C@@H](C)[C@H](O)C	9.1427	7	1	55
2	ccc[nH]c	9.1111	5	1	56
2	ccc(cc)c(c)[nH]	9.1111	8	1	28
2	cc(c)cc[nH]	9.1111	6	1	13
2	C[C@@H](O[C@@H](C)O)C	9.1055	7	5	1043
2	CC(O)(CO)O	-9.0757	6	11	34
2	CC(O)CO	-8.9819	5	2	149
2	cN(C)[C@@H](CN)CN	8.9591	8	2	13
2	C[C@H](C)NC(=O)N	-8.7985	7	2	19
1	C=C(Cl)Cl	8.7399	4	3	25
2	CCc(c[nH])c(c)c	-8.6803	8	1	66
2	C[C@@H](O)[C@@H](OP)[C@@H](O)C	8.6547	9	22	1111
2	C[C@](O)(C)C[C@@H](O)C	-8.6359	8	2	18
2	O=CC(=O)[O-]	-8.6304	5	1	1
2	CC[C@H](O)[C@@H](C)O	-8.6235	7	3	40
1	CC(O)C	-8.6045	4	2	492
2	CC(O)C	-8.6045	4	2	389
2	C=[NH+]P(=O)([O-])[O-]	-8.5922	6	4	7
2	NC(N)=[NH+]	-8.5922	4	4	14
2	NC(N)=[NH+]P(=O)([O-])[O-]	-8.5922	8	4	7
1	NC(N)=[NH+]	-8.5922	4	4	14
1	[NH+]P(=O)([O-])[O-]	-8.5922	5	4	8
1	C=[NH+]P	-8.5922	3	4	7
2	CC(O)(C)OCC	-8.4920	7	7	18
1	cc(O)c	-8.4908	4	19	6298
2	ccc(O)cc	-8.4908	6	10	1881
2	cc(O)c	-8.4908	4	19	4604
2	P	8.4687	1	1	19
1	CC(Cl)(Cl)Cl	8.4414	5	4	35
1	C[C@H](n)O	8.4228	4	93	2170
2	C[C@H](C)O[C@@H](n)C	8.4228	7	93	2114
2	C=C\C(=O)[O-]	8.4148	5	2	65
2	CCCCC	8.3890	5	29	5702
2	C=C/c(cc)cc	8.3867	7	5	501
2	C[C@H](O)[C@H](O)CO	8.3417	7	31	382
2	C[C@H](O)[C@H](O)[C@@H](O)C	-8.3301	8	10	736
2	ccc(=O)[nH]c	-8.2408	6	12	223
2	CN[C@H]([C@@H](O)O)[C@@H](O)C	-8.2390	9	1	11
2	CO[C@H](O)[C@@H](N)C	-8.2390	7	1	11
2	C[C@](C)(O)C(=O)[O-]	-8.2010	7	1	26
2	C[C@](C)(O)CC(=O)[O-]	-8.2010	8	3	17
2	CC[C@@](C)(O)C(=O)[O-]	-8.2010	8	1	5
1	C[C@@](C)(C)O	-8.2010	5	3	476
2	COC(O)(CO)[C@@H](O)C	-8.2001	9	10	29
2	C=C/C(=O)SC	8.1583	6	2	129
2	C/C=C/C(=O)S	8.1583	6	2	111
2	cc(c)N(C)[C@@H](C)C	8.1404	8	1	9
2	cN(C)C	8.1404	4	1	162
2	OCC(O)CO	-8.0935	6	1	73
2	c[nH]c(=O)n(C)c	-8.0841	7	19	385
2	C[C@@H]([NH3+])CC(N)=O	-8.0665	7	1	11
2	C[C@@H](CO)O	-8.0661	5	54	3076
2	CCOP(=O)([O-])O	-8.0447	7	74	3072
2	C/C(=C)C	8.0223	4	3	181
1	C[C@@H](C)[NH3+]	7.9589	4	12	264
2	C[C@@H]([NH3+])Cc(c)c	7.9580	7	3	111
2	[NH3+]CC(=O)[O-]	-7.9436	5	1	2
2	C=CCCC	-7.9391	5	3	353
2	CC(O)CCC	-7.9391	6	1	116
2	C=C(C(=O)SC)C	-7.9391	7	1	12
2	CC=C(C(=O)S)C(O)C	-7.9391	9	1	1
2	CC(C(=O)SC)=C	7.9391	7	1	9
2	CC(=C)C(O)CC	-7.9391	7	1	2
2	C=CC(C(=O)S)=CC	7.9391	8	1	4
2	CC=CCC	7.9391	5	1	123
2	CC(=O)C(N)=O	7.9385	6	1	9
2	CCC(=O)C(N)=O	7.9385	7	1	3
2	O=C([O-])[C@@H](CO)OP	7.9016	8	1	3
2	C[C@@H](C)OP(=O)([O-])[O-]	7.9016	8	1	16
1	c[n+](C)c	7.8792	4	6	134
2	CC(=O)CC(C)O	-7.8453	7	1	13
2	CCC(O)C(=O)[O-]	-7.8453	7	1	31
2	CC[C@H]([NH2+]C)C(=O)[O-]	7.8425	8	2	34
2	C[C@H]([NH2+])C(=O)[O-]	7.8425	6	2	50
2	CC[C@H](C)C	7.8123	5	1	179
2	C[C@H](C)[C@H]([NH3+])C(=O)[O-]	7.8123	8	1	3
2	C[C@@H]([NH3+])[C@@H](C)CC	7.8123	7	1	15
2	nc(=O)[nH]	-7.7934	4	21	415
1	nc(=O)[nH]	-7.7934	4	21	415
2	CCNC(C)=O	-7.7692	6	30	1708
2	Cl/C=C/Cl	7.7558	4	1	1
2	C=C/Cl	7.7558	3	1	21
1	C=C/Cl	7.7558	3	1	21
2	CCNC(N)=[NH+]	-7.7406	6	3	11
2	CNC(N)=[NH+]P	-7.7406	6	3	6
2	CO[C@@H](OC)[C@H](O)C	7.6940	8	12	842
2	CCO[C@@H](C)O	-7.6689	6	1	610
2	C[C@@H](COP)O	-7.6379	6	103	2095
2	CC(=O)[C@@H](O)[C@@H](C)O	-7.6298	8	5	58
1	CCS	7.6238	3	39	2166
2	CCc(cc)cc	7.6027	7	7	149
2	CN[C@H](C(O)O)[C@@H](O)C	7.5995	9	3	6
2	CCC(=O)C(=O)[O-]	-7.5886	7	15	155
1	C=CCl	7.5790	3	2	4
2	ClC(Cl)(Cl)Cl	-7.5759	5	1	1
2	C[C@@H](C)O[C@H](O)C	-7.5600	7	2	247
2	C[C@@H](C(=O)[O-])N	7.5306	6	2	111
2	CC(=C)C=CC	7.5108	6	3	20
2	C=C(C(=O)[O-])C	7.4414	6	5	96
2	CC[C@@H](O)[C@H](O)C	7.4413	7	3	69
2	CO[C@H](C(=O)[O-])[C@H](O)C	-7.4342	9	2	31
2	cc(CO)c	-7.4292	5	5	134
2	cCO	-7.4292	3	5	153
1	C=CN	7.4203	3	2	65
2	C[C@@H](O)[C@@H](O)[C@@H](C)O	-7.3549	8	8	338
1	CCl	-7.2754	2	19	556
2	C[C@H](O)[C@@H](O)[C@H](O)O	-7.2455	8	8	1781
2	C[C@H](C)O[C@@H](O)C	-7.2455	7	8	2466
1	C[C@H](O)O	-7.2455	4	8	2941
2	C[C@H](O)[C@@H](O)C(O)O	-7.1977	8	17	191
2	C[C@H](C)OC(=O)C	7.1705	7	2	245
2	CNC(N)=O	7.1359	5	5	82
2	CC[C@@H]([NH3+])CC	7.1321	6	1	20
2	C[C@H]([NH3+])CC(=O)[O-]	7.1321	7	1	7
2	N#C[O-]	-7.0666	3	1	1
2	Cl/C=C\Cl	7.0562	4	1	1
2	C=C\Cl	7.0562	3	1	11
1	C=C\Cl	7.0562	3	1	11
2	C[C@](O)(C)C	-7.0130	5	2	579
1	C[C@](O)(C)C	-7.0130	5	2	625
2	C=CC(=O)[C@@H](O)C	7.0130	7	1	18
2	CC(=CC(=O)C)C	7.0130	7	1	109
2	C[C@H](O)[C@@H](O)[C@@H](O)C	-6.9378	8	8	777
2	COC(O)[C@H](O)C	-6.9183	7	19	213
2	O=C([O-])C(=O)[O-]	-6.8966	6	1	2
2	C[C@@](C)(O)C(=O)[O-]	-6.8724	7	1	19
2	CC[C@](C)(O)C(=O)[O-]	-6.8724	8	1	2
1	C[C@](C)(C)O	-6.8724	5	1	345
2	C[C@@](C)(O)CC(=O)[O-]	-6.8724	8	1	11
2	CC[C@@H](C)O	6.8390	5	2	63
2	C/C=C/C[N+]	6.8232	5	1	2
2	C=C/C[N+](C)(C)C	6.8232	7	1	2
2	CC(C)(O)CC(=O)[O-]	-6.7933	8	1	48
2	NCCC(=O)N	-6.7809	6	1	5
2	CCNC(=O)N	-6.7809	6	1	13
2	NCC(=O)[O-]	-6.7578	5	11	249
2	CC(=O)OC(C)C	-6.7501	7	2	249
2	CCC(C[N+])OC	-6.7501	7	1	3
2	CC(O)C[N+](C)(C)C	-6.7501	8	1	12
2	CCC(=O)O	-6.7501	5	1	63
2	CC(O)CC(=O)[O-]	-6.7501	7	1	34
2	cC[C@H]([NH3+])C(=O)[O-]	6.6966	7	4	77
2	C[C@@H](C)OC(=O)C	-6.6705	7	1	123
2	C[C@H]([C@H](O)CO)O	-6.6705	7	1	40
2	CO[C@@H]([C@@H](C)O)[C@H](O)C	-6.6705	9	1	18
1	CC(N)N	6.6696	4	1	40
2	NC(N)C(=O)[O-]	6.6696	6	1	2
2	CNC(NC)C(=O)[O-]	6.6696	8	1	1
2	CC(=O)[C@@H](O)C(=O)[O-]	-6.6641	8	1	3
2	C[C@@H](O)CCC	6.6302	6	5	1167
2	CCC(=O)CC	-6.6245	6	3	356
2	C[C@H](O)[C@@H](O)C(C)(O)O	-6.6109	9	1	1
2	CCCC(C)=C	6.5951	6	1	37
2	C=C(CC)C(=O)[O-]	6.5951	7	1	2
2	Cc(c)cnc	-6.5829	6	2	62
2	ccncc	-6.5829	5	2	168
2	cccnc	-6.5829	5	2	331
2	ccccn	-6.5829	5	2	223
1	CSC	-6.5769	3	31	1939
2	ccc(C(N)=O)cn	-6.5745	8	1	10
2	NC(=O)C[NH3+]	-6.4922	5	1	44
2	CNC(=O)C[NH3+]	-6.4922	6	1	35
2	COC[C@H](C)O	6.4893	6	7	1576
2	CO[C@H](OP)[C@H](O)C	-6.4128	8	17	188
2	C/C(C)=C(/C)C(=O)[O-]	6.3858	8	1	2
2	C[C@H](O)[C@H](O)[C@H](O)C	-6.3788	8	4	252
2	C[C@@H](O)CC(=O)S	-6.3440	7	2	63
2	CCCC(N)=O	-6.3290	6	14	1038
2	CN(C)C(N)=[NH2+]	6.3241	6	1	12
2	CCN(C)C(N)=[NH2+]	6.3241	7	1	9
2	C/C(C)=C\C(=O)[O-]	6.2904	7	2	23
2	C=C(/C)C(=O)[O-]	6.2904	6	2	27
1	C[S-]	6.2509	2	3	88
2	CO[C@H](CO)[C@H](O)C	-6.2090	8	10	763
1	CC(C)C	6.1993	4	11	3064
2	cN(C)C=O	-6.1756	5	1	10
2	cc(N(C=O)CC)c	-6.1756	8	1	4
2	CN(c)C[C@@H](C)N	-6.1756	7	1	4
2	CN(C)c(cc)cc	-6.1756	8	1	33
1	CN(c)C	-6.1756	4	1	90
2	C[C@@H](N)CC(=O)N	-6.1303	7	1	2
2	CC[C@@H](C(=O)[O-])NC	-6.1303	8	1	5
1	ClC(Cl)Cl	-6.0887	4	1	1
2	ClCC(Cl)(Cl)Cl	6.0732	6	1	1
2	c[nH]cc(C)c	6.0680	6	4	281
2	ccc(c(C)c)c(c)[nH]	6.0680	9	4	262
2	C[C@H](O)O	-6.0265	4	2	298
2	CO[C@@H](O)[C@H](O)C	-6.0265	7	2	102
2	C[C@@H](O)[C@@H]([NH3+])C(=O)[O-]	5.9999	8	1	2
2	C[C@H]([NH3+])[C@H](O)C(=O)[O-]	5.9999	8	1	1
2	ClCCCl	-5.8869	4	1	1
2	CC(=N)CCC	5.8574	6	2	10
2	C=NCCC	5.8574	5	2	19
2	CC(=NCC)C	5.8574	6	2	7
2	C[C@@H](C)C(C)(O)C(=O)[O-]	-5.8420	9	1	1
2	CC(C)(O)[C@H](C)C(=O)[O-]	-5.8420	9	1	1
2	CCOC(O)C	-5.8271	6	5	45
1	N#C[S-]	5.8171	3	1	2
2	CC(C)C	5.7814	4	9	2145
2	C[C@@H](O)C(=O)CO	5.7755	7	6	30
2	COC(OP)[C@@H](N)C	5.7719	8	1	2
2	C[C@@H](C)OC(O)C	-5.7711	7	2	54
2	[SH-]	5.7623	1	1	3
1	[SH-]	5.7623	1	1	3
2	CC(=N)CC(=O)N	-5.7498	7	1	7
2	CC(=NC(=O)N)C	-5.7498	7	1	4
1	cc[n+]	5.7455	3	5	121
2	CC(=O)C[C@H](C)O	-5.7355	7	2	28
2	C[C@H](C)C	5.7307	4	2	1529
2	C[C@H]([NH3+])C(=O)[O-]	-5.6786	6	42	783
2	CCC	-5.6614	3	27	5003
2	C/C=C/C(=O)[O-]	-5.6234	6	2	27
1	[nH]c(=O)n	-5.6040	4	1	41
2	Cc(c)n([C@@H](C)O)c(=O)[nH]	-5.6040	10	1	1
2	ccc(C(=O)[O-])n(C)c	-5.6040	9	1	2
2	[nH]c(=O)n	-5.6040	4	1	41
2	cc(C(=O)[O-])n	-5.6040	6	1	36
2	Cc(n)cc(=O)[nH]	-5.6040	7	1	2
2	cnc(nc)c(c)[nH]	5.5859	8	1	39
2	cnc(N)c(c)[nH]	5.5859	7	1	15
2	c[nH]c(c(N)n)c(n)n	5.5859	9	1	40
2	cc(c)[nH]cn	5.5859	6	1	50
2	C[NH+](C)C	5.5702	4	1	638
1	C[NH+]	5.5702	2	1	642
2	COC(O)(CO)[C@H](O)C	-5.4739	9	3	10
2	CN(C)CC(=O)[O-]	5.4725	7	2	13
2	C[C@H](C)O[C@H](O)C	-5.4635	7	35	1628
1	C[C@H](C)C	5.4250	4	10	4744
2	C[C@@](O)(C(=O)[O-])C	-5.3901	7	1	18
2	CCC(=O)[C@@H](O)C	-5.3901	7	1	12
2	C[C@@H](O)[C@H](O)CC	-5.3901	7	1	43
2	CC[C@@](O)(C(=O)[O-])CC	-5.3901	9	1	7
2	C[C@@](O)(C)CC(=O)C	-5.3901	8	1	16
1	NC(N)=O	-5.3786	4	6	209
2	cn([C@H](OC)[C@H](O)C)c	5.3530	9	77	1891
1	O=S=O	-5.3389	3	1	1
2	CCS	-5.3289	3	5	101
2	CC(=NC(=O)N)N	5.3134	7	3	22
2	cnc(=O)[nH]c	-5.3134	6	3	66
2	c-c(n)nc(=O)[nH]	-5.3134	7	3	35
2	cc(c)N(CC)C(=N)C	5.3134	9	3	15
2	c-c(n)n(CC)c(c)c	-5.3134	9	3	34
2	cn(C[C@@H](C)O)c	-5.3134	7	3	35
1	c-c(n)n	-5.3134	4	3	75
2	C[C@@H](O)[C@@H](O)CN	5.3134	7	3	24
2	C[C@@H](O)[C@@H](O)Cn	-5.3134	7	3	34
1	CCn	-5.3134	3	3	200
1	CC(=N)N	5.3134	4	3	42
2	CCCC(=O)O	-5.3104	6	1	1546
2	CC[C@@H]([NH3+])C(=O)[O-]	5.2832	7	7	93
2	C/C=C/CC	5.2818	5	1	405
2	C=C/CCC	5.2818	5	1	469
1	C[NH2+]C	5.2670	3	8	832
2	CC(=O)[C@@H](O)[C@H](C)O	5.2612	8	2	9
2	C[C@H](O)[C@H](O)C(=O)[O-]	-5.2611	8	1	16
2	C[C@@H](O)[C@@H](O)C(=O)[O-]	-5.2611	8	1	19
2	CC(=O)C(=O)[O-]	5.2448	6	30	344
1	cc(c)N	5.2220	4	13	635
1	CC(=O)N	-5.2157	4	17	1390
2	CC(=O)N	-5.2157	4	17	1390
2	C[C@H](C)OC(C)(O)C	-5.1820	8	6	23
2	C[C@@H](O)CC	5.1710	5	1	5
1	cc(C)n	-5.1698	4	8	443
2	COC(OP)[C@H](O)C	-5.1045	8	2	21
2	C[C@@H](OP(=O)([O-])[O-])O	5.1023	8	8	199
2	C[C@@H](O)[C@@H](O)C=O	-5.0096	7	2	16
1	cc(C)[n+]	5.0064	4	1	32
1	cC[n+]	5.0064	3	1	25
2	cc(C)scn	-5.0064	6	1	4
2	cc(C)[n+]	5.0064	4	1	27
1	ncs	-5.0064	3	1	7
2	cc(C)sc[n+]	5.0064	6	1	10
1	[n+]cs	5.0064	3	1	10
2	cc(C)ncs	-5.0064	6	1	4
2	cc(C[n+](c)c)c	5.0064	7	1	24
2	cCOP(=O)([O-])O	-5.0064	7	1	5
2	c[n+](C)c(C)c(C)s	5.0064	8	1	17
2	cc(C)n	-5.0064	4	4	138
2	ncc(C[n+])c(N)n	5.0064	8	1	20
2	csc(CC)c(C)[n+]	5.0064	8	1	15
2	cC[n+](cs)c(C)c	5.0064	8	1	10
2	csc[n+](C)c	5.0064	6	1	10
2	cc(COP)c	-5.0064	6	1	21
2	cncsc	-5.0064	5	1	7
2	csc(CC)c(C)n	-5.0064	8	1	7
2	ncc(CO)c(N)n	-5.0064	8	1	6
2	cnc(C)c(C)s	-5.0064	7	1	8
2	C/C=C(\C)C(=O)[O-]	4.8859	7	1	12
2	C/C(C)=C/C(=O)[O-]	4.8859	7	1	16
2	CC(=O)OC	4.8674	5	1	719
2	C[C@@H](O)[C@@H](O)C(O)O	-4.8251	8	4	49
2	CCCC	4.7863	4	18	3508
1	O=O	4.7664	2	1	1
2	ClCC(Cl)CCl	-4.7232	6	1	1
2	NCCC(=O)[O-]	4.7153	6	2	9
2	C[C@H](OP(=O)([O-])[O-])C	4.6928	8	2	178
2	C[C@@H](O)[C@@H](OP)[C@H](n)O	4.6928	9	2	38
1	cc(C)c	4.6847	4	36	5439
2	C/C=C/c(c)c	4.6737	6	4	410
2	ccc(F)cc	-4.6513	6	2	81
2	[NH3+][C@@H](CO)C(=O)[O-]	-4.6455	7	5	82
1	C[C@H](N)O	4.6300	4	3	82
2	C[C@H](C)O[C@@H](N)C	4.6300	7	3	54
2	C[C@@H](O)[C@@H](O)[C@H](N)O	4.6300	8	3	38
2	CO[C@H](OP)[C@@H](O)C	-4.6172	8	3	53
2	CC(O)(O)[C@H](O)[C@H](O)C	4.6085	9	1	4
2	CC(C)([NH3+])CO	4.6077	6	2	8
2	cc(Cl)cc(Cl)c	-4.6047	7	1	162
2	CC(O)(COP)O	-4.5983	7	2	9
2	O=C([O-])C(=O)CO	-4.5905	7	2	2
2	cnc([nH]c)c(c)n	4.5817	8	3	25
2	cc(n)[nH]cn	4.5817	6	3	22
2	cc(c)nc[nH]	4.5817	6	3	31
1	CC(C)Cl	-4.5757	4	2	35
1	C[C@H](C)[NH2+]	4.5739	4	5	175
1	cc(n)[nH]	4.5675	4	4	61
2	cnc(c(=O)[nH])c(n)[nH]	4.5533	9	3	10
2	cc(n)nc[nH]	4.5321	6	6	70
2	CCC[C@@H](C)O	-4.5306	6	4	235
1	CSS	4.4816	3	5	109
2	CCC(=O)S	-4.4667	5	1	3
2	CC(C)Cl	-4.4283	4	2	35
2	CC(=O)CC	-4.3426	5	2	32
2	CCC[C@@H](C)[NH2+]	4.3420	6	1	25
2	c[C@@H](C)O	-4.3352	4	1	77
1	c[C@@H](C)O	-4.3352	4	1	318
2	cc([C@H](O)[C@@H](C)O)c	-4.3352	8	1	2
2	c[C@H](O)[C@H](O)CO	-4.3352	7	1	3
2	cc(c)c([C@@H](C)O)c[nH]	-4.3352	9	1	2
2	c-c(c)c(=O)[nH]c	-4.3066	7	1	18
1	cc(c)C	4.3066	4	3	2359
1	CN(C)c	4.3066	4	1	29
2	c-c(c)cc(c)c	-4.3066	7	1	29
2	cc(cc(O)c)N	4.3066	7	1	47
2	CN(C)c(cc)c(c)C	4.3066	9	1	46
1	c-c(c)c	-4.3066	4	1	1354
2	CN=C(C(C)C)N(C)c	4.3066	9	1	9
2	cCC(C(=N)N)C(=O)N	4.3066	9	1	9
2	ccc(c(c)N)CC	4.3066	8	1	31
2	CN(C[C@@H](C)O)c	4.3066	7	1	9
2	cc(O)cc(c)n	-4.3066	7	1	51
2	cccc(c)C	4.3066	6	3	1006
2	ccc(cc)c(c)n	-4.3066	8	1	69
2	ccc(c(c)c)n(C)c	-4.3066	9	1	74
2	CC(C)Cc(c)c	4.3066	7	1	29
2	cnc(n(C)c)-c(c)c	-4.3066	9	1	17
2	ccc(c(=O)[nH])-c(n)n	-4.3066	9	1	17
2	C[C@H](O)[C@@H](OC)[C@H](O)C	4.2997	9	1	20
2	C[C@@H](OC)C(=O)C	-4.2970	7	1	22
2	C[C@@H](O)C(=O)[C@H](O)C	-4.2970	8	1	20
2	C[C@@H](OC)[C@@H]([NH3+])C	4.2970	7	1	7
2	C[C@@H](O)[C@@H]([NH3+])[C@H](O)C	4.2970	8	1	17
2	CC(=O)[C@H](O)[C@@H](O)C	-4.2970	8	1	25
2	C[C@H](O)[C@@H](O)[C@H]([NH3+])C	4.2970	8	1	18
2	[NH3+]CCC=O	-4.1613	5	1	1
2	[NH3+]CCC[NH3+]	4.1613	5	1	1
2	CNC(=O)C(C)C	4.1498	7	2	26
2	C[C@@H]([NH3+])CC(=O)[O-]	-4.0868	7	2	21
2	C[C@@H](O)[C@H](O)C(=O)[O-]	4.0840	8	1	18
2	C[C@@H](C(=O)[O-])O	-4.0840	6	6	324
2	ClCC(Cl)Cl	4.0558	5	1	1
2	C[C@H]([NH3+])CCC	-4.0539	6	3	63
2	CC(=O)[C@H](O)[C@@H](C)O	-4.0406	8	4	24
2	CC(=O)CC(=O)S	4.0357	7	2	111
2	CNc(c(C)n)n(C)c	-4.0011	9	1	3
2	cc(NC=O)n	-4.0011	6	1	1
2	Cc(n)c(N)n(C)c	4.0011	8	2	6
1	CS	-3.9850	2	11	485
2	CC(=O)NC	-3.9772	5	10	957
2	C[C@@H]([NH3+])CCS	3.9772	6	3	28
2	CN[C@@H](CC)C(=O)[O-]	-3.9772	8	15	278
2	C[C@H](C)NC(C)=O	-3.9772	7	11	881
2	C[C@@H](N)CCS	-3.9772	6	1	47
2	CC(O)(O)[C@@H](O)[C@H](O)C	-3.9642	9	7	22
2	C[C@@H](O[C@H](C)O)O	-3.9140	7	2	39
2	C[C@H](N)[C@@H](O)[C@H](O)C	3.9107	8	3	348
2	CSCCC	3.9090	5	3	90
2	CSC[C@H](C)O	3.9090	6	3	18
2	CCSCC	3.9090	5	1	113
2	CO[C@H](CS)[C@@H](O)C	3.9090	8	3	25
2	CC(C)(C)[NH3+]	3.8669	5	2	22
1	CC(=C)O	3.8617	4	5	105
2	CC(=C)O	3.8617	4	5	31
2	C=C(OP)C(=O)[O-]	3.8617	7	1	4
2	C=C(O)C(=O)[O-]	3.8617	6	5	17
2	CC(=C)OP(=O)([O-])[O-]	3.8617	8	1	2
2	ccc(CO)cc	3.8586	7	2	122
2	ccc(C=O)cc	-3.8586	7	2	41
2	CCC[C@H](C)O	3.8571	6	1	646
2	C[C@H](O)[C@H](O)[C@@H](C)O	-3.8525	8	11	197
2	C[C@H](C)NC(N)=O	-3.8505	7	1	9
2	OC[C@H](O)CO	-3.8215	6	1	58
2	C[C@](C)(C)CCC	-3.7989	7	4	1940
2	C[C@@H](O)C=O	-3.7929	5	4	75
2	C[C@@H](N)CCC	3.7824	6	3	358
2	CC[C@@H](O)C[N+]	3.7702	6	1	6
2	C=C/C=O	-3.7130	4	1	51
2	cc(/C=C/C)c	3.7130	6	1	67
2	c/C=C/C=O	-3.7130	5	1	15
2	c/C=C/CO	3.7130	5	1	29
2	C=C/CO	3.7130	4	1	70
2	CC(=C)CC=C	3.7101	6	2	14
1	cC(N)=O	-3.7101	4	15	445
2	CN(C)C=CC	3.7101	6	2	14
2	CN([C@H](OC)[C@H](O)C)C	3.7101	9	2	28
2	CC(=CN(C)C)C	3.7101	7	2	24
2	cc(C(N)=O)c	-3.7101	6	5	40
2	CCC(C(N)=O)=CN	3.7101	8	2	14
2	CCC=CN	3.7101	5	2	14
2	C=CN([C@@H](C)O)C=C	3.7101	8	2	8
2	C=C(C(N)=O)C	3.7101	6	2	19
2	cc([nH])nc[nH]	3.7009	6	1	6
2	CC(=O)CO	-3.6995	5	15	124
2	C=C[C@@H](O)[C@@H](O)C	3.6741	7	1	5
2	CC(=C)CC(=O)C	-3.6741	7	1	4
2	C[C@@H](O)[C@@H](O)C(=O)C	-3.6741	8	1	24
2	CCC(=O)[C@H](O)C	-3.6741	7	1	8
2	CCC(C(=O)[O-])=CC	-3.6741	8	1	2
2	C[C@H](O)[C@H](O)C=C	-3.6741	7	1	11
1	C[N+](C)(C)[O-]	3.6247	5	1	7
2	CSSCC	3.6180	5	3	26
2	C[NH2+]C(C)C(=O)[O-]	3.6113	7	1	2
2	CC(C)[NH2+]	3.6113	4	1	50
2	CC([NH2+])C(=O)[O-]	3.6113	6	1	10
1	CC(C)[NH2+]	3.6113	4	1	93
2	CO[C@H]([C@@H](O)C)[C@@H](O)C	3.6036	9	1	205
2	NCCSS	3.5514	5	1	6
1	N#C[O-]	-3.5333	3	1	1
2	CSC(=O)CC	-3.5323	6	4	120
2	CC(O)C=O	-3.5302	5	1	16
2	O=CC(O)C(=O)[O-]	-3.5302	7	1	1
2	C/C=C\C(=O)[O-]	3.5290	6	1	27
2	C[C@@H]([NH2+])C(=O)[O-]	3.5005	6	1	16
2	C[C@@H](C)[NH2+]	3.5005	4	1	20
2	C[C@H](C)[NH2+][C@@H](C)C	3.5005	7	1	13
2	C[C@@H]([NH2+]C)C(=O)[O-]	3.5005	7	1	5
2	C[C@](C)(C)C	3.4932	5	5	2544
2	CC[C@H](O)[C@@](C)(C)C	3.4932	8	2	161
2	C[C@H](C)CCC	3.4932	6	4	1569
2	C[C@@](C)(C)[C@@H](CC)[C@H](C)C	-3.4932	10	2	137
2	CC[C@@H]([C@H](C)C)[C@](C)(C)C	3.4932	10	2	981
2	CC[C@](C)([C@@H](O)C)[C@@H](C)C	3.4932	10	2	229
2	CCC(=O)[C@@](C)(C)C	-3.4932	8	2	130
1	C[C@@](C)(C)C	-3.4932	5	4	2270
2	C[C@@](C)(C)CCC	3.4932	7	2	1063
2	CC[C@](C)(C(=O)C)[C@@H](C)C	-3.4932	10	2	114
2	C[C@@](C)(C)C	-3.4932	5	4	2067
1	C[C@](C)(C)C	3.4932	5	5	2792
1	C[C@@H](C)N	-3.4916	4	11	906
2	C[C@@H](O)[C@@H](O)C(C)(O)O	-3.4715	9	1	1
2	CN[C@@H]([C@@H](O)O)[C@@H](O)C	3.4671	9	1	675
2	CO[C@H](OP)[C@H](N)C	3.4671	8	1	588
2	CC[NH3+]	-3.4530	3	16	727
1	CC[NH3+]	-3.4530	3	16	727
2	CC(=O)[C@H](O)CO	3.4311	7	2	16
2	C[C@@H]([NH3+])C	3.4258	4	5	238
1	C[C@@H]([NH3+])C	3.4258	4	5	238
2	O	3.4252	1	6	63
2	CC[C@@H](C(=O)[O-])[NH2+]C	-3.4251	8	2	13
2	CCC(O)(CC)C(=O)[O-]	-3.3967	9	1	55
2	C[C@H](O)[C@H](O)[C@H](C)O	-3.3633	8	2	42
2	C[C@H](O)[C@H](C)O	-3.3633	6	2	15
2	Cc(c)nc[nH]	3.3566	6	1	14
2	C/C=C/c(c)n	3.3566	6	1	1
2	Cc(n)c[nH]c	3.3566	6	1	13
2	C=C/c(c[nH])nc	3.3566	7	1	12
2	C[C@@H](O)CO	3.3540	5	10	343
2	CO[C@H](C(=O)[O-])[C@@H](O)C	3.3502	9	4	267
1	C[C@@H](C)[NH2+]	3.3440	4	2	75
2	CSC(C)=O	-3.3423	5	1	12
1	cCl	3.3333	2	3	1037
1	cc(Cl)c	3.3333	4	3	971
2	cc(Cl)c	3.3333	4	3	971
2	C[C@@H](O)C[N+](C)(C)C	3.3272	8	3	32
2	C[C@@H](C)[C@H]([NH3+])C(=O)[O-]	3.3201	8	1	5
2	C[C@@H]([NH3+])[C@H](C)C(=O)[O-]	3.3201	8	1	1
2	CCCCN	3.2785	5	7	663
2	CC(O)(O)C[C@H](O)C	-3.2712	8	2	8
2	CO[C@@H]([C@@H](C)O)[C@H](N)C	-3.2712	9	2	63
2	CCC(O)(C(=O)[O-])OC	-3.2712	9	2	12
2	CC(O)(C(=O)[O-])O	-3.2712	7	2	19
2	CC(O)(C)O[C@@H](C)C	-3.2712	8	2	12
2	CN[C@H]([C@@H](O)C)[C@H](C)O	-3.2712	9	2	67
2	CC[C@H](O)[C@@H](N)C	-3.2712	7	2	62
2	C[C@@H](C(=O)[O-])[NH2+]	-3.2686	6	3	43
1	cc(c)[nH]	3.2682	4	8	866
2	CO[C@@H](CO)[C@@H](O)C	-3.2631	8	1	64
2	C[C@@H](O)[C@H](O)[C@@H](O)O	-3.2631	8	1	68
2	C[C@H](CO)O	-3.2631	5	1	146
2	C/C=C(/C)C(=O)[O-]	-3.2493	7	1	5
2	COC(C)=O	-3.2316	5	5	599
2	[N+]CCO	3.2313	4	1	2
2	ccc(N)nc	3.1765	6	11	131
2	cc(N)nc(=O)n	3.1765	7	11	147
1	nc(=O)n	3.1765	4	11	198
2	nc(N)ccn	3.1765	6	11	124
2	nc(=O)n	3.1765	4	11	198
2	ccn([C@@H](C)O)c(=O)n	3.1765	9	11	132
2	cnc(=O)n(C)c	3.1765	7	11	162
2	N=C(N)N	-3.1650	4	2	20
1	N=C(N)N	-3.1650	4	2	24
1	C=N	-3.1650	2	2	30
2	CC[C@H](O)C[N+]	-3.1453	6	1	2
2	C[C@H](O)C[N+](C)(C)C	-3.1453	8	1	2
2	C[C@H](O)/C=C/C	3.1371	6	1	96
2	C=C/[C@@H](O)CC	3.1371	6	1	84
2	C=C/C(=O)CC	-3.1371	6	1	22
2	CC(=O)/C=C/C	-3.1371	6	1	27
2	CC[C@H](C)O	3.1356	5	1	75
2	CCC[NH3+]	3.1304	4	10	326
1	cn(C)c	3.1094	4	95	2540
2	CC(=O)OP	-3.0988	5	1	2
2	cNC=O	-3.0813	4	2	63
2	C[C@@H](O)C[C@@H](O)O	-3.0697	7	1	18
2	cn([C@@H](CC)OC)c	3.0697	8	16	214
2	CC[C@@H](OP)OC	-3.0697	7	1	60
2	C[C@@H](O)C[C@H](n)O	3.0697	7	16	205
2	[NH3+]CCO	3.0399	4	3	148
2	CC(=O)[C@H](O)[C@H](C)O	3.0067	8	2	12
2	C[C@H](O)[C@@H](C)O	3.0067	6	2	30
2	CO[C@H](CO)[C@@H](O)C	-3.0057	8	127	4691
2	C[C@@H]([NH3+])C(=O)[O-]	-2.9721	6	10	141
2	CC(=O)SCC	-2.9620	6	5	210
2	CC(C)CC	2.9493	5	2	290
2	C[C@@H](O)[C@@H](O)CO	2.9048	7	5	135
2	C[C@@H]([NH3+])CC(C)C	2.8845	7	1	24
1	cNC	2.8777	3	16	652
2	C=C/C	2.8765	3	1	247
2	C/C=C/C	2.8765	4	1	59
2	C[C@H](O)[C@H](O)C(C)(O)O	-2.8743	9	1	1
1	C[C@H]([n+])O	2.8727	4	5	37
2	c[n+]([C@H](OC)[C@H](O)C)c	2.8727	9	5	34
2	C[C@@H](O)[C@@H](O)[C@H]([n+])O	2.8727	8	5	31
2	Cc(c)c[n+](C)c	2.8727	7	5	28
2	cccc[n+]	2.8727	5	5	58
2	ccc[n+](C)c	2.8727	6	5	62
2	cc[n+]([C@@H](C)O)cc	2.8727	8	5	27
2	C[C@H](C)O[C@@H]([n+])C	2.8727	7	5	37
2	CC[C@@H](O)[C@@H](C)O	-2.8677	7	3	49
2	CCC(=O)[C@@H](C)O	-2.8677	7	1	18
2	ccc(C(N)=O)c[n+]	2.8643	8	4	12
1	CC(C)(C)[NH3+]	2.8249	5	2	22
2	CC(C)([NH3+])C(=O)[O-]	2.8249	7	2	11
2	[NH3+][C@@H](C[S-])C(=O)[O-]	2.8223	7	1	1
2	C[C@@H]([NH3+])C[S-]	2.8223	5	1	5
2	c[C@@H]([NH3+])C(=O)[O-]	-2.8219	6	1	3
2	cc([C@@H]([NH3+])C(N)=O)c	2.8219	8	1	21
2	cc([C@@H]([NH3+])C(=O)[O-])c	-2.8219	8	1	3
2	c[C@@H]([NH3+])C(=O)NC	2.8219	7	1	33
2	C[C@H](O)CC(=O)S	2.8117	7	2	38
2	c[nH]c(=O)c(c)n	2.8111	7	18	202
2	ccc(Cl)cc	2.7981	6	2	436
2	COC[C@H](O)C	-2.7934	6	5	124
2	C[C@@H](O)[C@H](O)[C@@H](C)O	-2.7923	8	10	225
2	C[C@@H](O)[C@@H](OC)[C@H](O)C	2.7796	9	5	637
2	NCCS	-2.7638	4	2	9
2	cccc([N+])c	2.7525	6	1	240
2	cccc(N)c	-2.7525	6	8	866
2	ccc(C(=O)[O-])cc	2.7514	8	3	153
2	CCCO	2.7237	4	7	328
2	CC(=O)COP	2.6724	6	6	62
2	CC[C@H](NC)C(=O)N	-2.6683	8	1	32
2	CNC(=O)[C@H](C)N	-2.6683	7	5	385
2	C[C@H](CC(=O)[O-])N	-2.6683	7	1	6
2	C=C/C(=O)OC	-2.6556	6	1	240
2	c/C=C/C(=O)O	-2.6556	6	1	192
2	CC(=O)O[C@@H](C)O	-2.6556	7	1	92
2	cC(=O)N[C@H](C)C	2.6511	7	8	175
2	cc(C(=O)NC)n	2.6511	7	1	37
2	cc(C(N)=O)n	-2.6511	6	2	7
2	cc(=O)[nH]cn	2.6471	6	6	30
2	C[C@@H](O)COP	-2.6444	6	2	684
2	nccc(=O)[nH]	-2.6368	6	11	192
2	CC(=C)C(C)C(=O)[O-]	2.6340	8	1	1
2	CC(C)C(=C)C(=O)[O-]	2.6340	8	1	1
2	C=C(C)CC	-2.6007	5	1	11
2	C=CCOP	2.6007	5	1	3
2	CC=C(C)C	2.6007	5	3	1354
2	CCCOP	-2.6007	5	3	107
2	C=C(C)CCO	-2.6007	6	1	5
2	CC(C)=CCO	2.6007	6	1	25
2	C[C@@H](O)[C@H](O)[C@@H](O)C	-2.5996	8	1	228
2	CNCCC	-2.5789	5	5	434
2	CCCS	-2.5651	4	3	42
2	C[C@H](O)[C@@H](O)[C@@H](C)O	-2.5328	8	6	104
2	ccn([C@@H](C)O)c(=O)[nH]	-2.4800	9	18	338
2	CC(C)C(=O)SC	-2.4749	7	1	24
2	CC(C(=O)[O-])C(=O)S	-2.4749	8	1	1
2	C[C@H](O)[C@@H](O)[C@@H](O)O	-2.4523	8	25	693
2	ccc(N(C)C)cc	2.4120	8	2	89
2	cN(C)CN(c)C	2.4120	7	2	10
1	NCN	2.4120	3	2	33
2	C[C@@H](N)C[S-]	-2.3885	5	1	24
2	CN[C@@H](CS)C(N)=O	2.3885	8	3	116
2	CN[C@@H](C[S-])C(N)=O	-2.3885	8	1	16
2	ccc(NC)cc	2.3874	7	5	77
2	CCCC(=O)[O-]	2.3754	6	40	1336
2	O=CCP(=O)([O-])O	-2.3606	7	1	1
2	O=CCP	-2.3606	4	1	1
2	[NH3+]CCP	2.3606	4	1	3
2	[NH3+]CCP(=O)([O-])O	2.3606	7	1	3
2	CC[C@H](C)[NH3+]	-2.3319	5	1	7
2	CC[C@H]([NH3+])CC	2.3319	6	1	6
2	C[C@H]([NH3+])C[C@@H](C)[NH3+]	2.3319	7	1	3
2	CC(=O)C[C@H](C)[NH3+]	-2.3319	7	1	2
2	C[C@@H]([NH3+])CC	2.3319	5	1	5
1	[Fe+3]	-2.2982	1	1	9
2	[Fe+3]	-2.2982	1	1	9
2	CC(n)=O	2.2943	4	1	3
2	C[C@@H](N)CSS	2.2917	6	2	18
2	C[C@@H]([NH3+])C(C)C	-2.2880	6	1	14
2	CC(C)[C@H]([NH3+])C(=O)[O-]	-2.2880	8	1	2
2	C[C@H](C)OC(O)C	-2.2539	7	27	392
1	Cc(c)n	-2.2474	4	5	253
2	CC(=O)CC(C)C	2.2281	7	1	50
2	CCC(C)C	2.2281	5	1	715
2	CCSSC	2.2075	5	3	43
2	CC(O)(O)[C@@H](O)[C@@H](O)C	-2.1372	9	1	8
1	N=CN	-2.0952	3	1	13
2	CNC=NC	-2.0952	5	1	3
2	CCCC(C)N	-2.0952	6	1	57
2	CC(=O)NC=N	-2.0952	6	1	2
2	C=NC(CC)C(=O)N	-2.0952	8	1	1
2	CC(C)N=CN	-2.0952	6	1	3
2	C[C@@H](O)[C@@H](O)[C@@H](O)O	2.0910	8	5	112
2	C[C@H](C)C(=O)[O-]	-2.0816	6	1	61
2	C[C@@H](C)C(=O)SC	-2.0816	7	1	3
2	C[C@H](C(=O)[O-])C(=O)S	-2.0816	8	1	1
2	[NH3+]	-2.0735	1	2	2
2	CC(C)(C)[C@@H](O)C(N)=O	-2.0655	9	23	1051
2	CNC(=O)[C@@H](C)O	-2.0655	7	23	1060
2	CCCNC	-2.0655	5	25	1097
1	cC=O	-2.0510	3	3	182
2	cC=O	-2.0510	3	3	182
2	cc(C=O)c	-2.0510	5	3	163
2	C[C@H](O)[C@@H](O)[C@H](O)C	-2.0379	8	35	2385
1	cc([nH])N	-2.0196	4	7	97
2	c[nH]c(c(c)N)NC	-2.0196	8	7	94
2	cNC[C@H](C)N	-2.0196	6	5	39
2	cc([nH])NCC	-2.0196	6	5	56
2	cnc(=O)c(c)N	-2.0196	7	7	94
2	cc([nH]c(N)n)N	-2.0196	7	7	94
2	O=C(CO)CO	-2.0195	6	2	24
2	cc(C)cc(c)n	-2.0135	7	2	39
2	cc(C)cc(c)N	2.0135	7	2	22
2	CC(=O)OCC	-2.0094	6	1	1095
2	COC[C@@H](C)[NH3+]	-2.0094	6	1	12
2	CCC[C@H](C)[NH3+]	-2.0024	6	1	15
2	C[C@@H](O)CC(=O)[O-]	-1.9973	7	3	51
2	CC(C)(C)[C@@H](O)C(=O)[O-]	1.9953	9	1	4
2	cNC[C@@H](C)N	1.9611	6	2	17
2	cc(NCC)c	1.9611	6	2	36
2	C[C@@H](C)[C@@H](O)C(=O)[O-]	1.9360	8	1	9
2	C[C@H](O)[C@H](CC)C(=O)[O-]	1.9360	9	1	3
1	CC(Cl)Cl	-1.9225	4	3	33
2	C[NH2+]C	-1.9121	3	1	223
1	C[NH2+]	-1.9121	2	1	228
1	ClC(Cl)(Cl)Cl	-1.8940	5	1	1
1	C[NH+](C)C	1.8567	4	1	1152
2	[NH+]	1.8567	1	1	1
2	CC(=C)[C@H]([NH3+])[C@@H](O)C	1.8328	8	1	2
2	CO[C@@H](C=C)[C@@H]([NH3+])C	1.8328	8	1	1
2	CC=C(C(=O)[O-])[C@H]([NH3+])C	1.8328	9	1	2
2	COC(O)[C@@H](N)C	1.8276	7	2	4
2	Cc(c)c(CO)cn	1.8077	8	1	7
2	cc(C)c(C=O)c(O)c	1.8077	9	1	25
2	cc(C)c(CO)cn	-1.8077	8	2	11
2	Cc(c)c(O)c(C)n	1.8077	8	1	9
2	cc(C)c(O)c(C)n	-1.8077	8	2	13
2	CC(C)[NH2+]C(C)C	1.8057	7	1	9
2	C[C@H]([NH3+])CO	-1.7829	5	1	19
2	[NH3+][C@H](CO)C(=O)[O-]	-1.7829	7	1	7
2	[NH3+]C(CO)(CO)C(=O)[O-]	1.7829	9	1	1
2	CC[C@H](O)CO	-1.7793	6	1	9
2	C[C@@H](O)[C@@H](O)[C@H](C)O	1.7669	8	1	37
2	CS[C@@H]1[C@H](N)CN1C	1.7614	8	2	47
2	CS[C@@H]1[C@H]([NH3+])CN1C	-1.7614	8	1	1
2	C[C@@H](O)C(=O)[O-]	1.7436	6	13	189
2	cnc(c(=O)[nH])c(n)n	-1.7422	9	15	177
2	C[C@@H](C(=O)[O-])C(=O)S	1.7185	8	1	1
2	C[C@H](C)C(=O)SC	1.7185	7	1	3
2	[N+]CCOP	-1.7040	5	2	195
2	C[C@@H](O)[C@@H](O)[C@@H](O)C	1.6836	8	66	988
2	CO[C@H](O)[C@H](O)C	-1.6424	7	1	71
2	CCCC(C)=O	1.6300	6	4	315
2	C[C@](O)(C(=O)[O-])C	-1.6229	7	1	19
2	CC[C@](O)(C(=O)[O-])CC	-1.6229	9	1	9
2	CC(=O)[C@@H](O)[C@H](O)C	1.6229	8	2	18
2	C[C@@H]([NH3+])COP	-1.6100	6	3	81
2	C[C@H](O)CO	-1.5986	5	23	636
2	cc(N[C@H](C)C)c	-1.5934	7	1	9
2	cN(C)[C@H](C)[C@@H](C)N	1.5934	8	1	1
2	cc(N(CN)[C@H](C)C)c	1.5934	9	1	1
2	cc(c)N(CN)[C@H](C)C	1.5934	9	1	1
2	cN[C@@H]([C@@H](C)N)[C@H](C)N	-1.5934	9	1	4
2	cN[C@H](C)[C@@H](C)N	-1.5934	7	1	7
2	cN(C)[C@H]([C@H](C)N)[C@@H](C)N	1.5934	10	1	1
2	cnc(CC)c[nH]	-1.5835	7	2	101
2	C[C@H](O)C=O	-1.5834	5	2	42
2	CCC=O	-1.5795	4	7	178
2	C[C@@H](O[C@H](C)O)C	1.5774	7	2	564
2	CCCC=O	-1.5719	5	3	100
2	CC(C)CO	1.5676	5	1	68
2	CC(C)C=O	-1.5676	5	1	29
2	CC(C=O)C(=O)[O-]	-1.5676	7	1	2
2	CC(CO)C(=O)[O-]	1.5676	7	1	1
2	CCC[C@H](C)C	-1.5572	6	4	1871
2	CC(=O)[C@@H](O)CO	-1.5445	7	2	12
2	COCC[N+]	-1.5272	5	1	14
2	C[C@H](O)[C@@H](O)[C@H](C)O	-1.5266	8	4	108
2	NCCO	-1.5199	4	2	54
2	CNCCO	-1.5199	5	4	87
2	CNC(N)=[NH2+]	-1.5083	5	5	242
2	C[C@H](O)C(=O)CO	1.5047	7	9	44
2	CC(=O)CCC	1.4932	6	7	684
2	C[C@@H](O)[C@@H](O)[C@H](O)C	-1.4758	8	48	2964
2	CC[C@H]([NH3+])C(=O)[O-]	1.4732	7	26	445
2	CN[C@@H](C(=O)[O-])CC	-1.4720	8	1	3
2	CCC[C@H](C)N	-1.4720	6	1	156
2	C[C@H](C(=O)[O-])N	-1.4720	6	4	71
2	C[C@@H](C)NC(=O)C	-1.4720	7	1	78
2	CCCC(=O)N	-1.4720	6	1	149
2	CO[C@H](CO)[C@H](C)O	-1.4274	8	1	133
2	C[C@H](C)OP(=O)([O-])O	-1.4274	8	5	130
2	COP(=O)([O-])OC	-1.4274	7	7	999
2	C[C@H]([NH3+])C	1.4124	4	2	241
1	C[C@H]([NH3+])C	1.4124	4	2	241
2	O=CCO	-1.4095	4	1	3
2	CO[C@@H](C=C)[C@@H](O)C	-1.4044	8	1	4
2	CC=C(C(=O)[O-])[C@H](O)C	-1.4044	9	1	3
2	CC(=C)[C@H](O)[C@@H](O)C	-1.4044	8	1	4
2	[NH3+]CCC(=O)[O-]	-1.3901	6	1	1
1	c[N+](=C)C	1.3762	4	1	6
1	cc([N+])c	1.3762	4	1	357
2	cc([N+](=CN)CC)c	1.3762	8	1	3
1	NC=[N+]	1.3762	3	1	5
2	cN(C)[C@H](CN)C[N+]	1.3762	8	1	3
2	cN(C)C=[N+](c)C	1.3762	7	1	5
2	cc(c)N(C=[N+])[C@@H](C)C	1.3762	9	1	4
1	CC[N+]	1.3762	3	12	430
2	c[N+](=C)C[C@@H](C)N	1.3762	7	1	3
2	C=[N+](c(cc)cc)C	1.3762	8	1	5
2	cc(c)N=C(C)C	1.3570	7	2	74
2	C[C@H](O)[C@H](O)[C@@H](O)O	-1.3541	8	2	271
2	CCCSS	-1.3439	5	2	17
2	C[C@H](C)S	1.3439	4	2	3
2	CC[C@@H](S)CC	1.3439	6	2	2
2	CCCC(=O)C	1.3308	6	1	191
2	CCCC(O)C	-1.3308	6	1	57
2	[NH3+][C@@H](CS)C(=O)[O-]	1.3263	7	1	83
2	C[C@@H]([NH3+])CSS	1.3263	6	1	8
2	C[C@H](O)COP	1.2983	6	22	328
1	[N+][O-]	-1.2913	2	3	502
2	c[nH]cc(C)n	-1.2614	6	3	117
2	C[C@@H]([NH3+])Cc(c)n	-1.2614	7	1	16
2	cc(C)nc[nH]	-1.2614	6	3	110
2	CCC(=O)SC	-1.2567	6	5	495
2	cc(CC(N)=O)c	1.2480	7	2	60
2	cc(CC(=O)[O-])c	-1.2480	7	1	76
2	Cc([nH+])c(N)n(C)c	-1.2445	8	1	1
2	cn(C)c(N)c[nH+]	1.2445	7	1	2
1	cc[nH+]	1.2445	3	1	19
2	Cc(c)[nH+]cn	-1.2445	6	1	1
2	c[nH+]c(C(=O)[O-])c(N)n	-1.2445	9	1	1
2	cc(C(=O)[O-])[nH+]	-1.2445	6	1	1
1	Cc(c)[nH+]	-1.2445	4	1	6
2	cc[nH+]cn	1.2445	5	1	2
2	c[nH+]cc(N)n	1.2445	6	1	2
2	CC(O)[C@H](O)CO	1.2279	7	1	2
2	CCOC(C)=O	-1.2222	6	4	612
2	CO[C@H](OC)[C@H](O)C	-1.2191	8	7	1569
2	O=C[C@H](O)CO	1.2168	6	2	2
2	CC[C@H](NC)C(=O)[O-]	-1.1995	8	2	40
2	CSS[C@H](C)C	-1.1764	6	1	6
2	CC[C@H](CC)SS	-1.1764	7	1	6
2	C[C@@H](O)[C@@H](C)O	-1.1654	6	2	39
1	CC(n)=O	1.1472	4	1	3
2	cnccn	1.1472	5	1	50
2	c[nH]ccn	-1.1472	5	1	5
1	Cn(c)c	1.1472	4	1	25
2	ccn(C(C)=O)cn	1.1472	8	1	2
2	cncc[nH]	-1.1472	5	1	3
2	ccncn	1.1472	5	1	62
2	Cn(c)cnc	1.1472	6	1	9
2	ccnc[nH]	-1.1472	5	1	2
2	Cn(c)ccn	1.1472	6	1	9
2	cn(C(C)=O)c	1.1472	6	1	1
2	CC(=O)C[C@@H](C)O	-1.1452	7	3	30
2	CNC(=O)N=C	-1.1329	6	6	45
1	CN=C	-1.1329	3	6	182
2	C[C@@H](C)C(=O)[O-]	1.1327	6	4	54
1	C[C@@H](C)C	1.1327	4	6	4262
1	cc(=O)n	-1.0997	4	8	334
2	cc(=O)[nH]c(N)n	1.0997	7	14	212
2	cc(=O)n	-1.0997	4	8	334
2	cc(=O)nc(N)[nH]	-1.0997	7	8	124
2	cnc(nc)c(c)n	1.0981	8	1	52
2	ccnc(c)n	1.0981	6	1	38
2	cCNc(c)c	1.0981	6	1	11
2	cNCc(c)n	1.0981	6	1	6
2	cnc(CN)cn	1.0981	7	1	10
2	cc(C)nc(c)c	1.0981	7	1	37
2	cncc(C)n	1.0981	6	1	38
1	cCN	1.0981	3	1	221
2	COP(=O)([O-])[O-]	-1.0973	6	106	2285
2	CNC(=O)C(C)N	-1.0884	7	3	113
1	c[nH]c	-1.0822	3	66	2095
2	CC(=O)Cc(c)c	-1.0776	7	5	18
2	cCC(=O)C(=O)[O-]	-1.0776	7	5	19
2	C[C@H](C)[NH2+]CC	1.0734	6	4	67
2	O=P([O-])(O)OP	1.0636	6	20	244
2	CC([NH3+])(CO)C(=O)[O-]	1.0420	8	1	1
2	C[C@@H]([NH3+])CO	-1.0262	5	1	45
2	CN1C[C@H](N)C1=O	1.0147	7	3	122
2	CN[C@@H]1C(=O)N[C@@H]1S	1.0147	8	3	106
2	CN1C[C@H]([NH3+])C1=O	-1.0147	7	2	2
2	C[C@@H](NC(C)=O)C	1.0147	7	3	184
2	[NH3+][C@@H]1C(=O)N[C@@H]1S	-1.0147	7	2	2
2	ccc(nc)c(c)n	-1.0068	8	2	76
2	ccc(c(c)N)NC	1.0068	8	2	11
2	c-c(c)nc(c)c	-1.0068	7	2	61
2	cnc(c(=O)[nH])-c(n)n	-1.0068	9	2	16
2	cNC(C(=N)N)C(=O)N	1.0068	9	2	3
2	ccc(c(c)n)n(C)c	-1.0068	9	2	43
2	CC(C)Nc(c)c	1.0068	7	2	19
2	cnc(n(C)c)-c(c)n	-1.0068	9	2	23
2	c-c(n)c(=O)[nH]c	-1.0068	7	2	19
2	cN(C[C@@H](C)O)C	1.0068	7	2	6
2	CN=C(C(C)N)N(C)c	1.0068	9	2	3
2	CN(C)c(cc)c(c)N	1.0068	9	2	6
2	CC(C)C(O)C(=O)[O-]	-0.9992	8	1	16
2	CC(C)CC(=O)[O-]	-0.9992	7	1	39
2	CCC(C(=O)[O-])C(C)O	-0.9992	9	1	4
2	C[C@H](C)[NH3+]	0.9949	4	44	1123
2	cccc(C)c	0.9629	6	14	3172
2	[NH2+]	-0.9560	1	1	2
2	cc[nH]cn	0.9480	5	5	122
1	cc(n)N	0.9215	4	3	50
2	c[nH]c(=O)c(c)N	0.9215	7	3	38
1	cN=C	0.9215	3	3	109
2	CCNc(c)n	0.9215	6	3	50
2	C=Nc(c(n)N)c(=O)[nH]	0.9215	9	3	30
2	cnc(c(c)N)NC	0.9215	8	3	33
2	cc(nc(N)[nH])N	0.9215	7	3	34
2	cNCC(C)=N	0.9215	6	3	22
2	cN=C(CN)CN	0.9215	7	1	10
2	CCNc(c)c	0.9215	6	1	15
2	cNCC(=N)C	0.9215	6	1	8
1	cc(N)[nH]	0.9199	4	1	27
2	cN[C@H](OC)[C@H](O)C	0.9199	8	1	5
2	CNc(c(N)[nH])c(=O)n	0.9199	9	1	5
2	cc(NC=O)c	0.9199	6	1	61
2	cc(N)[nH]c(N)n	0.9199	7	1	10
2	cc(N[C@@H](C)O)[nH]	0.9199	7	1	4
2	c[nH]c(NC)c(N)c	0.9199	8	1	6
2	cnc(=O)c(N)c	0.9199	7	1	9
2	CCCC[NH2+]	0.9169	5	3	165
1	CC[NH2+]	0.9169	3	5	594
2	CCC[NH2+]C	0.9169	5	3	221
1	cc(=O)[n-]	-0.8985	4	1	18
2	cc(=O)[nH]c(c)c	-0.8985	7	1	23
2	c-c(c)nc(C)n	0.8985	7	1	2
2	c-c(n)c(O)nc	0.8985	7	1	4
2	c[nH]c(=O)c(=O)[n-]	-0.8985	7	1	2
2	Cc(n)nc([nH])-c	0.8985	7	1	1
1	nc(O)[nH]	0.8985	4	1	2
2	cnc(O)[nH]c	0.8985	6	1	2
2	cnc([nH]c)-c(c)n	0.8985	8	1	7
1	c-c(n)[nH]	0.8985	4	1	18
2	cnc(c(O)n)-c(n)[nH]	0.8985	9	1	1
2	nc(C(=O)[O-])n	0.8985	6	1	1
2	nc(O)[nH]	0.8985	4	1	2
2	c[n-]c(=O)c(=O)[nH]	-0.8985	7	1	2
2	cc(=O)[n-]	-0.8985	4	1	18
2	cc(O)nc(O)[nH]	0.8985	7	1	1
2	c-c(n)[nH]c(O)n	0.8985	7	1	1
2	cc(=O)[n-]c(c)n	-0.8985	7	1	1
1	Cc(n)n	0.8985	4	3	127
2	cnc(C(=O)[O-])nc	0.8985	8	1	1
2	cc([nH])nc(N)[nH]	0.8666	7	1	6
2	C[C@H](O)[C@H](O)C(O)O	0.8547	8	3	57
2	CCN(C)C(N)=[NH+]	-0.8516	7	1	1
2	CN(C)C(N)=[NH+]P	-0.8516	7	1	1
2	CC(C)C(=O)[O-]	-0.8401	6	5	139
2	C=C(Cl)Cl	-0.8351	4	3	25
2	CCCC(=O)S	-0.8257	6	2	277
2	cN(C)C[C@@H](C)N	0.8187	7	1	6
2	cc(c)N(CN)[C@@H](C)C	0.8187	9	1	7
2	cc(N(CC)CN)c	0.8187	8	1	8
2	C[C@@H](C)C	-0.8034	4	5	1378
2	CSCCN	-0.7876	5	19	1071
2	C[C@@H](O)[C@H](O)C(C)(O)O	0.7756	9	1	1
2	CC=C[C@@H](O)C	-0.7755	6	1	20
2	CO[C@H](C=C)[C@H](O)C	-0.7755	8	1	3
2	C[C@@H](O)[C@H](O)C=C	-0.7755	7	1	8
1	CCc	-0.7555	3	11	513
2	cc(CC(=O)[O-])s	0.7467	7	1	2
2	cc(CC(N)=O)s	-0.7467	7	1	7
2	CN1C[C@@H](N)[C@H]1SC	-0.7467	8	1	61
2	CN1C[C@@H]([NH3+])[C@H]1SC	0.7467	8	1	1
2	CC(=O)C(O)C(=O)[O-]	-0.7388	8	2	3
2	CC(O)C(=O)C(=O)[O-]	-0.7388	8	2	2
2	C[C@@H](C)[NH3+]	-0.7145	4	12	264
2	C[C@H](O)C(=O)[O-]	-0.7078	6	10	104
2	C=C\CCO	-0.6984	5	1	22
2	CC/C=C\C	0.6984	5	4	826
2	C=C\CC=O	0.6984	5	1	9
2	C/C=C\CC	-0.6984	5	5	1544
2	CC=NC(=O)N	-0.6965	6	2	11
2	C[C@H](O)C[C@H](O)C	0.6960	7	1	70
2	C[C@@H](O)C[C@H](O)C	-0.6960	7	1	46
2	CC[C@H](O)[C@@H](O)O	-0.6960	7	1	15
2	C[C@@H](O)[C@@H](OP)OC	0.6960	8	1	13
2	C[C@H](O)[C@@H](OP)OC	-0.6960	8	1	7
2	CC[C@@H](O)[C@@H](O)O	0.6960	7	1	13
2	cc(n)nc(N)[nH]	-0.6884	7	10	166
1	CCC	-0.6691	3	200	16995
2	CCC(O)CC	-0.6654	6	1	121
2	C[C@@H](O)[C@@H](O)[C@H](n)O	0.6602	8	75	1840
2	C[C@@H](N)[C@@H](O)[C@H](O)C	-0.6395	8	4	67
2	C[C@H]([NH3+])[C@@H](O)[C@H](O)C	-0.6239	8	2	99
2	C[C@@H](O)C(O)[C@@H](C)O	0.6139	8	1	6
2	C=C(C)CCC	0.6114	6	3	829
1	CC(=N)C	0.5936	4	5	248
1	C[C@@H](N)C	0.5712	4	10	1348
2	CCC(C)=O	0.5666	5	2	137
2	cccn(C)c	0.5397	6	22	341
2	N=CCC(=O)N	-0.5397	6	1	2
2	ccc(C(=O)[O-])c(Cl)c	0.5352	9	2	4
2	Cc(c)c(Cl)cc	0.5352	7	2	40
2	C[C@@H](O)C(=O)[C@@H](C)O	-0.5107	8	1	8
2	C[C@@H](O)[C@@H](O)C(C)=O	-0.5107	8	1	1
2	cnc(N)c(c)n	-0.5065	7	42	1396
2	CCC[C@@H](C)[NH3+]	0.5017	6	7	237
2	cCC(=O)NC	0.5013	6	3	53
2	cCC(=O)[O-]	-0.5013	5	2	88
2	C[C@H](O)[C@@H](O)C(=O)O	0.5001	8	3	40
2	COC(=O)[C@H](O)C	0.5001	7	3	63
1	cc(N)c	-0.4564	4	9	1241
1	C[C@H](N)C	0.4436	4	2	552
2	COC(O)[C@H](N)C	0.4436	7	2	78
2	CN[C@@H](C(O)O)[C@@H](O)C	0.4436	9	2	85
2	CC(=O)N[C@H](C)C	-0.4436	7	7	1058
2	CC(=O)N[C@@H](C)C	0.4436	7	2	679
2	CC(=O)O[C@H](C)C	-0.4430	7	2	1577
2	CC[C@H](C[N+])OC	-0.4430	7	2	27
2	cN=C([C@H](C)O)CN	0.4355	8	1	1
2	CC(C(=O)[C@H](C)O)=N	-0.4355	8	1	1
2	C[C@@H](O)[C@H](C)O	0.4355	6	1	18
2	CC([C@@H](O)[C@H](C)O)=N	0.4355	8	1	1
2	CC(=O)[C@H](C)O	-0.4355	6	1	13
2	CC(=Nc(c)c)C	-0.4355	7	1	13
2	cN=C(C(C)=O)CN	-0.4355	8	1	2
1	CC(C)=N	0.4355	4	1	54
2	CC[S-]	0.4338	3	2	34
1	CC[S-]	0.4338	3	2	34
2	CC(=C)O[C@@H](C)C	0.4283	7	2	6
2	C=CC=CC	0.4283	5	2	75
2	CC(=C)O[C@H](C)C	-0.4283	7	2	5
2	CC(C(=O)[O-])=C	-0.4283	6	2	27
2	CC=C[C@H](O)C	0.4283	6	2	67
2	C=CC(C(=O)[O-])=CC	-0.4283	8	2	9
2	CC(=C[C@@H](O)C)C	-0.4283	7	4	69
2	CC(=CC=C)C	0.4283	6	2	38
2	cc(C)cc(O)c	-0.4277	7	1	957
2	Cc(c)cc(O)c	0.4277	7	5	697
2	C[C@H](O)[C@@H]([NH3+])C(O)O	-0.4204	8	1	15
2	COC(O)[C@H]([NH3+])C	-0.4204	7	1	15
2	C[C@@H]([NH3+])CCC	-0.3820	6	11	145
2	C[C@H](O)[C@@H](O)CO	0.3774	7	9	81
2	C[C@@H](O)[C@H]([NH3+])C(=O)[O-]	0.3718	8	1	13
2	C[C@@H]([NH3+])[C@@H](C)O	0.3718	6	1	6
2	CCCC[NH3+]	0.3592	5	7	214
2	C[C@@H](O)[C@H]([NH3+])C=C	0.3472	7	1	1
2	CO[C@H](C=C)[C@H]([NH3+])C	0.3472	8	1	1
2	CC=C[C@@H]([NH3+])C	0.3472	6	1	1
2	CC[C@@H](O)CC	-0.3238	6	1	464
2	C[C@H]([NH3+])COP	-0.3221	6	1	7
2	CCc(c[nH])nc	0.3221	7	1	4
2	cCC(=O)CO	0.3221	6	1	1
2	cC[C@H]([NH3+])CO	-0.3221	6	1	3
2	cc(C[C@@H](C)[NH3+])n	-0.3221	7	1	2
2	cc(CC(C)=O)n	0.3221	7	1	1
2	CCC(=C(C)C)[C@@](C)(C)C	0.3057	10	1	91
2	C=C(C)[C@H](CC)[C@@](C)(C)C	-0.3057	10	1	152
2	C=CC[C@@H](C)C	-0.3057	6	1	249
2	CCC[C@@](C)(C)C	0.3057	7	3	857
2	C[C@@](C)(C)[C@@H](CC)CC	0.3057	9	1	99
2	CC[C@@H](CC)[C@](C)(C)C	-0.3057	9	1	194
2	CCC[C@@H](C)C	0.3057	6	2	1609
2	C[C@H](C)[C@@](C)(CC)[C@@H](C)C	-0.3057	10	1	101
2	CCC=C(C)C	-0.3057	6	2	1432
2	CC=C([C@H](C)C)[C@H](C)C	-0.3057	9	1	72
2	C[C@@H](C)CCC	-0.3057	6	2	1226
2	CCC(=C(C)C)[C@H](C)C	0.3057	9	1	48
2	C=C(C)[C@@](C)(CC)[C@@H](C)C	0.3057	10	1	110
1	C=C(C)C	0.3057	4	8	4246
2	COCC	0.3050	4	1	168
2	CCC(=O)C[N+]	-0.2550	6	1	7
2	CC(=O)C[N+](C)(C)C	-0.2550	8	1	5
2	C[C@@H](O)[C@H](O)C(C)=O	-0.2377	8	2	7
2	CC(=O)[C@@H](C)O	-0.2137	6	1	3
2	CO[C@](CO)(OC)[C@@H](O)C	-0.2137	10	4	119
1	C[C@](O)(C)O	-0.2137	5	4	247
2	C[C@@](O)(CO)O	-0.2137	6	4	138
2	C[C@@](O)(O)[C@@H](O)[C@H](O)C	-0.2137	9	4	115
2	C[C@H](C)O[C@@](C)(O)C	-0.2137	8	4	131
2	C[C@](O[C@H](C)O)(C)O	-0.2137	8	4	106
2	CO[C@H](OP)[C@H]([NH3+])C	-0.2035	8	1	13
2	C[C@H](O)[C@@H]([NH3+])[C@@H](O)O	-0.2035	8	1	72
2	CC(=O)C=O	-0.1937	5	1	16
2	CC[N+](C)(C)C	-0.1820	6	7	261
2	C[N+](C)(C)CC	0.1820	6	4	35
1	C[C@H](C)S	0.1675	4	3	15
2	CSSC(C)C	-0.1675	6	1	2
1	CC(C)S	-0.1675	4	1	80
2	CCC[C@H](C)S	0.1675	6	3	10
2	CCC(CC)SS	-0.1675	7	1	1
2	CC(S)CCS	-0.1675	6	1	5
2	CCCC(C)S	-0.1675	6	1	16
2	C[C@@H](S)CCS	0.1675	6	3	10
2	CN=CC(C)C	-0.1567	6	1	6
1	cC	0.1567	2	17	1840
2	CC(C=N)C(=O)N	-0.1567	7	1	1
2	cc(C)c	0.1567	4	11	1529
2	cc(C)cn(C)c	0.1567	7	7	170
2	c[nH]c(=O)c(C)c	0.1567	7	7	159
2	Cc(cn)c(=O)[nH]	0.1567	7	7	136
2	C[C@H](C(=O)[O-])[NH2+]	-0.1565	6	1	9
2	C[NH2+][C@H](C(=O)[O-])CC	0.1565	8	1	8
2	C[C@@H](C)[NH2+]CC	-0.1565	6	1	16
2	C[C@H]([NH2+])C[C@@H](O)C	-0.1565	7	1	2
2	C[C@@H]([NH2+])C[C@@H](O)C	0.1565	7	1	1
2	C[NH2+][C@@H](C(=O)[O-])CC	-0.1565	8	1	2
1	c-c(c)n	-0.1082	4	3	196
2	CC(C(=O)[O-])=N	0.1076	6	3	40
2	CCC(C(=O)[O-])=NC	0.1076	8	3	7
2	C[C@H]([NH3+])C[C@H](C)[NH3+]	-0.1054	7	1	1
2	C[C@H]([NH3+])CC	-0.1054	5	1	4
2	CSC(=O)[C@@H](C)O	0.0968	7	1	15
2	CSC[C@@H](C)N	0.0968	6	1	40
2	C[C@@H](O)C(=O)S	0.0968	6	1	3
2	C[C@@H]([NH2+])CCC	0.0754	6	3	38
2	CC(=O)C(C)(C)CO	0.0702	8	1	2
2	C[C@H](O)C(C)(C)CO	-0.0702	8	24	1055
2	CC(C)(C)C(=O)C(=O)[O-]	0.0702	9	1	1
2	cCC(O)C(=O)[O-]	-0.0683	7	2	8
2	CC(O)Cc(c)c	-0.0683	7	2	17
2	C[C@H]([NH3+])CC(C)C	0.0649	7	1	1
2	CC(=O)CC(=O)[O-]	-0.0228	7	6	51
2	cc([nH])n([C@@H](C)O)cn	-0.0142	9	1	11
2	[nH]c(=O)[nH]	-0.0142	4	1	24
1	[nH]c(=O)[nH]	-0.0142	4	1	24
2	c[nH]c(=O)[nH]c	-0.0142	6	1	24
2	c[nH]c(c(c)n)n(C)c	-0.0142	9	1	17
2	cnc(c(O)n)c(n)[nH]	0.0142	9	1	1
2	cnc(O)c(c)n	0.0142	7	1	3
2	cc(n)[nH]c(=O)[nH]	-0.0142	7	1	11
2	cc(=O)[nH]c(=O)[nH]	-0.0142	7	1	12
2	cc([nH])nc(O)n	0.0142	7	1	1
2	ccc(C(=O)[O-])c[n+]	0.0084	8	1	11
2	ccc(C(=O)[O-])cn	-0.0084	8	1	8
2	[Fe]	-0.0000	1	1	5
1	[Fe]	0.0000	1	1	1
1	[Mn]	0.0000	1	1	1
2	[Mn]	-0.0000	1	1	2
