ec_rank	cumulative_unique_reactions_covered	is_classified
1	307	1
2	586	1
3	789	1
4	968	1
5	1094	1
6	1196	1
7	1282	1
8	1366	1
9	1433	1
10	1495	1
11	1547	1
12	1592	1
13	1617	1
14	1647	1
15	1677	1
16	1706	1
17	1735	1
18	1763	1
19	1788	1
20	1814	1
21	1840	1
22	1865	1
23	1873	1
24	1896	1
25	1919	1
26	1941	1
27	1962	1
28	1982	1
29	2001	1
30	2020	1
31	2038	1
32	2056	1
33	2074	1
34	2091	1
35	2107	1
36	2116	1
37	2132	1
38	2148	1
39	2163	1
40	2178	1
41	2193	1
42	2202	1
43	2216	1
44	2230	1
45	2244	1
46	2254	1
47	2267	1
48	2280	1
49	2293	1
50	2306	1
51	2319	1
52	2332	1
53	2344	1
54	2356	1
55	2368	1
56	2372	1
57	2384	1
58	2396	1
59	2408	1
60	2420	1
61	2430	1
62	2441	1
63	2446	1
64	2457	1
65	2468	1
66	2479	1
67	2485	1
68	2496	1
69	2507	1
70	2513	1
71	2524	1
72	2535	1
73	2537	1
74	2546	1
75	2556	1
76	2566	1
77	2576	1
78	2586	1
79	2589	1
80	2597	1
81	2606	1
82	2610	1
83	2611	1
84	2621	1
85	2630	1
86	2636	1
87	2645	1
88	2652	1
89	2661	1
90	2670	1
91	2679	1
92	2688	1
93	2697	1
94	2706	1
95	2711	1
96	2720	1
97	2729	1
98	2738	1
99	2740	1
100	2749	1
101	2758	1
102	2767	1
103	2776	1
104	2780	1
105	2788	1
106	2788	1
107	2796	1
108	2804	1
109	2812	1
110	2820	1
111	2828	1
112	2836	1
113	2844	1
114	2847	1
115	2855	1
116	2863	1
117	2871	1
118	2879	1
119	2883	1
120	2891	1
121	2899	1
122	2907	1
123	2915	1
124	2923	1
125	2931	1
126	2939	1
127	2947	1
128	2952	1
129	2956	1
130	2964	1
131	2972	1
132	2980	1
133	2987	1
134	2995	1
135	3003	1
136	3003	1
137	3011	1
138	3017	1
139	3024	1
140	3027	1
141	3034	1
142	3041	1
143	3048	1
144	3055	1
145	3062	1
146	3069	1
147	3074	1
148	3081	1
149	3088	1
150	3095	1
151	3102	1
152	3108	1
153	3115	1
154	3122	1
155	3129	1
156	3136	1
157	3143	1
158	3150	1
159	3155	1
160	3162	1
161	3169	1
162	3176	1
163	3183	1
164	3190	1
165	3197	1
166	3200	1
167	3207	1
168	3208	1
169	3214	1
170	3221	1
171	3223	1
172	3229	1
173	3236	1
174	3243	1
175	3249	1
176	3256	1
177	3263	1
178	3270	1
179	3277	1
180	3283	1
181	3289	1
182	3290	1
183	3291	1
184	3297	1
185	3303	1
186	3309	1
187	3315	1
188	3317	1
189	3323	1
190	3329	1
191	3333	1
192	3339	1
193	3343	1
194	3349	1
195	3355	1
196	3359	1
197	3365	1
198	3371	1
199	3377	1
200	3383	1
201	3389	1
202	3395	1
203	3401	1
204	3407	1
205	3413	1
206	3419	1
207	3425	1
208	3431	1
209	3437	1
210	3443	1
211	3443	1
212	3449	1
213	3449	1
214	3453	1
215	3456	1
216	3462	1
217	3467	1
218	3473	1
219	3479	1
220	3485	1
221	3491	1
222	3497	1
223	3503	1
224	3509	1
225	3515	1
226	3519	1
227	3525	1
228	3531	1
229	3537	1
230	3543	1
231	3544	1
232	3550	1
233	3556	1
234	3562	1
235	3567	1
236	3573	1
237	3579	1
238	3584	1
239	3590	1
240	3594	1
241	3600	1
242	3606	1
243	3612	1
244	3618	1
245	3624	1
246	3626	1
247	3631	1
248	3636	1
249	3641	1
250	3646	1
251	3651	1
252	3656	1
253	3658	1
254	3659	1
255	3664	1
256	3669	1
257	3669	1
258	3670	1
259	3674	1
260	3679	1
261	3684	1
262	3689	1
263	3694	1
264	3699	1
265	3704	1
266	3709	1
267	3714	1
268	3716	1
269	3719	1
270	3724	1
271	3728	1
272	3733	1
273	3738	1
274	3738	1
275	3743	1
276	3748	1
277	3753	1
278	3755	1
279	3760	1
280	3765	1
281	3770	1
282	3775	1
283	3780	1
284	3785	1
285	3790	1
286	3795	1
287	3800	1
288	3805	1
289	3810	1
290	3812	1
291	3817	1
292	3822	1
293	3827	1
294	3830	1
295	3835	1
296	3840	1
297	3845	1
298	3850	1
299	3855	1
300	3860	1
301	3865	1
302	3870	1
303	3875	1
304	3880	1
305	3885	1
306	3890	1
307	3895	1
308	3900	1
309	3905	1
310	3909	1
311	3914	1
312	3919	1
313	3924	1
314	3929	1
315	3934	1
316	3939	1
317	3944	1
318	3949	1
319	3954	1
320	3958	1
321	3963	1
322	3968	1
323	3972	1
324	3976	1
325	3980	1
326	3984	1
327	3988	1
328	3990	1
329	3994	1
330	3998	1
331	4002	1
332	4006	1
333	4010	1
334	4014	1
335	4018	1
336	4022	1
337	4025	1
338	4029	1
339	4033	1
340	4037	1
341	4041	1
342	4045	1
343	4049	1
344	4053	1
345	4057	1
346	4057	1
347	4061	1
348	4065	1
349	4069	1
350	4073	1
351	4077	1
352	4080	1
353	4084	1
354	4088	1
355	4092	1
356	4096	1
357	4100	1
358	4104	1
359	4108	1
360	4112	1
361	4116	1
362	4119	1
363	4123	1
364	4127	1
365	4131	1
366	4133	1
367	4137	1
368	4141	1
369	4145	1
370	4148	1
371	4152	1
372	4156	1
373	4160	1
374	4164	1
375	4168	1
376	4172	1
377	4176	1
378	4180	1
379	4184	1
380	4188	1
381	4192	1
382	4196	1
383	4200	1
384	4204	1
385	4208	1
386	4212	1
387	4216	1
388	4220	1
389	4224	1
390	4227	1
391	4231	1
392	4235	1
393	4238	1
394	4242	1
395	4246	1
396	4249	1
397	4252	1
398	4255	1
399	4259	1
400	4263	1
401	4267	1
402	4268	1
403	4271	1
404	4275	1
405	4279	1
406	4283	1
407	4287	1
408	4291	1
409	4295	1
410	4295	1
411	4299	1
412	4303	1
413	4303	1
414	4307	1
415	4311	1
416	4315	1
417	4319	1
418	4323	1
419	4327	1
420	4331	1
421	4335	1
422	4339	1
423	4343	1
424	4347	1
425	4351	1
426	4355	1
427	4359	1
428	4363	1
429	4367	1
430	4371	1
431	4375	1
432	4379	1
433	4382	1
434	4386	1
435	4388	1
436	4392	1
437	4396	1
438	4400	1
439	4404	1
440	4407	1
441	4411	1
442	4415	1
443	4419	1
444	4423	1
445	4427	1
446	4431	1
447	4435	1
448	4439	1
449	4443	1
450	4447	1
451	4451	1
452	4454	1
453	4458	1
454	4462	1
455	4464	1
456	4468	1
457	4472	1
458	4476	1
459	4480	1
460	4484	1
461	4486	1
462	4490	1
463	4493	1
464	4496	1
465	4499	1
466	4502	1
467	4505	1
468	4508	1
469	4510	1
470	4512	1
471	4515	1
472	4518	1
473	4521	1
474	4523	1
475	4526	1
476	4529	1
477	4532	1
478	4535	1
479	4538	1
480	4541	1
481	4543	1
482	4546	1
483	4549	1
484	4552	1
485	4555	1
486	4558	1
487	4561	1
488	4564	1
489	4567	1
490	4570	1
491	4573	1
492	4576	1
493	4578	1
494	4581	1
495	4584	1
496	4587	1
497	4590	1
498	4593	1
499	4595	1
500	4597	1
501	4600	0
502	4603	0
503	4606	0
504	4609	0
505	4612	0
506	4615	0
507	4618	0
508	4621	0
509	4623	0
510	4626	0
511	4629	0
512	4632	0
513	4635	0
514	4638	0
515	4641	0
516	4644	0
517	4647	0
518	4650	0
519	4653	0
520	4656	0
521	4659	0
522	4662	0
523	4665	0
524	4668	0
525	4671	0
526	4674	0
527	4677	0
528	4679	0
529	4682	0
530	4685	0
531	4686	0
532	4689	0
533	4692	0
534	4695	0
535	4698	0
536	4701	0
537	4704	0
538	4707	0
539	4710	0
540	4713	0
541	4714	0
542	4716	0
543	4719	0
544	4722	0
545	4724	0
546	4724	0
547	4727	0
548	4730	0
549	4733	0
550	4736	0
551	4739	0
552	4742	0
553	4745	0
554	4745	0
555	4747	0
556	4749	0
557	4752	0
558	4754	0
559	4757	0
560	4760	0
561	4761	0
562	4762	0
563	4765	0
564	4766	0
565	4769	0
566	4772	0
567	4775	0
568	4778	0
569	4780	0
570	4783	0
571	4786	0
572	4789	0
573	4792	0
574	4795	0
575	4797	0
576	4800	0
577	4802	0
578	4805	0
579	4808	0
580	4811	0
581	4814	0
582	4817	0
583	4820	0
584	4823	0
585	4826	0
586	4827	0
587	4830	0
588	4833	0
589	4836	0
590	4837	0
591	4840	0
592	4843	0
593	4846	0
594	4849	0
595	4850	0
596	4853	0
597	4856	0
598	4859	0
599	4862	0
600	4865	0
601	4868	0
602	4871	0
603	4874	0
604	4877	0
605	4880	0
606	4883	0
607	4886	0
608	4889	0
609	4892	0
610	4895	0
611	4898	0
612	4901	0
613	4902	0
614	4905	0
615	4908	0
616	4911	0
617	4914	0
618	4917	0
619	4920	0
620	4922	0
621	4923	0
622	4926	0
623	4928	0
624	4931	0
625	4934	0
626	4937	0
627	4940	0
628	4943	0
629	4946	0
630	4947	0
631	4950	0
632	4953	0
633	4956	0
634	4959	0
635	4962	0
636	4965	0
637	4967	0
638	4970	0
639	4973	0
640	4976	0
641	4979	0
642	4982	0
643	4983	0
644	4986	0
645	4989	0
646	4992	0
647	4995	0
648	4998	0
649	5001	0
650	5004	0
651	5007	0
652	5010	0
653	5013	0
654	5016	0
655	5018	0
656	5021	0
657	5024	0
658	5027	0
659	5030	0
660	5033	0
661	5036	0
662	5039	0
663	5042	0
664	5045	0
665	5048	0
666	5051	0
667	5054	0
668	5057	0
669	5060	0
670	5063	0
671	5064	0
672	5067	0
673	5070	0
674	5070	0
675	5073	0
676	5075	0
677	5075	0
678	5078	0
679	5079	0
680	5081	0
681	5082	0
682	5085	0
683	5088	0
684	5089	0
685	5091	0
686	5094	0
687	5097	0
688	5100	0
689	5103	0
690	5106	0
691	5109	0
692	5112	0
693	5115	0
694	5115	0
695	5115	0
696	5118	0
697	5120	0
698	5122	0
699	5124	0
700	5126	0
701	5128	0
702	5131	0
703	5134	0
704	5137	0
705	5140	0
706	5143	0
707	5146	0
708	5149	0
709	5152	0
710	5155	0
711	5158	0
712	5161	0
713	5164	0
714	5167	0
715	5170	0
716	5171	0
717	5174	0
718	5177	0
719	5180	0
720	5183	0
721	5186	0
722	5188	0
723	5191	0
724	5194	0
725	5197	0
726	5199	0
727	5202	0
728	5205	0
729	5208	0
730	5211	0
731	5214	0
732	5217	0
733	5220	0
734	5223	0
735	5223	0
736	5226	0
737	5229	0
738	5232	0
739	5235	0
740	5238	0
741	5241	0
742	5243	0
743	5244	0
744	5246	0
745	5248	0
746	5250	0
747	5252	0
748	5254	0
749	5256	0
750	5258	0
751	5260	0
752	5262	0
753	5264	0
754	5265	0
755	5267	0
756	5269	0
757	5271	0
758	5273	0
759	5273	0
760	5275	0
761	5277	0
762	5278	0
763	5280	0
764	5281	0
765	5281	0
766	5283	0
767	5285	0
768	5287	0
769	5288	0
770	5290	0
771	5292	0
772	5293	0
773	5295	0
774	5297	0
775	5299	0
776	5299	0
777	5301	0
778	5303	0
779	5305	0
780	5307	0
781	5309	0
782	5310	0
783	5312	0
784	5314	0
785	5316	0
786	5318	0
787	5320	0
788	5322	0
789	5324	0
790	5325	0
791	5325	0
792	5326	0
793	5327	0
794	5327	0
795	5329	0
796	5329	0
797	5331	0
798	5333	0
799	5335	0
800	5337	0
801	5339	0
802	5341	0
803	5343	0
804	5345	0
805	5347	0
806	5349	0
807	5351	0
808	5353	0
809	5355	0
810	5357	0
811	5359	0
812	5361	0
813	5361	0
814	5363	0
815	5365	0
816	5367	0
817	5369	0
818	5370	0
819	5372	0
820	5374	0
821	5376	0
822	5378	0
823	5380	0
824	5382	0
825	5384	0
826	5385	0
827	5387	0
828	5389	0
829	5391	0
830	5393	0
831	5395	0
832	5395	0
833	5395	0
834	5397	0
835	5399	0
836	5401	0
837	5403	0
838	5405	0
839	5407	0
840	5409	0
841	5411	0
842	5413	0
843	5415	0
844	5417	0
845	5419	0
846	5421	0
847	5423	0
848	5425	0
849	5427	0
850	5429	0
851	5431	0
852	5433	0
853	5435	0
854	5437	0
855	5439	0
856	5441	0
857	5443	0
858	5445	0
859	5447	0
860	5449	0
861	5450	0
862	5452	0
863	5454	0
864	5456	0
865	5458	0
866	5460	0
867	5461	0
868	5463	0
869	5465	0
870	5467	0
871	5469	0
872	5471	0
873	5473	0
874	5475	0
875	5477	0
876	5479	0
877	5481	0
878	5483	0
879	5485	0
880	5487	0
881	5489	0
882	5489	0
883	5491	0
884	5493	0
885	5495	0
886	5497	0
887	5499	0
888	5501	0
889	5503	0
890	5505	0
891	5507	0
892	5509	0
893	5511	0
894	5513	0
895	5515	0
896	5517	0
897	5519	0
898	5521	0
899	5523	0
900	5525	0
901	5527	0
902	5529	0
903	5531	0
904	5533	0
905	5535	0
906	5537	0
907	5539	0
908	5541	0
909	5543	0
910	5545	0
911	5547	0
912	5549	0
913	5551	0
914	5553	0
915	5555	0
916	5557	0
917	5559	0
918	5561	0
919	5563	0
920	5565	0
921	5567	0
922	5568	0
923	5569	0
924	5570	0
925	5572	0
926	5574	0
927	5575	0
928	5577	0
929	5579	0
930	5580	0
931	5581	0
932	5583	0
933	5583	0
934	5585	0
935	5587	0
936	5589	0
937	5591	0
938	5592	0
939	5593	0
940	5594	0
941	5596	0
942	5596	0
943	5598	0
944	5600	0
945	5602	0
946	5604	0
947	5606	0
948	5608	0
949	5610	0
950	5612	0
951	5614	0
952	5615	0
953	5617	0
954	5619	0
955	5621	0
956	5623	0
957	5625	0
958	5627	0
959	5629	0
960	5631	0
961	5633	0
962	5635	0
963	5637	0
964	5639	0
965	5641	0
966	5642	0
967	5644	0
968	5644	0
969	5646	0
970	5648	0
971	5649	0
972	5650	0
973	5652	0
974	5653	0
975	5654	0
976	5656	0
977	5656	0
978	5658	0
979	5660	0
980	5662	0
981	5664	0
982	5666	0
983	5668	0
984	5670	0
985	5672	0
986	5674	0
987	5674	0
988	5674	0
989	5676	0
990	5678	0
991	5679	0
992	5681	0
993	5683	0
994	5683	0
995	5685	0
996	5687	0
997	5688	0
998	5690	0
999	5691	0
1000	5693	0
1001	5694	0
1002	5696	0
1003	5698	0
1004	5700	0
1005	5700	0
1006	5702	0
1007	5703	0
1008	5705	0
1009	5707	0
1010	5709	0
1011	5711	0
1012	5713	0
1013	5715	0
1014	5716	0
1015	5718	0
1016	5720	0
1017	5722	0
1018	5724	0
1019	5726	0
1020	5727	0
1021	5728	0
1022	5730	0
1023	5732	0
1024	5734	0
1025	5736	0
1026	5738	0
1027	5740	0
1028	5742	0
1029	5744	0
1030	5746	0
1031	5748	0
1032	5750	0
1033	5752	0
1034	5754	0
1035	5755	0
1036	5756	0
1037	5758	0
1038	5759	0
1039	5761	0
1040	5763	0
1041	5765	0
1042	5767	0
1043	5769	0
1044	5771	0
1045	5773	0
1046	5775	0
1047	5777	0
1048	5779	0
1049	5780	0
1050	5782	0
1051	5784	0
1052	5785	0
1053	5787	0
1054	5789	0
1055	5791	0
1056	5793	0
1057	5795	0
1058	5797	0
1059	5799	0
1060	5801	0
1061	5803	0
1062	5805	0
1063	5807	0
1064	5807	0
1065	5809	0
1066	5811	0
1067	5813	0
1068	5815	0
1069	5817	0
1070	5819	0
1071	5821	0
1072	5823	0
1073	5825	0
1074	5827	0
1075	5829	0
1076	5830	0
1077	5832	0
1078	5834	0
1079	5836	0
1080	5838	0
1081	5840	0
1082	5842	0
1083	5844	0
1084	5846	0
1085	5846	0
1086	5848	0
1087	5850	0
1088	5852	0
1089	5854	0
1090	5856	0
1091	5858	0
1092	5860	0
1093	5862	0
1094	5864	0
1095	5866	0
1096	5868	0
1097	5868	0
1098	5870	0
1099	5872	0
1100	5874	0
1101	5876	0
1102	5878	0
1103	5880	0
1104	5882	0
1105	5884	0
1106	5886	0
1107	5888	0
1108	5890	0
1109	5892	0
1110	5894	0
1111	5896	0
1112	5898	0
1113	5900	0
1114	5902	0
1115	5904	0
1116	5906	0
1117	5908	0
1118	5910	0
1119	5912	0
1120	5914	0
1121	5916	0
1122	5918	0
1123	5920	0
1124	5922	0
1125	5924	0
1126	5926	0
1127	5928	0
1128	5930	0
1129	5932	0
1130	5934	0
1131	5936	0
1132	5938	0
1133	5940	0
1134	5942	0
1135	5944	0
1136	5946	0
1137	5946	0
1138	5948	0
1139	5950	0
1140	5952	0
1141	5954	0
1142	5956	0
1143	5956	0
1144	5958	0
1145	5959	0
1146	5959	0
1147	5959	0
1148	5961	0
1149	5963	0
1150	5965	0
1151	5967	0
1152	5969	0
1153	5971	0
1154	5973	0
1155	5975	0
1156	5977	0
1157	5979	0
1158	5981	0
1159	5983	0
1160	5985	0
1161	5987	0
1162	5989	0
1163	5991	0
1164	5992	0
1165	5994	0
1166	5995	0
1167	5997	0
1168	5999	0
1169	6001	0
1170	6003	0
1171	6005	0
1172	6007	0
1173	6009	0
1174	6011	0
1175	6013	0
1176	6015	0
1177	6016	0
1178	6018	0
1179	6020	0
1180	6022	0
1181	6024	0
1182	6025	0
1183	6026	0
1184	6026	0
1185	6028	0
1186	6030	0
1187	6032	0
1188	6033	0
1189	6035	0
1190	6037	0
1191	6039	0
1192	6039	0
1193	6041	0
1194	6042	0
1195	6044	0
1196	6046	0
1197	6048	0
1198	6050	0
1199	6052	0
1200	6054	0
1201	6056	0
1202	6058	0
1203	6060	0
1204	6061	0
1205	6063	0
1206	6065	0
1207	6067	0
1208	6069	0
1209	6071	0
1210	6073	0
1211	6075	0
1212	6077	0
1213	6077	0
1214	6079	0
1215	6081	0
1216	6083	0
1217	6085	0
1218	6087	0
1219	6089	0
1220	6090	0
1221	6091	0
1222	6093	0
1223	6095	0
1224	6097	0
1225	6099	0
1226	6101	0
1227	6102	0
1228	6104	0
1229	6106	0
1230	6108	0
1231	6108	0
1232	6110	0
1233	6111	0
1234	6112	0
1235	6112	0
1236	6114	0
1237	6116	0
1238	6117	0
1239	6119	0
1240	6119	0
1241	6121	0
1242	6123	0
1243	6125	0
1244	6126	0
1245	6128	0
1246	6130	0
1247	6132	0
1248	6134	0
1249	6136	0
1250	6137	0
1251	6139	0
1252	6141	0
1253	6143	0
1254	6145	0
1255	6147	0
1256	6149	0
1257	6151	0
1258	6153	0
1259	6155	0
1260	6157	0
1261	6159	0
1262	6161	0
1263	6162	0
1264	6164	0
1265	6166	0
1266	6168	0
1267	6170	0
1268	6171	0
1269	6173	0
1270	6175	0
1271	6177	0
1272	6179	0
1273	6181	0
1274	6183	0
1275	6185	0
1276	6185	0
1277	6187	0
1278	6189	0
1279	6191	0
1280	6193	0
1281	6195	0
1282	6197	0
1283	6199	0
1284	6199	0
1285	6201	0
1286	6203	0
1287	6205	0
1288	6207	0
1289	6209	0
1290	6211	0
1291	6213	0
1292	6215	0
1293	6215	0
1294	6216	0
1295	6218	0
1296	6220	0
1297	6222	0
1298	6223	0
1299	6225	0
1300	6227	0
1301	6229	0
1302	6231	0
1303	6231	0
1304	6233	0
1305	6234	0
1306	6236	0
1307	6237	0
1308	6239	0
1309	6241	0
1310	6243	0
1311	6243	0
1312	6245	0
1313	6247	0
1314	6249	0
1315	6251	0
1316	6253	0
1317	6255	0
1318	6257	0
1319	6258	0
1320	6260	0
1321	6261	0
1322	6263	0
1323	6265	0
1324	6267	0
1325	6269	0
1326	6271	0
1327	6273	0
1328	6275	0
1329	6277	0
1330	6279	0
1331	6281	0
1332	6283	0
1333	6284	0
1334	6286	0
1335	6288	0
1336	6290	0
1337	6292	0
1338	6294	0
1339	6296	0
1340	6298	0
1341	6300	0
1342	6300	0
1343	6302	0
1344	6304	0
1345	6305	0
1346	6307	0
1347	6309	0
1348	6311	0
1349	6313	0
1350	6314	0
1351	6314	0
1352	6315	0
1353	6316	0
1354	6316	0
1355	6317	0
1356	6317	0
1357	6318	0
1358	6319	0
1359	6320	0
1360	6321	0
1361	6322	0
1362	6323	0
1363	6324	0
1364	6325	0
1365	6326	0
1366	6327	0
1367	6328	0
1368	6329	0
1369	6330	0
1370	6331	0
1371	6332	0
1372	6333	0
1373	6333	0
1374	6334	0
1375	6335	0
1376	6336	0
1377	6337	0
1378	6338	0
1379	6339	0
1380	6340	0
1381	6342	0
1382	6344	0
1383	6346	0
1384	6348	0
1385	6350	0
1386	6352	0
1387	6352	0
1388	6352	0
1389	6354	0
1390	6356	0
1391	6357	0
1392	6359	0
1393	6361	0
1394	6363	0
1395	6365	0
1396	6367	0
1397	6369	0
1398	6371	0
1399	6373	0
1400	6375	0
1401	6376	0
1402	6377	0
1403	6378	0
1404	6380	0
1405	6381	0
1406	6383	0
1407	6385	0
1408	6387	0
1409	6389	0
1410	6391	0
1411	6392	0
1412	6394	0
1413	6396	0
1414	6398	0
1415	6400	0
1416	6402	0
1417	6404	0
1418	6405	0
1419	6407	0
1420	6409	0
1421	6411	0
1422	6413	0
1423	6414	0
1424	6416	0
1425	6417	0
1426	6419	0
1427	6420	0
1428	6422	0
1429	6424	0
1430	6426	0
1431	6428	0
1432	6430	0
1433	6432	0
1434	6434	0
1435	6436	0
1436	6438	0
1437	6440	0
1438	6442	0
1439	6444	0
1440	6446	0
1441	6448	0
1442	6450	0
1443	6452	0
1444	6454	0
1445	6456	0
1446	6458	0
1447	6460	0
1448	6462	0
1449	6464	0
1450	6466	0
1451	6468	0
1452	6470	0
1453	6472	0
1454	6474	0
1455	6476	0
1456	6476	0
1457	6478	0
1458	6480	0
1459	6482	0
1460	6484	0
1461	6486	0
1462	6488	0
1463	6489	0
1464	6491	0
1465	6493	0
1466	6495	0
1467	6497	0
1468	6499	0
1469	6501	0
1470	6503	0
1471	6503	0
1472	6504	0
1473	6506	0
1474	6507	0
1475	6509	0
1476	6509	0
1477	6511	0
1478	6513	0
1479	6515	0
1480	6517	0
1481	6519	0
1482	6521	0
1483	6523	0
1484	6525	0
1485	6527	0
1486	6529	0
1487	6531	0
1488	6533	0
1489	6534	0
1490	6536	0
1491	6538	0
1492	6539	0
1493	6541	0
1494	6543	0
1495	6545	0
1496	6547	0
1497	6549	0
1498	6551	0
1499	6552	0
1500	6554	0
1501	6556	0
1502	6558	0
1503	6560	0
1504	6562	0
1505	6564	0
1506	6566	0
1507	6568	0
1508	6569	0
1509	6570	0
1510	6572	0
1511	6574	0
1512	6576	0
1513	6578	0
1514	6580	0
1515	6582	0
1516	6583	0
1517	6585	0
1518	6585	0
1519	6587	0
1520	6589	0
1521	6591	0
1522	6593	0
1523	6595	0
1524	6595	0
1525	6597	0
1526	6599	0
1527	6601	0
1528	6603	0
1529	6605	0
1530	6607	0
1531	6609	0
1532	6611	0
1533	6613	0
1534	6614	0
1535	6616	0
1536	6618	0
1537	6620	0
1538	6622	0
1539	6624	0
1540	6626	0
1541	6628	0
1542	6630	0
1543	6632	0
1544	6634	0
1545	6636	0
1546	6637	0
1547	6637	0
1548	6638	0
1549	6639	0
1550	6639	0
1551	6640	0
1552	6641	0
1553	6642	0
1554	6642	0
1555	6642	0
1556	6643	0
1557	6644	0
1558	6645	0
1559	6646	0
1560	6647	0
1561	6648	0
1562	6649	0
1563	6650	0
1564	6650	0
1565	6651	0
1566	6652	0
1567	6653	0
1568	6654	0
1569	6655	0
1570	6656	0
1571	6657	0
1572	6658	0
1573	6659	0
1574	6660	0
1575	6661	0
1576	6662	0
1577	6662	0
1578	6663	0
1579	6663	0
1580	6664	0
1581	6664	0
1582	6664	0
1583	6665	0
1584	6665	0
1585	6666	0
1586	6667	0
1587	6668	0
1588	6668	0
1589	6669	0
1590	6670	0
1591	6671	0
1592	6672	0
1593	6673	0
1594	6673	0
1595	6674	0
1596	6675	0
1597	6675	0
1598	6676	0
1599	6677	0
1600	6678	0
1601	6679	0
1602	6680	0
1603	6681	0
1604	6682	0
1605	6683	0
1606	6684	0
1607	6684	0
1608	6684	0
1609	6685	0
1610	6686	0
1611	6686	0
1612	6687	0
1613	6688	0
1614	6689	0
1615	6690	0
1616	6690	0
1617	6691	0
1618	6692	0
1619	6693	0
1620	6694	0
1621	6695	0
1622	6696	0
1623	6697	0
1624	6698	0
1625	6699	0
1626	6700	0
1627	6701	0
1628	6702	0
1629	6703	0
1630	6704	0
1631	6705	0
1632	6706	0
1633	6707	0
1634	6708	0
1635	6708	0
1636	6709	0
1637	6710	0
1638	6711	0
1639	6711	0
1640	6712	0
1641	6713	0
1642	6714	0
1643	6715	0
1644	6716	0
1645	6717	0
1646	6718	0
1647	6718	0
1648	6719	0
1649	6720	0
1650	6721	0
1651	6722	0
1652	6723	0
1653	6723	0
1654	6723	0
1655	6724	0
1656	6725	0
1657	6726	0
1658	6727	0
1659	6727	0
1660	6727	0
1661	6728	0
1662	6729	0
1663	6729	0
1664	6729	0
1665	6729	0
1666	6730	0
1667	6731	0
1668	6732	0
1669	6732	0
1670	6732	0
1671	6733	0
1672	6734	0
1673	6734	0
1674	6735	0
1675	6736	0
1676	6736	0
1677	6737	0
1678	6738	0
1679	6738	0
1680	6739	0
1681	6740	0
1682	6741	0
1683	6742	0
1684	6743	0
1685	6744	0
1686	6745	0
1687	6746	0
1688	6747	0
1689	6748	0
1690	6749	0
1691	6750	0
1692	6751	0
1693	6751	0
1694	6752	0
1695	6753	0
1696	6754	0
1697	6755	0
1698	6756	0
1699	6757	0
1700	6758	0
1701	6759	0
1702	6759	0
1703	6760	0
1704	6761	0
1705	6762	0
1706	6763	0
1707	6763	0
1708	6764	0
1709	6765	0
1710	6766	0
1711	6767	0
1712	6768	0
1713	6769	0
1714	6770	0
1715	6771	0
1716	6772	0
1717	6773	0
1718	6774	0
1719	6774	0
1720	6775	0
1721	6776	0
1722	6777	0
1723	6777	0
1724	6777	0
1725	6777	0
1726	6778	0
1727	6779	0
1728	6779	0
1729	6780	0
1730	6780	0
1731	6781	0
1732	6781	0
1733	6781	0
1734	6782	0
1735	6783	0
1736	6784	0
1737	6785	0
1738	6786	0
1739	6787	0
1740	6788	0
1741	6789	0
1742	6790	0
1743	6791	0
1744	6791	0
1745	6792	0
1746	6792	0
1747	6793	0
1748	6794	0
1749	6795	0
1750	6796	0
1751	6797	0
1752	6798	0
1753	6799	0
1754	6800	0
1755	6800	0
1756	6801	0
1757	6802	0
1758	6803	0
1759	6804	0
1760	6805	0
1761	6806	0
1762	6807	0
1763	6808	0
1764	6809	0
1765	6810	0
1766	6811	0
1767	6812	0
1768	6813	0
1769	6814	0
1770	6815	0
1771	6816	0
1772	6817	0
1773	6818	0
1774	6819	0
1775	6820	0
1776	6821	0
1777	6822	0
1778	6823	0
1779	6824	0
1780	6825	0
1781	6826	0
1782	6827	0
1783	6828	0
1784	6829	0
1785	6829	0
1786	6830	0
1787	6831	0
1788	6832	0
1789	6833	0
1790	6834	0
1791	6835	0
1792	6836	0
1793	6837	0
1794	6838	0
1795	6839	0
1796	6840	0
1797	6841	0
1798	6842	0
1799	6843	0
1800	6844	0
1801	6845	0
1802	6846	0
1803	6847	0
1804	6848	0
1805	6849	0
1806	6850	0
1807	6851	0
1808	6852	0
1809	6853	0
1810	6854	0
1811	6855	0
1812	6856	0
1813	6857	0
1814	6858	0
1815	6858	0
1816	6859	0
1817	6860	0
1818	6861	0
1819	6862	0
1820	6863	0
1821	6864	0
1822	6865	0
1823	6866	0
1824	6867	0
1825	6868	0
1826	6869	0
1827	6870	0
1828	6871	0
1829	6872	0
1830	6873	0
1831	6874	0
1832	6875	0
1833	6876	0
1834	6877	0
1835	6878	0
1836	6879	0
1837	6880	0
1838	6881	0
1839	6882	0
1840	6883	0
1841	6884	0
1842	6885	0
1843	6886	0
1844	6887	0
1845	6888	0
1846	6889	0
1847	6890	0
1848	6890	0
1849	6891	0
1850	6892	0
1851	6893	0
1852	6894	0
1853	6895	0
1854	6896	0
1855	6897	0
1856	6898	0
1857	6899	0
1858	6900	0
1859	6901	0
1860	6902	0
1861	6903	0
1862	6904	0
1863	6905	0
1864	6906	0
1865	6907	0
1866	6908	0
1867	6909	0
1868	6910	0
1869	6911	0
1870	6912	0
1871	6912	0
1872	6912	0
1873	6913	0
1874	6914	0
1875	6915	0
1876	6916	0
1877	6917	0
1878	6918	0
1879	6919	0
1880	6920	0
1881	6921	0
1882	6922	0
1883	6923	0
1884	6924	0
1885	6925	0
1886	6926	0
1887	6927	0
1888	6928	0
1889	6929	0
1890	6930	0
1891	6931	0
1892	6932	0
1893	6933	0
1894	6934	0
1895	6935	0
1896	6936	0
1897	6937	0
1898	6938	0
1899	6939	0
1900	6939	0
1901	6940	0
1902	6941	0
1903	6942	0
1904	6943	0
1905	6944	0
1906	6945	0
1907	6946	0
1908	6947	0
1909	6948	0
1910	6949	0
1911	6950	0
1912	6951	0
1913	6952	0
1914	6953	0
1915	6954	0
1916	6955	0
1917	6956	0
1918	6957	0
1919	6958	0
1920	6958	0
1921	6959	0
1922	6960	0
1923	6961	0
1924	6962	0
1925	6963	0
1926	6964	0
1927	6965	0
1928	6966	0
1929	6967	0
1930	6968	0
1931	6968	0
1932	6969	0
1933	6970	0
1934	6971	0
1935	6972	0
1936	6973	0
1937	6974	0
1938	6975	0
1939	6976	0
1940	6977	0
1941	6978	0
1942	6978	0
1943	6979	0
1944	6979	0
1945	6980	0
1946	6981	0
1947	6982	0
1948	6983	0
1949	6983	0
1950	6984	0
1951	6985	0
1952	6986	0
1953	6987	0
1954	6988	0
1955	6989	0
1956	6990	0
1957	6991	0
1958	6992	0
1959	6993	0
1960	6994	0
1961	6995	0
1962	6996	0
1963	6997	0
1964	6998	0
1965	6998	0
1966	6999	0
1967	7000	0
1968	7001	0
1969	7002	0
1970	7003	0
1971	7004	0
1972	7005	0
1973	7006	0
1974	7007	0
1975	7008	0
1976	7009	0
1977	7010	0
1978	7011	0
1979	7012	0
1980	7013	0
1981	7014	0
1982	7015	0
1983	7016	0
1984	7016	0
1985	7017	0
1986	7018	0
1987	7019	0
1988	7020	0
1989	7021	0
1990	7022	0
1991	7023	0
1992	7024	0
1993	7025	0
1994	7026	0
1995	7027	0
1996	7028	0
1997	7029	0
1998	7030	0
1999	7031	0
2000	7032	0
2001	7033	0
2002	7034	0
2003	7035	0
2004	7036	0
2005	7037	0
2006	7038	0
2007	7039	0
2008	7040	0
2009	7041	0
2010	7042	0
2011	7043	0
2012	7044	0
2013	7044	0
2014	7045	0
2015	7046	0
2016	7047	0
2017	7048	0
2018	7049	0
2019	7050	0
2020	7051	0
2021	7052	0
2022	7053	0
2023	7054	0
2024	7055	0
2025	7056	0
2026	7056	0
2027	7057	0
2028	7058	0
2029	7059	0
2030	7060	0
2031	7060	0
2032	7061	0
2033	7062	0
2034	7062	0
2035	7062	0
2036	7062	0
2037	7063	0
2038	7064	0
2039	7065	0
2040	7066	0
2041	7067	0
2042	7068	0
2043	7069	0
2044	7070	0
2045	7071	0
2046	7072	0
2047	7072	0
2048	7072	0
2049	7072	0
2050	7073	0
2051	7074	0
2052	7075	0
2053	7076	0
2054	7076	0
2055	7077	0
2056	7078	0
2057	7079	0
2058	7080	0
2059	7081	0
2060	7082	0
2061	7083	0
2062	7084	0
2063	7085	0
2064	7086	0
2065	7087	0
2066	7088	0
2067	7089	0
2068	7090	0
2069	7091	0
2070	7092	0
2071	7093	0
2072	7094	0
2073	7095	0
2074	7095	0
2075	7095	0
2076	7096	0
2077	7096	0
2078	7096	0
2079	7097	0
2080	7098	0
2081	7099	0
2082	7099	0
2083	7100	0
2084	7100	0
2085	7101	0
2086	7102	0
2087	7102	0
2088	7103	0
2089	7104	0
2090	7104	0
2091	7105	0
2092	7106	0
2093	7106	0
2094	7107	0
2095	7108	0
2096	7109	0
2097	7110	0
2098	7111	0
2099	7112	0
2100	7112	0
2101	7113	0
2102	7114	0
2103	7114	0
2104	7115	0
2105	7116	0
2106	7117	0
2107	7118	0
2108	7118	0
2109	7119	0
2110	7120	0
2111	7120	0
2112	7120	0
2113	7121	0
2114	7122	0
2115	7123	0
2116	7123	0
2117	7124	0
2118	7125	0
2119	7126	0
2120	7127	0
2121	7128	0
2122	7129	0
2123	7130	0
2124	7131	0
2125	7132	0
2126	7132	0
2127	7133	0
2128	7134	0
2129	7135	0
2130	7136	0
2131	7137	0
2132	7138	0
2133	7139	0
2134	7140	0
2135	7141	0
2136	7141	0
2137	7142	0
2138	7143	0
2139	7144	0
2140	7145	0
2141	7146	0
2142	7147	0
2143	7148	0
2144	7149	0
2145	7150	0
2146	7151	0
2147	7152	0
2148	7153	0
2149	7154	0
2150	7155	0
2151	7156	0
2152	7157	0
2153	7158	0
2154	7159	0
2155	7160	0
2156	7160	0
2157	7161	0
2158	7162	0
2159	7163	0
2160	7164	0
2161	7165	0
2162	7166	0
2163	7167	0
2164	7168	0
2165	7169	0
2166	7170	0
2167	7171	0
2168	7172	0
2169	7173	0
2170	7174	0
2171	7174	0
2172	7175	0
2173	7176	0
2174	7176	0
2175	7177	0
2176	7178	0
2177	7178	0
2178	7179	0
2179	7180	0
2180	7181	0
2181	7182	0
2182	7183	0
2183	7184	0
2184	7185	0
2185	7185	0
2186	7185	0
2187	7185	0
2188	7186	0
2189	7187	0
2190	7188	0
2191	7189	0
2192	7189	0
2193	7190	0
2194	7191	0
2195	7192	0
2196	7192	0
2197	7193	0
2198	7193	0
2199	7194	0
2200	7194	0
2201	7195	0
2202	7196	0
2203	7196	0
2204	7196	0
2205	7197	0
2206	7198	0
2207	7199	0
2208	7200	0
2209	7201	0
2210	7202	0
2211	7202	0
2212	7202	0
2213	7203	0
2214	7203	0
2215	7204	0
2216	7205	0
2217	7206	0
2218	7207	0
2219	7208	0
2220	7209	0
2221	7209	0
2222	7210	0
2223	7211	0
2224	7212	0
2225	7213	0
2226	7214	0
2227	7215	0
2228	7216	0
2229	7216	0
2230	7216	0
2231	7217	0
2232	7217	0
2233	7218	0
2234	7219	0
2235	7220	0
2236	7221	0
2237	7222	0
2238	7223	0
2239	7224	0
2240	7225	0
2241	7226	0
2242	7227	0
2243	7228	0
2244	7229	0
2245	7230	0
2246	7231	0
2247	7232	0
2248	7233	0
2249	7234	0
2250	7234	0
2251	7235	0
2252	7235	0
2253	7236	0
2254	7236	0
2255	7236	0
2256	7236	0
2257	7237	0
2258	7237	0
2259	7237	0
2260	7238	0
2261	7238	0
2262	7239	0
2263	7239	0
2264	7240	0
2265	7241	0
2266	7241	0
2267	7242	0
2268	7242	0
2269	7242	0
2270	7243	0
2271	7244	0
2272	7244	0
2273	7245	0
2274	7245	0
2275	7245	0
2276	7246	0
2277	7247	0
2278	7248	0
2279	7249	0
2280	7250	0
2281	7251	0
2282	7252	0
2283	7252	0
2284	7253	0
2285	7254	0
2286	7255	0
2287	7256	0
2288	7257	0
2289	7258	0
2290	7259	0
2291	7260	0
2292	7261	0
2293	7262	0
2294	7263	0
2295	7264	0
2296	7265	0
2297	7266	0
2298	7266	0
2299	7266	0
2300	7267	0
2301	7268	0
2302	7269	0
2303	7270	0
2304	7271	0
2305	7272	0
2306	7273	0
2307	7274	0
2308	7275	0
2309	7276	0
2310	7277	0
2311	7278	0
2312	7279	0
2313	7279	0
2314	7280	0
2315	7281	0
2316	7282	0
2317	7283	0
2318	7284	0
2319	7285	0
2320	7286	0
2321	7286	0
2322	7287	0
2323	7288	0
2324	7289	0
2325	7290	0
2326	7291	0
2327	7292	0
2328	7293	0
2329	7294	0
2330	7295	0
2331	7296	0
2332	7297	0
2333	7298	0
2334	7299	0
2335	7300	0
2336	7301	0
2337	7302	0
2338	7303	0
2339	7304	0
2340	7305	0
2341	7306	0
2342	7307	0
2343	7308	0
2344	7309	0
2345	7310	0
2346	7311	0
2347	7312	0
2348	7313	0
2349	7314	0
2350	7315	0
2351	7316	0
2352	7317	0
2353	7318	0
2354	7319	0
2355	7320	0
2356	7321	0
2357	7322	0
2358	7323	0
2359	7324	0
2360	7325	0
2361	7325	0
2362	7325	0
2363	7326	0
2364	7327	0
2365	7328	0
2366	7329	0
2367	7330	0
2368	7331	0
2369	7332	0
2370	7333	0
2371	7334	0
2372	7335	0
2373	7336	0
2374	7337	0
2375	7338	0
2376	7339	0
2377	7339	0
2378	7340	0
2379	7341	0
2380	7342	0
2381	7343	0
2382	7344	0
2383	7345	0
2384	7346	0
2385	7347	0
2386	7348	0
2387	7349	0
2388	7350	0
2389	7351	0
2390	7352	0
2391	7353	0
2392	7354	0
2393	7354	0
2394	7355	0
2395	7356	0
2396	7357	0
2397	7358	0
2398	7359	0
2399	7360	0
2400	7361	0
2401	7362	0
2402	7363	0
2403	7364	0
2404	7365	0
2405	7366	0
2406	7367	0
2407	7368	0
2408	7369	0
2409	7370	0
2410	7371	0
2411	7372	0
2412	7373	0
2413	7374	0
2414	7375	0
2415	7375	0
2416	7376	0
2417	7377	0
2418	7378	0
2419	7379	0
2420	7380	0
2421	7381	0
2422	7382	0
2423	7383	0
2424	7384	0
2425	7385	0
2426	7386	0
2427	7387	0
2428	7388	0
2429	7389	0
2430	7390	0
2431	7391	0
2432	7392	0
2433	7393	0
2434	7394	0
2435	7395	0
2436	7395	0
2437	7395	0
2438	7396	0
2439	7397	0
2440	7398	0
2441	7399	0
2442	7400	0
2443	7401	0
2444	7402	0
2445	7403	0
2446	7404	0
2447	7405	0
2448	7406	0
2449	7407	0
2450	7408	0
2451	7409	0
2452	7409	0
2453	7410	0
2454	7411	0
2455	7412	0
2456	7412	0
2457	7413	0
2458	7414	0
2459	7415	0
2460	7416	0
2461	7417	0
2462	7418	0
2463	7419	0
2464	7420	0
2465	7421	0
2466	7422	0
2467	7423	0
2468	7424	0
2469	7425	0
2470	7426	0
2471	7427	0
2472	7428	0
2473	7429	0
2474	7430	0
2475	7430	0
2476	7431	0
2477	7432	0
2478	7433	0
2479	7434	0
2480	7435	0
2481	7436	0
2482	7437	0
2483	7438	0
2484	7439	0
2485	7440	0
2486	7441	0
2487	7442	0
2488	7443	0
2489	7444	0
2490	7445	0
2491	7446	0
2492	7447	0
2493	7448	0
2494	7449	0
2495	7450	0
2496	7451	0
2497	7452	0
2498	7453	0
2499	7454	0
2500	7455	0
2501	7456	0
2502	7457	0
2503	7457	0
2504	7458	0
2505	7459	0
2506	7460	0
2507	7461	0
2508	7462	0
2509	7463	0
2510	7464	0
2511	7465	0
2512	7466	0
2513	7467	0
2514	7468	0
2515	7469	0
2516	7470	0
2517	7471	0
2518	7472	0
2519	7473	0
2520	7474	0
2521	7475	0
2522	7476	0
2523	7476	0
2524	7477	0
2525	7478	0
2526	7479	0
2527	7480	0
2528	7481	0
2529	7482	0
2530	7483	0
2531	7484	0
2532	7485	0
2533	7486	0
2534	7487	0
2535	7488	0
2536	7489	0
2537	7490	0
2538	7490	0
2539	7491	0
2540	7492	0
2541	7492	0
2542	7493	0
2543	7494	0
2544	7495	0
2545	7496	0
2546	7496	0
2547	7497	0
2548	7498	0
2549	7498	0
2550	7499	0
2551	7500	0
2552	7501	0
2553	7502	0
2554	7503	0
2555	7504	0
2556	7504	0
2557	7505	0
2558	7506	0
2559	7507	0
2560	7508	0
2561	7509	0
2562	7510	0
2563	7511	0
2564	7512	0
2565	7513	0
2566	7514	0
2567	7515	0
2568	7516	0
2569	7517	0
2570	7518	0
2571	7519	0
2572	7520	0
2573	7521	0
2574	7522	0
2575	7523	0
2576	7523	0
2577	7524	0
2578	7525	0
2579	7526	0
2580	7527	0
2581	7528	0
2582	7529	0
2583	7530	0
2584	7531	0
2585	7532	0
2586	7533	0
2587	7534	0
2588	7535	0
2589	7536	0
2590	7537	0
2591	7538	0
2592	7539	0
2593	7540	0
2594	7541	0
2595	7542	0
2596	7543	0
2597	7544	0
2598	7545	0
2599	7546	0
2600	7547	0
2601	7548	0
2602	7549	0
2603	7550	0
2604	7551	0
2605	7552	0
2606	7552	0
2607	7553	0
2608	7554	0
2609	7555	0
2610	7556	0
2611	7557	0
2612	7557	0
2613	7558	0
2614	7559	0
2615	7560	0
2616	7560	0
2617	7561	0
2618	7562	0
2619	7563	0
2620	7564	0
2621	7565	0
2622	7566	0
2623	7567	0
2624	7568	0
2625	7569	0
2626	7570	0
2627	7571	0
2628	7572	0
2629	7573	0
2630	7574	0
2631	7575	0
2632	7576	0
2633	7577	0
2634	7578	0
2635	7579	0
2636	7580	0
2637	7581	0
2638	7582	0
2639	7582	0
2640	7583	0
2641	7584	0
2642	7585	0
2643	7586	0
2644	7587	0
2645	7588	0
2646	7589	0
2647	7590	0
2648	7591	0
2649	7592	0
2650	7593	0
2651	7594	0
2652	7594	0
2653	7595	0
2654	7596	0
2655	7597	0
2656	7598	0
2657	7599	0
2658	7600	0
2659	7600	0
2660	7601	0
2661	7602	0
2662	7603	0
2663	7604	0
2664	7605	0
2665	7606	0
2666	7606	0
2667	7607	0
2668	7608	0
2669	7609	0
2670	7610	0
2671	7611	0
2672	7612	0
2673	7613	0
2674	7614	0
2675	7615	0
2676	7616	0
2677	7617	0
2678	7617	0
2679	7618	0
2680	7619	0
2681	7620	0
2682	7621	0
2683	7622	0
2684	7623	0
2685	7624	0
2686	7624	0
2687	7625	0
2688	7626	0
2689	7626	0
2690	7627	0
2691	7628	0
2692	7629	0
2693	7629	0
2694	7630	0
2695	7631	0
2696	7632	0
2697	7633	0
2698	7634	0
2699	7635	0
2700	7636	0
2701	7637	0
2702	7638	0
2703	7639	0
2704	7640	0
2705	7641	0
2706	7642	0
2707	7643	0
2708	7644	0
2709	7645	0
2710	7646	0
2711	7647	0
2712	7648	0
2713	7649	0
2714	7650	0
2715	7651	0
2716	7652	0
2717	7653	0
2718	7654	0
2719	7654	0
2720	7654	0
2721	7655	0
2722	7656	0
2723	7657	0
2724	7657	0
2725	7658	0
2726	7659	0
2727	7659	0
2728	7660	0
2729	7661	0
2730	7662	0
2731	7663	0
2732	7664	0
2733	7665	0
2734	7666	0
2735	7667	0
2736	7668	0
2737	7669	0
2738	7669	0
2739	7670	0
2740	7671	0
2741	7672	0
2742	7672	0
2743	7673	0
2744	7674	0
2745	7675	0
2746	7676	0
2747	7677	0
2748	7678	0
2749	7679	0
2750	7680	0
2751	7681	0
2752	7682	0
2753	7683	0
2754	7684	0
2755	7685	0
2756	7685	0
2757	7686	0
2758	7687	0
2759	7688	0
2760	7689	0
2761	7690	0
2762	7691	0
2763	7692	0
2764	7692	0
2765	7693	0
2766	7694	0
2767	7695	0
2768	7696	0
2769	7697	0
2770	7698	0
2771	7698	0
2772	7699	0
2773	7700	0
2774	7701	0
2775	7702	0
2776	7703	0
2777	7704	0
2778	7705	0
2779	7706	0
2780	7707	0
2781	7708	0
2782	7709	0
2783	7710	0
2784	7711	0
2785	7712	0
2786	7713	0
2787	7713	0
2788	7714	0
2789	7715	0
2790	7716	0
2791	7717	0
2792	7718	0
2793	7719	0
2794	7720	0
2795	7721	0
2796	7721	0
2797	7721	0
2798	7721	0
2799	7722	0
2800	7723	0
2801	7724	0
2802	7725	0
2803	7726	0
2804	7727	0
2805	7727	0
2806	7728	0
2807	7729	0
2808	7730	0
2809	7731	0
2810	7732	0
2811	7733	0
2812	7734	0
2813	7735	0
2814	7736	0
2815	7737	0
2816	7738	0
2817	7738	0
2818	7739	0
2819	7740	0
2820	7741	0
2821	7742	0
2822	7743	0
2823	7744	0
2824	7745	0
2825	7746	0
2826	7747	0
2827	7748	0
2828	7749	0
2829	7750	0
2830	7751	0
2831	7752	0
2832	7753	0
2833	7753	0
2834	7754	0
2835	7755	0
2836	7756	0
2837	7757	0
2838	7758	0
2839	7759	0
2840	7760	0
2841	7761	0
2842	7762	0
2843	7763	0
2844	7764	0
2845	7765	0
2846	7766	0
2847	7767	0
2848	7768	0
2849	7768	0
2850	7769	0
2851	7770	0
2852	7771	0
2853	7772	0
2854	7773	0
2855	7774	0
2856	7775	0
2857	7776	0
2858	7777	0
2859	7778	0
2860	7779	0
2861	7780	0
2862	7781	0
2863	7782	0
2864	7783	0
2865	7784	0
2866	7785	0
2867	7786	0
2868	7787	0
2869	7788	0
2870	7789	0
2871	7790	0
2872	7791	0
2873	7792	0
2874	7793	0
2875	7794	0
2876	7795	0
2877	7796	0
2878	7797	0
2879	7798	0
2880	7799	0
2881	7800	0
2882	7801	0
2883	7802	0
2884	7803	0
2885	7804	0
2886	7805	0
2887	7806	0
2888	7807	0
2889	7807	0
2890	7808	0
2891	7809	0
2892	7810	0
2893	7811	0
2894	7812	0
2895	7813	0
2896	7814	0
2897	7815	0
2898	7816	0
2899	7817	0
2900	7818	0
2901	7819	0
2902	7820	0
2903	7821	0
2904	7822	0
2905	7823	0
2906	7824	0
2907	7825	0
2908	7826	0
2909	7827	0
2910	7828	0
2911	7829	0
2912	7830	0
2913	7831	0
2914	7831	0
2915	7832	0
2916	7832	0
2917	7833	0
2918	7834	0
2919	7835	0
2920	7836	0
2921	7837	0
2922	7838	0
2923	7839	0
2924	7840	0
2925	7841	0
2926	7842	0
2927	7843	0
2928	7844	0
2929	7845	0
2930	7846	0
2931	7846	0
2932	7847	0
2933	7848	0
2934	7849	0
2935	7850	0
2936	7851	0
2937	7852	0
2938	7853	0
2939	7854	0
2940	7855	0
2941	7856	0
2942	7856	0
2943	7856	0
2944	7857	0
2945	7858	0
2946	7859	0
2947	7860	0
2948	7861	0
2949	7862	0
2950	7863	0
2951	7864	0
2952	7865	0
2953	7866	0
2954	7867	0
2955	7867	0
2956	7867	0
2957	7868	0
2958	7869	0
2959	7870	0
2960	7871	0
2961	7872	0
2962	7873	0
2963	7874	0
2964	7875	0
2965	7876	0
2966	7877	0
2967	7878	0
2968	7879	0
2969	7880	0
2970	7880	0
2971	7881	0
2972	7882	0
2973	7883	0
2974	7884	0
2975	7885	0
2976	7886	0
2977	7887	0
2978	7888	0
2979	7888	0
2980	7889	0
2981	7889	0
2982	7889	0
2983	7889	0
2984	7890	0
2985	7890	0
2986	7891	0
2987	7891	0
2988	7892	0
2989	7892	0
2990	7893	0
2991	7894	0
2992	7894	0
2993	7895	0
2994	7896	0
2995	7897	0
2996	7897	0
2997	7898	0
2998	7898	0
2999	7898	0
3000	7898	0
3001	7898	0
3002	7898	0
3003	7899	0
3004	7899	0
3005	7900	0
3006	7901	0
3007	7901	0
3008	7902	0
3009	7903	0
3010	7904	0
3011	7905	0
3012	7906	0
3013	7907	0
3014	7908	0
3015	7909	0
3016	7910	0
3017	7911	0
3018	7912	0
3019	7913	0
3020	7914	0
3021	7915	0
3022	7916	0
3023	7917	0
3024	7918	0
3025	7919	0
3026	7920	0
3027	7921	0
3028	7922	0
3029	7923	0
3030	7924	0
3031	7925	0
3032	7926	0
3033	7927	0
3034	7927	0
3035	7928	0
3036	7929	0
3037	7930	0
3038	7931	0
3039	7932	0
3040	7933	0
3041	7934	0
3042	7935	0
3043	7936	0
3044	7937	0
3045	7938	0
3046	7939	0
3047	7940	0
3048	7941	0
3049	7942	0
3050	7943	0
3051	7944	0
3052	7945	0
3053	7946	0
3054	7946	0
3055	7947	0
3056	7947	0
3057	7948	0
3058	7948	0
3059	7948	0
3060	7948	0
3061	7949	0
3062	7950	0
3063	7950	0
3064	7950	0
3065	7951	0
3066	7952	0
3067	7953	0
3068	7954	0
3069	7955	0
3070	7956	0
3071	7957	0
3072	7958	0
3073	7959	0
3074	7960	0
3075	7961	0
3076	7962	0
3077	7963	0
3078	7963	0
3079	7964	0
3080	7965	0
3081	7966	0
3082	7967	0
3083	7968	0
3084	7969	0
3085	7970	0
3086	7970	0
3087	7971	0
3088	7972	0
3089	7973	0
3090	7974	0
3091	7975	0
3092	7976	0
3093	7977	0
3094	7978	0
3095	7979	0
3096	7980	0
3097	7980	0
3098	7981	0
3099	7982	0
3100	7983	0
3101	7984	0
3102	7985	0
3103	7986	0
3104	7987	0
3105	7988	0
3106	7989	0
3107	7990	0
3108	7991	0
3109	7992	0
3110	7992	0
3111	7992	0
3112	7993	0
3113	7994	0
3114	7995	0
3115	7996	0
3116	7997	0
3117	7998	0
3118	7999	0
3119	8000	0
3120	8001	0
3121	8002	0
3122	8003	0
3123	8004	0
3124	8005	0
3125	8006	0
3126	8007	0
3127	8008	0
3128	8009	0
3129	8010	0
3130	8011	0
3131	8012	0
3132	8013	0
3133	8014	0
3134	8015	0
3135	8016	0
3136	8017	0
3137	8018	0
3138	8019	0
3139	8020	0
3140	8021	0
3141	8021	0
3142	8022	0
3143	8023	0
3144	8024	0
3145	8025	0
3146	8026	0
3147	8026	0
3148	8027	0
3149	8028	0
3150	8029	0
3151	8030	0
3152	8031	0
3153	8032	0
3154	8033	0
3155	8034	0
3156	8035	0
3157	8036	0
3158	8037	0
3159	8038	0
3160	8039	0
3161	8040	0
3162	8041	0
3163	8042	0
3164	8043	0
3165	8044	0
3166	8045	0
3167	8046	0
3168	8047	0
3169	8048	0
3170	8048	0
3171	8049	0
3172	8050	0
3173	8051	0
3174	8051	0
3175	8052	0
3176	8053	0
3177	8054	0
3178	8055	0
3179	8056	0
3180	8057	0
3181	8058	0
3182	8058	0
3183	8059	0
3184	8060	0
3185	8061	0
3186	8062	0
3187	8063	0
3188	8064	0
3189	8065	0
3190	8066	0
3191	8067	0
3192	8068	0
3193	8069	0
3194	8070	0
3195	8071	0
3196	8072	0
3197	8073	0
3198	8074	0
3199	8075	0
3200	8075	0
3201	8075	0
3202	8076	0
3203	8077	0
3204	8078	0
3205	8079	0
3206	8080	0
3207	8081	0
3208	8081	0
3209	8082	0
3210	8083	0
3211	8084	0
3212	8085	0
3213	8085	0
3214	8086	0
3215	8086	0
3216	8086	0
3217	8087	0
3218	8088	0
3219	8088	0
3220	8088	0
3221	8089	0
3222	8089	0
3223	8090	0
3224	8091	0
3225	8092	0
3226	8093	0
3227	8093	0
3228	8093	0
3229	8094	0
3230	8095	0
3231	8096	0
3232	8096	0
3233	8096	0
3234	8096	0
3235	8096	0
3236	8096	0
3237	8096	0
3238	8096	0
3239	8096	0
3240	8096	0
3241	8096	0
3242	8096	0
3243	8096	0
3244	8096	0
3245	8096	0
3246	8096	0
3247	8096	0
3248	8096	0
3249	8096	0
3250	8096	0
3251	8096	0
3252	8096	0
3253	8096	0
3254	8096	0
3255	8096	0
3256	8096	0
3257	8097	0
3258	8098	0
3259	8099	0
3260	8099	0
3261	8100	0
3262	8101	0
3263	8102	0
3264	8103	0
3265	8104	0
3266	8105	0
3267	8106	0
3268	8106	0
3269	8107	0
3270	8108	0
3271	8109	0
3272	8110	0
3273	8111	0
3274	8112	0
3275	8113	0
3276	8114	0
3277	8115	0
3278	8116	0
3279	8117	0
3280	8117	0
3281	8118	0
3282	8119	0
3283	8120	0
3284	8120	0
3285	8121	0
3286	8121	0
3287	8122	0
3288	8123	0
3289	8124	0
3290	8125	0
3291	8126	0
3292	8127	0
3293	8127	0
3294	8128	0
3295	8129	0
3296	8130	0
3297	8131	0
3298	8132	0
3299	8133	0
3300	8134	0
3301	8135	0
3302	8136	0
3303	8137	0
3304	8138	0
3305	8139	0
3306	8140	0
3307	8140	0
3308	8141	0
3309	8142	0
3310	8143	0
3311	8144	0
3312	8145	0
3313	8146	0
3314	8147	0
3315	8148	0
3316	8149	0
3317	8150	0
3318	8151	0
3319	8151	0
3320	8152	0
3321	8153	0
3322	8154	0
3323	8155	0
3324	8156	0
3325	8157	0
3326	8158	0
3327	8159	0
3328	8160	0
3329	8161	0
3330	8162	0
3331	8162	0
3332	8163	0
3333	8164	0
3334	8165	0
3335	8166	0
3336	8166	0
3337	8166	0
3338	8166	0
3339	8167	0
3340	8168	0
3341	8169	0
3342	8170	0
3343	8171	0
3344	8172	0
3345	8173	0
3346	8174	0
3347	8175	0
3348	8176	0
3349	8177	0
3350	8178	0
3351	8178	0
3352	8178	0
3353	8179	0
3354	8180	0
3355	8181	0
3356	8182	0
3357	8183	0
3358	8183	0
3359	8184	0
3360	8185	0
3361	8186	0
3362	8187	0
3363	8187	0
3364	8187	0
3365	8187	0
3366	8188	0
3367	8189	0
3368	8189	0
3369	8189	0
3370	8189	0
3371	8189	0
3372	8189	0
3373	8189	0
3374	8190	0
3375	8191	0
3376	8192	0
3377	8193	0
3378	8193	0
3379	8194	0
3380	8194	0
3381	8194	0
3382	8194	0
3383	8195	0
3384	8196	0
3385	8197	0
3386	8198	0
3387	8199	0
3388	8200	0
3389	8201	0
3390	8202	0
3391	8203	0
3392	8204	0
3393	8205	0
3394	8206	0
3395	8207	0
3396	8208	0
3397	8208	0
3398	8209	0
3399	8210	0
3400	8211	0
3401	8211	0
3402	8212	0
3403	8213	0
3404	8213	0
3405	8214	0
3406	8214	0
3407	8215	0
3408	8216	0
3409	8217	0
3410	8218	0
3411	8219	0
3412	8220	0
3413	8221	0
3414	8222	0
3415	8223	0
3416	8224	0
3417	8225	0
3418	8226	0
3419	8227	0
3420	8228	0
3421	8229	0
3422	8230	0
3423	8231	0
3424	8232	0
3425	8233	0
3426	8234	0
3427	8235	0
3428	8236	0
3429	8237	0
3430	8238	0
3431	8239	0
3432	8240	0
3433	8241	0
3434	8242	0
3435	8243	0
3436	8244	0
3437	8245	0
3438	8246	0
3439	8246	0
3440	8246	0
3441	8246	0
3442	8247	0
3443	8248	0
3444	8249	0
3445	8249	0
3446	8250	0
3447	8251	0
3448	8252	0
3449	8253	0
3450	8254	0
3451	8255	0
3452	8256	0
3453	8257	0
3454	8258	0
3455	8259	0
3456	8260	0
3457	8260	0
3458	8261	0
3459	8262	0
3460	8263	0
3461	8264	0
3462	8265	0
3463	8266	0
3464	8267	0
3465	8268	0
3466	8269	0
3467	8270	0
3468	8271	0
3469	8272	0
3470	8273	0
3471	8274	0
3472	8275	0
3473	8276	0
3474	8277	0
3475	8278	0
3476	8278	0
3477	8279	0
3478	8280	0
3479	8281	0
3480	8282	0
3481	8283	0
3482	8284	0
3483	8285	0
3484	8286	0
3485	8287	0
3486	8288	0
3487	8289	0
3488	8290	0
3489	8291	0
3490	8292	0
3491	8293	0
3492	8294	0
3493	8295	0
3494	8296	0
3495	8297	0
3496	8298	0
3497	8299	0
3498	8300	0
3499	8301	0
3500	8302	0
3501	8303	0
3502	8304	0
3503	8305	0
3504	8306	0
3505	8307	0
3506	8308	0
3507	8309	0
3508	8310	0
3509	8311	0
3510	8312	0
3511	8313	0
3512	8314	0
3513	8315	0
3514	8316	0
3515	8317	0
3516	8318	0
3517	8319	0
3518	8320	0
3519	8321	0
3520	8322	0
3521	8323	0
3522	8324	0
3523	8325	0
3524	8326	0
3525	8327	0
3526	8328	0
3527	8329	0
3528	8330	0
3529	8331	0
3530	8332	0
3531	8333	0
3532	8334	0
3533	8335	0
3534	8336	0
3535	8337	0
3536	8338	0
3537	8339	0
3538	8340	0
3539	8341	0
3540	8341	0
3541	8342	0
3542	8343	0
3543	8344	0
3544	8345	0
3545	8346	0
3546	8347	0
3547	8348	0
3548	8349	0
3549	8350	0
3550	8351	0
3551	8352	0
3552	8353	0
3553	8354	0
3554	8355	0
3555	8356	0
3556	8357	0
3557	8358	0
3558	8359	0
3559	8360	0
3560	8361	0
3561	8362	0
3562	8363	0
3563	8364	0
3564	8365	0
3565	8366	0
3566	8367	0
3567	8368	0
3568	8369	0
3569	8370	0
3570	8371	0
3571	8372	0
3572	8373	0
3573	8374	0
3574	8375	0
3575	8376	0
3576	8377	0
3577	8378	0
3578	8379	0
3579	8380	0
3580	8381	0
3581	8382	0
3582	8383	0
3583	8384	0
3584	8385	0
3585	8386	0
3586	8386	0
3587	8387	0
3588	8388	0
3589	8389	0
3590	8390	0
3591	8391	0
3592	8391	0
3593	8392	0
3594	8392	0
3595	8393	0
3596	8394	0
3597	8395	0
3598	8396	0
3599	8397	0
3600	8398	0
3601	8398	0
3602	8398	0
3603	8399	0
3604	8400	0
3605	8401	0
3606	8402	0
3607	8403	0
3608	8404	0
3609	8404	0
3610	8405	0
3611	8406	0
3612	8406	0
3613	8407	0
3614	8408	0
3615	8409	0
3616	8410	0
3617	8411	0
3618	8412	0
3619	8413	0
3620	8414	0
3621	8415	0
3622	8416	0
3623	8417	0
3624	8418	0
3625	8419	0
3626	8420	0
3627	8421	0
3628	8422	0
3629	8423	0
3630	8424	0
3631	8425	0
3632	8426	0
3633	8426	0
3634	8427	0
3635	8428	0
3636	8429	0
3637	8430	0
3638	8430	0
3639	8431	0
3640	8432	0
3641	8433	0
3642	8434	0
3643	8435	0
3644	8435	0
3645	8436	0
3646	8437	0
3647	8438	0
3648	8438	0
3649	8439	0
3650	8440	0
3651	8441	0
3652	8442	0
3653	8443	0
3654	8444	0
3655	8444	0
3656	8445	0
3657	8446	0
3658	8447	0
3659	8448	0
3660	8449	0
3661	8450	0
3662	8451	0
3663	8452	0
3664	8453	0
3665	8454	0
3666	8455	0
3667	8456	0
3668	8457	0
3669	8457	0
3670	8458	0
3671	8459	0
3672	8460	0
3673	8461	0
3674	8462	0
3675	8463	0
3676	8464	0
3677	8465	0
3678	8465	0
3679	8466	0
3680	8467	0
3681	8468	0
3682	8469	0
3683	8470	0
3684	8471	0
3685	8472	0
3686	8473	0
3687	8474	0
3688	8475	0
3689	8476	0
3690	8477	0
3691	8478	0
3692	8479	0
3693	8480	0
3694	8481	0
3695	8482	0
3696	8483	0
3697	8483	0
3698	8484	0
3699	8485	0
3700	8486	0
3701	8487	0
3702	8488	0
3703	8489	0
3704	8490	0
3705	8491	0
3706	8492	0
3707	8493	0
3708	8494	0
3709	8495	0
3710	8496	0
3711	8497	0
3712	8498	0
3713	8499	0
3714	8500	0
3715	8501	0
3716	8502	0
3717	8503	0
3718	8504	0
3719	8505	0
3720	8506	0
3721	8506	0
3722	8507	0
3723	8508	0
3724	8509	0
3725	8510	0
3726	8510	0
3727	8510	0
3728	8511	0
3729	8512	0
3730	8513	0
3731	8514	0
3732	8515	0
3733	8516	0
3734	8517	0
3735	8518	0
3736	8519	0
3737	8520	0
3738	8521	0
3739	8522	0
3740	8523	0
3741	8524	0
3742	8525	0
3743	8526	0
3744	8526	0
3745	8526	0
3746	8526	0
3747	8526	0
3748	8527	0
3749	8528	0
3750	8529	0
3751	8530	0
3752	8531	0
3753	8532	0
3754	8533	0
3755	8534	0
3756	8535	0
3757	8536	0
3758	8537	0
3759	8538	0
3760	8539	0
3761	8540	0
3762	8541	0
3763	8542	0
3764	8543	0
3765	8544	0
3766	8545	0
3767	8546	0
3768	8547	0
3769	8548	0
3770	8549	0
3771	8550	0
3772	8551	0
3773	8551	0
3774	8552	0
3775	8553	0
3776	8554	0
3777	8555	0
3778	8556	0
3779	8557	0
3780	8558	0
3781	8559	0
3782	8560	0
3783	8561	0
3784	8562	0
3785	8562	0
3786	8563	0
3787	8564	0
3788	8565	0
3789	8566	0
3790	8567	0
3791	8568	0
3792	8569	0
3793	8570	0
3794	8571	0
3795	8572	0
3796	8573	0
3797	8573	0
3798	8574	0
3799	8575	0
3800	8576	0
3801	8577	0
3802	8577	0
3803	8577	0
3804	8578	0
3805	8579	0
3806	8580	0
3807	8581	0
3808	8582	0
3809	8583	0
3810	8584	0
3811	8584	0
3812	8585	0
3813	8586	0
3814	8587	0
3815	8588	0
3816	8588	0
3817	8589	0
3818	8590	0
3819	8591	0
3820	8592	0
3821	8593	0
3822	8594	0
3823	8595	0
3824	8596	0
3825	8597	0
3826	8598	0
3827	8599	0
3828	8600	0
3829	8601	0
3830	8602	0
3831	8603	0
3832	8604	0
3833	8605	0
3834	8605	0
3835	8606	0
3836	8607	0
3837	8608	0
3838	8609	0
3839	8610	0
3840	8611	0
3841	8612	0
3842	8613	0
3843	8614	0
3844	8615	0
3845	8615	0
3846	8616	0
3847	8617	0
3848	8618	0
3849	8619	0
3850	8619	0
3851	8620	0
3852	8621	0
3853	8622	0
3854	8623	0
3855	8624	0
3856	8625	0
3857	8626	0
3858	8627	0
3859	8628	0
3860	8629	0
3861	8630	0
3862	8631	0
3863	8632	0
3864	8632	0
3865	8632	0
3866	8633	0
3867	8633	0
3868	8634	0
3869	8634	0
3870	8635	0
3871	8635	0
3872	8635	0
3873	8636	0
3874	8636	0
3875	8636	0
3876	8636	0
3877	8636	0
3878	8636	0
3879	8636	0
3880	8636	0
3881	8636	0
3882	8636	0
3883	8637	0
