model_id,reason,n_reactions,n_metabolites,n_genes,n_exchanges_open,growth_flux,n_unique_rxns,n_unique_cpds,n_rare_rxns,novel_rxns_added,novel_cpds_added,min_jaccard_to_selected
GCF_003261575.2,reaction-coverage rank 1: adds 187 previously-uncovered reactions,221,178,347,22,40.634,187,149,0,187,,
GCF_000632475.1,reaction-coverage rank 2: adds 20 previously-uncovered reactions,212,189,310,19,61.502,181,163,1,20,,
GCF_000164985.3,reaction-coverage rank 3: adds 9 previously-uncovered reactions,187,163,185,19,32.852,158,137,0,9,,
GCF_009688965.1,reaction-coverage rank 4: adds 7 previously-uncovered reactions,179,171,310,19,19.98,148,145,3,7,,
GCF_003441595.1,reaction-coverage rank 5: adds 3 previously-uncovered reactions,182,164,230,19,27.024,153,138,1,3,,
GCF_000010625.1,reaction-coverage rank 6: adds 2 previously-uncovered reactions,144,140,148,18,16.908,116,115,0,2,,
GCF_000011305.1,reaction-coverage rank 7: adds 1 previously-uncovered reactions,161,153,149,19,19.464,132,127,0,1,,
GCF_000015745.1,reaction-coverage rank 8: adds 1 previously-uncovered reactions,185,161,181,21,20.097,154,133,1,1,,
GCF_000016745.1,reaction-coverage rank 9: adds 1 previously-uncovered reactions,151,149,202,19,18.596,122,124,1,1,,
GCF_000025265.1,reaction-coverage rank 10: adds 1 previously-uncovered reactions,170,161,279,19,33.816,141,135,1,1,,
GCF_000200595.1,reaction-coverage rank 11: adds 1 previously-uncovered reactions,133,133,99,21,20.317,102,105,1,1,,
GCF_000756615.1,reaction-coverage rank 12: adds 1 previously-uncovered reactions,178,166,182,19,29.647,149,140,1,1,,
GCF_000283635.1,extreme: smallest by reactions,99,110,82,15,14.275,74,88,0,,,
GCF_000014405.1,extreme: smallest by metabolites,100,104,72,17,8.681,73,80,0,,,
GCF_000599545.1,extreme: largest by genes,197,169,456,20,57.355,167,142,0,,,
GCF_000014425.1,extreme: smallest by genes,106,108,69,17,8.657,79,85,0,,,
GCF_002591335.1,extreme: highest growth flux,191,161,334,21,62.063,160,133,0,,,
GCF_000746585.1,extreme: lowest growth flux (still growing),112,119,80,15,1.674,87,97,0,,,
GCF_000008165.1,extreme: widest open exchange repertoire,194,167,218,22,40.634,162,138,0,,,
GCF_000024425.1,extreme: narrowest open exchange repertoire,137,141,128,13,2.902,114,121,0,,,
GCF_000018405.1,extreme: carries many rare reactions (<1% of growers),140,146,176,16,17.802,112,124,2,,,
GCF_000233715.2,extreme: carries many rare reactions (<1% of growers),156,156,229,18,26.203,126,131,2,,,
GCF_001688725.2,farthest-point: min Jaccard distance to already-selected = 0.454,122,127,117,16,17.73,96,104,0,,,0.4539
GCF_000270285.1,farthest-point: min Jaccard distance to already-selected = 0.434,129,128,180,17,15.253,100,104,0,,,0.4337
GCF_008805035.1,farthest-point: min Jaccard distance to already-selected = 0.431,112,127,72,16,14.207,86,105,0,,,0.4314
GCF_000237205.1,farthest-point: min Jaccard distance to already-selected = 0.431,130,129,84,18,30.736,102,104,0,,,0.4311
GCF_002082765.1,farthest-point: min Jaccard distance to already-selected = 0.419,125,125,101,19,21.991,96,100,0,,,0.4194
GCF_003352785.1,farthest-point: min Jaccard distance to already-selected = 0.405,125,129,99,16,4.853,99,106,0,,,0.4048
GCF_900186975.1,farthest-point: min Jaccard distance to already-selected = 0.402,130,129,116,18,5.845,102,104,0,,,0.4024
GCF_001688905.2,farthest-point: min Jaccard distance to already-selected = 0.393,134,126,126,20,18.361,100,100,0,,,0.3934
GCF_001262075.1,farthest-point: min Jaccard distance to already-selected = 0.390,139,141,117,18,9.718,111,117,0,,,0.3902
GCF_001020955.1,farthest-point: min Jaccard distance to already-selected = 0.390,132,135,128,19,6.617,103,109,0,,,0.3898
GCF_000284095.1,farthest-point: min Jaccard distance to already-selected = 0.389,147,136,134,20,21.144,115,109,0,,,0.3893
GCF_000020645.1,farthest-point: min Jaccard distance to already-selected = 0.388,129,132,130,15,9.755,104,111,0,,,0.3882
GCF_900232105.1,farthest-point: min Jaccard distance to already-selected = 0.384,144,144,200,18,16.426,116,119,1,,,0.3836
GCF_013377295.1,farthest-point: min Jaccard distance to already-selected = 0.381,137,138,95,17,31.953,108,115,0,,,0.381
GCF_001746835.1,farthest-point: min Jaccard distance to already-selected = 0.379,139,138,136,19,18.784,110,113,0,,,0.3788
GCF_006874645.1,farthest-point: min Jaccard distance to already-selected = 0.379,127,135,123,14,11.932,103,114,0,,,0.3788
GCF_001659705.1,farthest-point: min Jaccard distance to already-selected = 0.375,130,133,124,15,20.374,105,111,0,,,0.375
GCF_003355515.1,farthest-point: min Jaccard distance to already-selected = 0.371,127,126,115,17,16.808,100,102,0,,,0.371
GCF_000179915.2,farthest-point: min Jaccard distance to already-selected = 0.365,141,134,125,18,20.688,113,109,0,,,0.3653
GCF_008118345.1,farthest-point: min Jaccard distance to already-selected = 0.365,151,139,139,19,40.634,122,113,0,,,0.365
GCF_002005145.1,farthest-point: min Jaccard distance to already-selected = 0.364,142,133,176,18,21.482,114,108,0,,,0.3643
GCF_000507245.1,farthest-point: min Jaccard distance to already-selected = 0.360,141,145,116,17,16.057,114,121,1,,,0.3597
GCF_000284315.1,farthest-point: min Jaccard distance to already-selected = 0.359,127,130,128,18,5.392,99,105,0,,,0.3588
GCF_003143535.1,farthest-point: min Jaccard distance to already-selected = 0.358,134,145,122,18,5.969,106,120,0,,,0.3582
GCF_009649955.1,farthest-point: min Jaccard distance to already-selected = 0.356,143,135,133,17,13.92,114,111,0,,,0.3562
GCF_000014865.1,farthest-point: min Jaccard distance to already-selected = 0.354,145,148,162,18,17.146,117,123,0,,,0.354
GCF_001888165.1,farthest-point: min Jaccard distance to already-selected = 0.354,135,145,152,17,16.426,108,122,0,,,0.3538
GCF_000008945.1,farthest-point: min Jaccard distance to already-selected = 0.354,115,119,85,16,18.672,89,96,0,,,0.3535
GCF_003966365.1,farthest-point: min Jaccard distance to already-selected = 0.353,156,142,139,21,18.505,125,114,0,,,0.3533
GCF_000025725.1,farthest-point: min Jaccard distance to already-selected = 0.353,156,152,169,18,22.553,124,127,0,,,0.3529
GCF_001636925.1,farthest-point: min Jaccard distance to already-selected = 0.352,151,154,143,18,13.124,123,129,0,,,0.3521
GCF_000196355.1,farthest-point: min Jaccard distance to already-selected = 0.350,128,136,132,15,2.388,103,114,0,,,0.3504
GCF_002302535.1,farthest-point: min Jaccard distance to already-selected = 0.350,118,125,91,16,15.041,92,102,0,,,0.35
GCF_000014285.1,farthest-point: min Jaccard distance to already-selected = 0.346,159,150,143,19,19.464,130,124,0,,,0.3457
GCF_000260985.4,farthest-point: min Jaccard distance to already-selected = 0.343,156,151,176,18,6.128,128,126,0,,,0.3431
GCF_000298115.2,farthest-point: min Jaccard distance to already-selected = 0.343,122,125,125,17,17.296,95,101,0,,,0.3429
GCF_002127965.1,farthest-point: min Jaccard distance to already-selected = 0.340,115,122,99,15,12.714,90,100,0,,,0.3396
GCF_000599985.1,farthest-point: min Jaccard distance to already-selected = 0.338,149,140,116,17,17.349,120,116,0,,,0.338
GCF_000143845.1,farthest-point: min Jaccard distance to already-selected = 0.337,126,133,92,17,15.604,99,109,0,,,0.3365
GCF_002951835.1,farthest-point: min Jaccard distance to already-selected = 0.336,146,143,122,19,19.464,117,117,0,,,0.3358
GCF_000600005.1,farthest-point: min Jaccard distance to already-selected = 0.336,153,146,124,20,19.902,123,120,0,,,0.3356
GCF_000266885.1,farthest-point: min Jaccard distance to already-selected = 0.333,147,143,163,16,16.426,121,120,0,,,0.3333
GCF_001610875.1,farthest-point: min Jaccard distance to already-selected = 0.333,161,154,137,19,27.017,132,129,0,,,0.3333
GCF_000195535.1,farthest-point: min Jaccard distance to already-selected = 0.331,144,139,127,17,16.97,117,115,0,,,0.331
GCF_000224745.1,farthest-point: min Jaccard distance to already-selected = 0.329,146,147,139,16,8.864,120,125,0,,,0.3286
GCF_000025185.1,farthest-point: min Jaccard distance to already-selected = 0.326,158,160,156,16,13.92,132,137,0,,,0.3262
GCF_004571195.1,farthest-point: min Jaccard distance to already-selected = 0.326,141,142,107,17,13.135,114,119,0,,,0.3261
GCF_000007945.1,farthest-point: min Jaccard distance to already-selected = 0.326,144,136,99,19,21.991,113,111,0,,,0.3258
GCF_000009905.1,farthest-point: min Jaccard distance to already-selected = 0.326,160,156,202,20,29.604,128,130,0,,,0.3256
GCF_002288005.1,farthest-point: min Jaccard distance to already-selected = 0.323,118,125,98,14,7.442,94,104,0,,,0.3226
GCF_004114615.1,farthest-point: min Jaccard distance to already-selected = 0.322,147,151,133,15,3.77,122,129,0,,,0.3219
GCF_000973725.1,farthest-point: min Jaccard distance to already-selected = 0.321,149,152,185,17,9.655,122,128,0,,,0.3209
GCF_000307165.1,farthest-point: min Jaccard distance to already-selected = 0.320,122,130,94,16,14.275,96,107,0,,,0.32
GCF_000724625.1,farthest-point: min Jaccard distance to already-selected = 0.319,138,133,122,17,15.027,111,109,0,,,0.3185
GCF_001632845.1,farthest-point: min Jaccard distance to already-selected = 0.319,150,149,169,16,10.849,124,126,0,,,0.3185
GCF_001443605.1,farthest-point: min Jaccard distance to already-selected = 0.317,147,148,132,17,23.431,120,124,0,,,0.3172
GCF_000092365.1,farthest-point: min Jaccard distance to already-selected = 0.315,138,136,106,19,25.622,107,110,0,,,0.3145
GCF_000046685.1,farthest-point: min Jaccard distance to already-selected = 0.312,110,116,86,15,2.879,85,95,0,,,0.3119
GCF_000968135.1,farthest-point: min Jaccard distance to already-selected = 0.312,165,162,193,19,24.336,134,136,0,,,0.3118
GCF_001021065.1,farthest-point: min Jaccard distance to already-selected = 0.310,156,138,131,20,38.057,124,111,0,,,0.3095
GCF_002005425.1,farthest-point: min Jaccard distance to already-selected = 0.310,147,143,106,16,9.283,121,120,0,,,0.3095
GCF_005280295.1,farthest-point: min Jaccard distance to already-selected = 0.307,148,138,153,16,3.233,122,115,0,,,0.3067
GCF_000016885.1,farthest-point: min Jaccard distance to already-selected = 0.301,168,155,155,19,18.599,137,129,0,,,0.3007
GCF_000521655.1,farthest-point: min Jaccard distance to already-selected = 0.300,171,166,147,21,38.927,136,138,0,,,0.3
GCF_000023265.1,farthest-point: min Jaccard distance to already-selected = 0.299,135,132,129,15,11.086,110,111,0,,,0.2993
GCF_000828835.1,farthest-point: min Jaccard distance to already-selected = 0.299,158,154,178,18,22.8,128,129,1,,,0.2987
GCF_000010305.1,farthest-point: min Jaccard distance to already-selected = 0.297,143,147,166,18,10.031,115,123,0,,,0.2969
GCF_000253035.1,farthest-point: min Jaccard distance to already-selected = 0.296,147,151,118,18,16.853,119,127,0,,,0.2958
GCF_002302615.1,farthest-point: min Jaccard distance to already-selected = 0.296,133,130,85,19,18.264,104,104,0,,,0.2957
GCF_001544015.1,farthest-point: min Jaccard distance to already-selected = 0.295,157,149,198,16,18.791,129,126,0,,,0.2952
GCF_002007605.1,farthest-point: min Jaccard distance to already-selected = 0.295,157,151,138,17,6.754,130,127,0,,,0.2952
GCF_000284415.1,farthest-point: min Jaccard distance to already-selected = 0.294,147,152,147,16,18.645,121,129,0,,,0.2937
GCF_000725365.1,farthest-point: min Jaccard distance to already-selected = 0.293,153,138,146,20,20.317,123,111,0,,,0.2934
GCF_000016345.1,farthest-point: min Jaccard distance to already-selected = 0.293,158,148,138,17,6.877,131,125,0,,,0.293
GCF_000968535.2,farthest-point: min Jaccard distance to already-selected = 0.293,164,160,180,18,17.118,136,135,0,,,0.2929
GCF_000164695.2,farthest-point: min Jaccard distance to already-selected = 0.293,150,138,111,21,20.317,119,111,0,,,0.2925
GCF_000219105.1,farthest-point: min Jaccard distance to already-selected = 0.292,167,165,188,20,20.317,137,139,1,,,0.2921
GCF_900066015.1,farthest-point: min Jaccard distance to already-selected = 0.292,153,143,168,17,15.531,126,119,0,,,0.2917
