rxn	n_models	frac_models_growth_sensitive	median_growth_span	max_growth_span
rxa45615	1531	0.0	0.0	0.0
rxn00001	5419	0.013471120132865843	0.0	43.641724
rxn00006	3970	0.0	0.0	0.0
rxn00011	5352	0.36434977578475336	0.0	52.72553
rxn00077	5398	0.0	0.0	0.0
rxn00083	2875	0.02052173913043478	0.0	14.131623
rxn00097	5502	0.04616503089785533	0.0	57.43227
rxn00102	150	0.0	0.0	0.0
rxn00122	5476	0.0	0.0	0.0
rxn00147	2809	0.7536489854040583	10.219849	55.901665
rxn00148	5200	0.5353846153846153	0.6655941	66.730774
rxn00151	1826	0.05585980284775466	0.0	43.641724
rxn00157	1858	0.5403659849300323	3.1014194	32.927765
rxn00159	1954	0.6530194472876152	3.50074	74.01247
rxn00160	15	0.0	0.0	0.0
rxn00161	3964	0.5887991927346115	2.147829	74.01247
rxn00162	710	0.5464788732394367	1.3496399	78.512215
rxn00171	4663	0.5751662020158697	1.0997925	35.841984
rxn00172	941	0.19234856535600425	0.0	26.268576
rxn00173	3806	0.5120861797162375	0.30971336	33.574116
rxn00175	3991	0.1112503132047106	0.0	66.730774
rxn00178	4128	0.0012112403100775194	0.0	0.92715836
rxn00199	4535	0.58257993384785	4.936001	82.45581
rxn00206	4908	0.0	0.0	0.0
rxn00216	3552	0.08108108108108109	0.0	45.35019
rxn00224	3214	0.0	0.0	0.0
rxn00225	4186	0.5635451505016722	4.3694134	44.186256
rxn00247	2603	0.7364579331540531	9.425224	78.512215
rxn00248	4034	0.43827466534457116	0.0	86.27455
rxn00250	7	0.0	0.0	0.0
rxn00251	3190	0.7799373040752351	5.5762634	71.36123
rxn00256	4602	0.4708822251195133	0.0	82.45581
rxn00265	799	0.12015018773466833	0.0	64.95986
rxn00285	4352	0.328125	0.0	78.512215
rxn00288	3469	0.046987604496973194	0.0	8.637302
rxn00305	1333	0.0	0.0	0.0
rxn00324	1887	0.0005299417064122947	0.0	0.6315117
rxn00330	2544	0.08411949685534591	0.0	70.96395
rxn00336	2365	0.09048625792811839	0.0	70.96395
rxn00371	2803	0.6617909382804138	4.1350975	28.997025
rxn00379	3762	0.000531632110579479	0.0	3.368946
rxn00392	5186	0.0	0.0	0.0
rxn00441	3788	0.5591341077085533	0.38892746	81.61802
rxn00459	5582	0.6087423862414905	7.078224	78.512215
rxn00499	3535	0.22347949080622348	0.0	49.84755
rxn00500	2180	0.006880733944954129	0.0	9.5667
rxn00506	3655	0.4322845417236662	0.0	23.793606
rxn00507	2492	0.41131621187800965	0.0	21.40863
rxn00512	1887	0.0005299417064122947	0.0	6.3882437
rxn00543	4740	0.570675105485232	1.0484142	35.841984
rxn00544	900	0.022222222222222223	0.0	16.822765
rxn00545	3250	0.1366153846153846	0.0	69.60629
rxn00548	1298	0.30277349768875195	0.0	53.202152
rxn00549	4682	0.6992738146091414	8.736858	69.670715
rxn00558	5378	0.6305317962067684	1.725647	71.53683
rxn00568	2826	0.2767162066525124	0.0	22.489117
rxn00569	2603	0.006146753745678064	0.0	4.011879
rxn00602	2056	0.0	0.0	0.0
rxn00604	3909	0.14709644410335124	0.0	68.21841
rxn00611	5156	0.07447633824670287	0.0	55.33779
rxn00612	5156	0.17940263770364623	0.0	55.33779
rxn00615	4152	0.203757225433526	0.0	73.111435
rxn00616	3842	0.04997397188964081	0.0	8.011337
rxn00623	2469	0.002025111381125962	0.0	2.9955482
rxn00668	2095	0.0	0.0	0.0
rxn00670	3808	0.0	0.0	0.0
rxn00678	99	0.0	0.0	0.0
rxn00747	5562	0.4343761236965121	0.0	73.111435
rxn00748	2116	0.0	0.0	2.6261756e-13
rxn00762	1424	0.0	0.0	0.0
rxn00763	4650	0.0	0.0	0.0
rxn00770	5538	0.0	0.0	0.0
rxn00777	5607	0.6019261637239165	8.611176	87.21121
rxn00779	14	0.07142857142857142	0.0	0.2398262
rxn00781	5582	0.6082049444643497	8.004978	78.512215
rxn00782	358	0.002793296089385475	0.0	0.03466034
rxn00785	5292	0.5175736961451247	0.755043	87.21121
rxn00786	5370	0.12644320297951583	0.0	69.670715
rxn00799	5031	0.6306897237129795	5.829937	86.27455
rxn00868	1542	0.00324254215304799	0.0	0.92715836
rxn00869	2121	0.0023573785950023575	0.0	0.92715836
rxn00871	90	0.0	0.0	0.0
rxn00874	4110	0.0	0.0	0.0
rxn00875	935	0.0	0.0	0.0
rxn00935	1852	0.0032397408207343412	0.0	1.7248306
rxn00974	4747	0.45649884137349905	0.0	82.45581
rxn00985	4186	0.0	0.0	0.0
rxn00990	935	0.0	0.0	0.0
rxn00994	915	0.0	0.0	0.0
rxn00995	377	0.0	0.0	0.0
rxn01057	24	0.0	0.0	0.0
rxn01100	5574	0.6110513096519555	8.127155	78.512215
rxn01106	5585	0.6084153983885408	7.078224	78.512215
rxn01115	3615	0.22627939142461964	0.0	61.427597
rxn01116	5291	0.608958608958609	1.1648865	87.21121
rxn01121	545	0.0	0.0	0.0
rxn01123	2522	0.0	0.0	0.0
rxn01130	377	0.0	0.0	0.0
rxn01187	1298	0.14946070878274267	0.0	69.11635
rxn01200	5292	0.159297052154195	0.0	64.618546
rxn01236	68	0.0	0.0	0.0
rxn01241	5162	0.5147229755908562	0.54239655	78.512215
rxn01274	2667	0.0	0.0	0.0
rxn01275	2759	0.0032620514679231605	0.0	9.375605
rxn01333	4787	0.16335909755588052	0.0	64.618546
rxn01334	5176	0.00019319938176197836	0.0	0.7196312
rxn01343	3247	0.11795503541730828	0.0	69.60629
rxn01387	4535	0.4637265711135612	0.0	82.45581
rxn01388	4747	0.45649884137349905	0.0	82.45581
rxn01452	2541	0.0019677292404565133	0.0	0.92715836
rxn01476	3839	0.14977858817400364	0.0	68.21841
rxn01477	1714	0.29638273045507585	0.0	68.21841
rxn01480	3212	0.0	0.0	0.0
rxn01806	1451	0.1977946243969676	0.0	11.121593
rxn01834	3461	0.0	0.0	0.0
rxn01870	4493	0.0	0.0	0.0
rxn01871	4512	0.40181737588652483	0.0	52.72553
rxn01872	3781	0.34012166093626023	0.0	78.512215
rxn01996	1681	0.0	0.0	0.0
rxn02167	3471	0.0014405070584845865	0.0	0.92715836
rxn02168	804	0.0	0.0	0.0
rxn02314	3850	0.0	0.0	0.0
rxn02342	4510	0.40199556541019954	0.0	52.72553
rxn02376	3788	0.33949313621964095	0.0	78.512215
rxn02480	247	0.0	0.0	0.0
rxn02527	695	0.007194244604316547	0.0	0.92715836
rxn03020	92	0.0	0.0	0.0
rxn03079	235	0.0	0.0	0.0
rxn03085	102	0.0	0.0	0.0
rxn03126	142	0.0	0.0	0.0
rxn03127	95	0.0	0.0	0.0
rxn03240	3446	0.0	0.0	0.0
rxn03249	3566	0.0	0.0	0.0
rxn03250	3446	0.0	0.0	0.0
rxn03643	644	0.0	0.0	0.0
rxn03644	694	0.0	0.0	0.0
rxn03884	3260	0.1558282208588957	0.0	68.21841
rxn04794	1839	0.0	0.0	0.0
rxn05040	4947	0.0	0.0	5.080113e-15
rxn05145	5410	0.6327171903881701	2.4197693	80.502655
rxn05209	5041	0.31938107518349534	0.0	61.07815
rxn05226	3801	0.5716916600894502	2.301571	82.45581
rxn05312	4092	0.5865102639296188	0.7542343	85.70082
rxn05313	2412	0.6807628524046434	3.2664986	61.07815
rxn05319	5683	0.45117015660742565	0.0	51.761948
rxn05466	5683	0.2952665845504135	0.0	22.489117
rxn05467	5683	0.5937005102938588	11.590118	78.512215
rxn05468	5683	0.3397853246524723	0.0	58.66089
rxn05469	5683	0.44518740102058774	0.0	48.77673
rxn05488	5683	0.48002815414393807	0.0	35.84299
rxn05493	1401	0.8265524625267666	3.1475983	85.18174
rxn05528	5229	0.0	0.0	0.0
rxn05559	5683	0.17772303360900932	0.0	32.927765
rxn05561	3163	0.7290546949098957	6.2181854	76.06736
rxn05573	1385	0.3133574007220217	0.0	45.35019
rxn05581	2573	0.16556548775748153	0.0	73.111435
rxn05602	2230	0.3430493273542601	0.0	20.05048
rxn05625	3490	0.0997134670487106	0.0	24.56266
rxn05627	3320	0.056927710843373495	0.0	24.56266
rxn05651	3087	0.0006478781988986071	0.0	3.368946
rxn05759	498	0.0823293172690763	0.0	24.816635
rxn05937	2725	0.045871559633027525	0.0	10.190437
rxn05939	1754	0.1750285062713797	0.0	78.05049
rxn06299	216	0.0	0.0	0.0
rxn06493	4705	0.0	0.0	0.0
rxn06526	2863	0.0	0.0	0.0
rxn06777	3566	0.0	0.0	0.0
rxn07191	86	0.011627906976744186	0.0	7.1790237
rxn08173	5121	0.6705721538761961	18.263603	42.08425
rxn08178	735	0.0013605442176870747	0.0	13.258203
rxn08179	735	0.0	0.0	0.0
rxn08350	5683	0.11103290515572761	0.0	17.183186
rxn08355	656	0.039634146341463415	0.0	6.733429
rxn08428	5683	0.4759809959528418	0.0	35.841984
rxn08518	371	0.8301886792452831	11.075165	16.653389
rxn08527	3469	0.0008648025367541078	0.0	30.104885
rxn08528	3469	0.0011530700490054772	0.0	7.0146484
rxn08556	2620	0.07404580152671755	0.0	16.575058
rxn08557	2619	0.007636502481863307	0.0	0.3478241
rxn08558	2619	0.007636502481863307	0.0	0.3478241
rxn08655	1885	0.09708222811671087	0.0	14.851886
rxn08656	1885	0.0	0.0	4.0849404e-14
rxn08689	5683	0.002639450994193208	0.0	8.1195755
rxn08691	5683	0.012493401372514517	0.0	13.72245
rxn08734	4036	0.34266600594648167	0.0	19.278309
rxn08783	2106	0.060778727445394115	0.0	32.68622
rxn08792	3535	0.06647807637906648	0.0	32.68622
rxn08793	3535	0.009052333804809052	0.0	8.516705
rxn08900	1852	0.1009719222462203	0.0	23.348955
rxn08901	1852	0.003779697624190065	0.0	1.0327473
rxn08966	5683	0.0351926799225761	0.0	11.121593
rxn08971	4222	0.011605873993368073	0.0	8.516705
rxn08975	4222	0.08242539081004263	0.0	32.68622
rxn08976	4222	0.009237328280435813	0.0	7.200531
rxn08977	113	0.08849557522123894	0.0	2.8907585
rxn08999	63	0.031746031746031744	0.0	1.5539169
rxn09001	3190	0.11880877742946709	0.0	16.029205
rxn09003	3217	0.12962387317376436	0.0	9.961416
rxn09004	1997	0.0	0.0	1.0554036e-13
rxn09008	5683	0.058419848671476336	0.0	16.447914
rxn09167	1623	0.7104128157732594	4.699295	32.156456
rxn09174	111	0.0	0.0	0.0
rxn09272	4628	0.10371650821089023	0.0	71.72947
rxn09295	2875	0.24	0.0	12.5198965
rxn09314	481	0.11642411642411643	0.0	17.774578
rxn10114	1689	0.6187092954410894	4.0330544	29.338417
rxn10122	3692	0.27843986998916576	0.0	31.55963
rxn10126	3271	0.07153775603790889	0.0	16.575058
rxn10471	5683	0.0	0.0	0.0
rxn10577	5683	0.01337321837057892	0.0	20.788036
rxn11322	5683	0.0	0.0	0.0
rxn11937	508	0.07874015748031496	0.0	4.584221
rxn13974	1855	0.18328840970350405	0.0	78.05049
rxn14412	2881	0.013189864630336688	0.0	3.7586365
rxn14414	2881	0.08122179798681013	0.0	14.851886
rxn14418	3971	0.061697305464618483	0.0	36.46534
rxn14419	3971	0.22790229161420297	0.0	58.66089
rxn14420	3989	0.05490097768864377	0.0	3.387104
rxn14421	1539	0.08512020792722547	0.0	28.044382
rxn14422	1539	0.08512020792722547	0.0	28.044382
rxn14423	383	0.29765013054830286	0.0	26.12927
rxn14424	383	0.29765013054830286	0.0	26.12927
rxn14425	1695	0.20058997050147492	0.0	46.00256
rxn14426	1695	0.20058997050147492	0.0	46.00256
rxn14427	3303	0.06660611565243718	0.0	16.133476
rxn14428	645	0.26046511627906976	0.0	16.447914
rxn15383	1088	0.0	0.0	0.0
rxn15961	28	0.0	0.0	0.0
rxn15962	177	0.0	0.0	0.0
rxn17445	239	0.0	0.0	0.0
rxn39175	5683	0.0008798169980644026	0.0	0.92715836
rxn39373	1099	0.0	0.0	0.0
rxn40505	319	0.0	0.0	0.0
rxn46184	239	0.0	0.0	0.0
sul00002	493	0.004056795131845842	0.0	3.368946
sul00003	147	0.013605442176870748	0.0	3.368946
sul00004	163	0.012269938650306749	0.0	3.368946
sul00008	1774	0.0016910935738444193	0.0	1.2359619
sul00010	1454	0.32599724896836313	0.0	22.593025
